"UniqueID","startprice.log10","startprice.log10.cut.fctr","startprice.log10.predict.RFE.X.glmnet","startprice.log10.predict.RFE.X.glmnet.err","startprice.log10.predict.RFE.X.glmnet.err.abs","startprice.log10.predict.RFE.X.glmnet.accurate"
10103,2.20411998265592,"(1.3,2.95]",1.84935202097474,-0.35476796168118,0.35476796168118,FALSE
10112,2.40654018043396,"(1.3,2.95]",1.74949568173345,-0.657044498700508,0.657044498700508,FALSE
10120,2.39794000867204,"(1.3,2.95]",1.86696313214773,-0.530976876524308,0.530976876524308,FALSE
10127,2,"(1.3,2.95]",1.61707587946795,-0.382924120532049,0.382924120532049,FALSE
10135,2.35218251811136,"(1.3,2.95]",1.73565692065986,-0.616525597451498,0.616525597451498,FALSE
10182,2,"(1.3,2.95]",1.70851019332302,-0.291489806676982,0.291489806676982,FALSE
10193,2.39794000867204,"(1.3,2.95]",1.64407336503473,-0.753866643637308,0.753866643637308,FALSE
10195,2.30102999566398,"(1.3,2.95]",1.67010650159394,-0.630923494070037,0.630923494070037,FALSE
10199,1.69897000433602,"(1.3,2.95]",1.86862428513844,0.169654280802423,0.169654280802423,FALSE
10241,1.99995656838019,"(1.3,2.95]",0.826376716434531,-1.17357985194566,1.17357985194566,FALSE
10246,2.60205999132796,"(1.3,2.95]",1.92076223001708,-0.681297761310887,0.681297761310887,FALSE
10254,2.36167118521656,"(1.3,2.95]",1.85941973812355,-0.502251447093009,0.502251447093009,FALSE
10261,2.39794000867204,"(1.3,2.95]",1.78328685177453,-0.614653156897504,0.614653156897504,FALSE
10264,2.35218251811136,"(1.3,2.95]",1.73565692065986,-0.616525597451498,0.616525597451498,FALSE
10283,1.30102999566398,"(1.3,2.95]",1.5075692814128,0.206539285748822,0.206539285748822,FALSE
10296,1.95419425181586,"(1.3,2.95]",1.40368492127881,-0.550509330537055,0.550509330537055,FALSE
10299,2.30102999566398,"(1.3,2.95]",1.73131482958732,-0.569715166076658,0.569715166076658,FALSE
10302,2.35218251811136,"(1.3,2.95]",1.68569938489565,-0.666483133215708,0.666483133215708,FALSE
10314,2.69897000433602,"(1.3,2.95]",2.00780407752988,-0.691165926806135,0.691165926806135,FALSE
10347,2.17609125905568,"(1.3,2.95]",1.83673714628604,-0.33935411276964,0.33935411276964,FALSE
10351,2.14612803567824,"(1.3,2.95]",1.74811703042682,-0.398011005251414,0.398011005251414,FALSE
10383,2.42316392385035,"(1.3,2.95]",1.06199924506616,-1.36116467878419,1.36116467878419,FALSE
10404,2.25285303097989,"(1.3,2.95]",2.62648516884258,0.373632137862692,0.373632137862692,FALSE
10413,2.07918124604762,"(1.3,2.95]",1.84757222421997,-0.231609021827659,0.231609021827659,FALSE
10416,1.95419425181586,"(1.3,2.95]",1.29826260458009,-0.655931647235774,0.655931647235774,FALSE
10423,2.54406804435028,"(1.3,2.95]",1.76169005721908,-0.782377987131196,0.782377987131196,FALSE
10455,2.27875360095283,"(1.3,2.95]",1.80823608516285,-0.470517515789981,0.470517515789981,FALSE
10472,2.30102999566398,"(1.3,2.95]",1.73131482958732,-0.569715166076658,0.569715166076658,FALSE
10473,2.39619934709574,"(1.3,2.95]",2.75514021801699,0.358940870921253,0.358940870921253,FALSE
10488,1.60205999132796,"(1.3,2.95]",1.74530283243097,0.143242841103012,0.143242841103012,FALSE
10489,2,"(1.3,2.95]",1.68408880847479,-0.315911191525213,0.315911191525213,FALSE
10491,0.698970004336019,"(-0.352,1.3]",1.6453997153226,0.946429710986582,0.946429710986582,FALSE
10495,2.20409283840254,"(1.3,2.95]",1.31225060742374,-0.891842230978799,0.891842230978799,FALSE
10504,2.17609125905568,"(1.3,2.95]",1.74811703042682,-0.427974228628857,0.427974228628857,FALSE
10526,1.83884909073726,"(1.3,2.95]",2.43259106950886,0.593741978771609,0.593741978771609,FALSE
10527,2.47712125471966,"(1.3,2.95]",1.73565692065986,-0.741464334059798,0.741464334059798,FALSE
10528,2.17318626841227,"(1.3,2.95]",2.56966091464389,0.396474646231614,0.396474646231614,FALSE
10529,2.17609125905568,"(1.3,2.95]",1.67577087915733,-0.500320379898356,0.500320379898356,FALSE
10532,2.35214391244158,"(1.3,2.95]",1.08444355582204,-1.26770035661954,1.26770035661954,FALSE
10541,2.60205999132796,"(1.3,2.95]",1.92076223001708,-0.681297761310887,0.681297761310887,FALSE
10564,1.97772360528885,"(1.3,2.95]",1.78543144889854,-0.192292156390306,0.192292156390306,FALSE
10567,2.09691001300806,"(1.3,2.95]",1.79735865139001,-0.29955136161805,0.29955136161805,FALSE
10569,2.17609125905568,"(1.3,2.95]",1.74811703042682,-0.427974228628857,0.427974228628857,FALSE
10581,1.8750612633917,"(1.3,2.95]",1.47830942114843,-0.396751842243274,0.396751842243274,FALSE
10595,2.05307844348342,"(1.3,2.95]",1.83673714628604,-0.216341297197378,0.216341297197378,FALSE
10602,2.43933269383026,"(1.3,2.95]",1.70785762226007,-0.731475071570196,0.731475071570196,FALSE
10603,1.97767788767399,"(1.3,2.95]",0.612452313528235,-1.36522557414576,1.36522557414576,FALSE
10607,2.32221929473392,"(1.3,2.95]",1.88633378362794,-0.435885511105977,0.435885511105977,FALSE
10619,2.59659709562646,"(1.3,2.95]",2.0490404102985,-0.547556685327957,0.547556685327957,FALSE
10628,2.24303804868629,"(1.3,2.95]",1.74811703042682,-0.49492101825947,0.49492101825947,FALSE
10648,1.9030356967885,"(1.3,2.95]",1.82237238561182,-0.0806633111766775,0.0806633111766775,FALSE
10658,2,"(1.3,2.95]",1.61707587946795,-0.382924120532049,0.382924120532049,FALSE
10671,2.60205999132796,"(1.3,2.95]",1.79191604308077,-0.810143948247195,0.810143948247195,FALSE
10673,2.25524837696186,"(1.3,2.95]",1.31506480541959,-0.940183571542267,0.940183571542267,FALSE
10680,2.38019314573119,"(1.3,2.95]",1.50156184672554,-0.878631299005652,0.878631299005652,FALSE
10683,2.14612803567824,"(1.3,2.95]",1.67892361943084,-0.467204416247395,0.467204416247395,FALSE
10687,1.90308998699194,"(1.3,2.95]",1.49850296002218,-0.404587026969764,0.404587026969764,FALSE
10691,2.65320286267962,"(1.3,2.95]",1.25016796623289,-1.40303489644673,1.40303489644673,FALSE
10695,2.24303804868629,"(1.3,2.95]",1.82883994079612,-0.414198107890177,0.414198107890177,FALSE
10705,2.32221929473392,"(1.3,2.95]",1.77318168900288,-0.549037605731042,0.549037605731042,FALSE
10706,2.17609125905568,"(1.3,2.95]",1.69165452397756,-0.484436735078118,0.484436735078118,FALSE
10722,2.38909517335419,"(1.3,2.95]",1.07492547460083,-1.31416969875335,1.31416969875335,FALSE
10731,2.66181268553726,"(1.3,2.95]",2.91914475809103,0.257332072553771,0.257332072553771,FALSE
10738,2.54406804435028,"(1.3,2.95]",2.17921784772796,-0.364850196622316,0.364850196622316,FALSE
10741,2.30096484660539,"(1.3,2.95]",2.09061567872696,-0.210349167878435,0.210349167878435,FALSE
10743,1.95424250943932,"(1.3,2.95]",1.78543144889854,-0.168811060540783,0.168811060540783,FALSE
10748,2.54406804435028,"(1.3,2.95]",1.51170637733295,-1.03236166701733,1.03236166701733,FALSE
10752,2.42324587393681,"(1.3,2.95]",1.69734453285354,-0.725901341083265,0.725901341083265,FALSE
10760,2.17609125905568,"(1.3,2.95]",1.83673714628604,-0.33935411276964,0.33935411276964,FALSE
10762,2.65320286267962,"(1.3,2.95]",1.39929245493655,-1.25391040774307,1.25391040774307,FALSE
10766,2.29885307640971,"(1.3,2.95]",2.73103162323605,0.432178546826348,0.432178546826348,FALSE
10774,2.42496326326074,"(1.3,2.95]",1.82932791616201,-0.595635347098733,0.595635347098733,FALSE
10785,2.2148438480477,"(1.3,2.95]",1.74811703042682,-0.466726817620874,0.466726817620874,FALSE
10786,2.39785314108861,"(1.3,2.95]",1.89621237723151,-0.501640763857101,0.501640763857101,FALSE
10791,2.59659709562646,"(1.3,2.95]",2.01693823239241,-0.579658863234049,0.579658863234049,FALSE
10793,2.90308998699194,"(1.3,2.95]",2.08666941368284,-0.816420573309104,0.816420573309104,FALSE
10801,2.25527250510331,"(1.3,2.95]",1.61707587946795,-0.638196625635355,0.638196625635355,FALSE
10828,2.39788789020704,"(1.3,2.95]",1.71776140174181,-0.680126488465232,0.680126488465232,FALSE
10836,2.09691001300806,"(1.3,2.95]",1.61923750640085,-0.477672506607207,0.477672506607207,FALSE
10841,1.9030356967885,"(1.3,2.95]",1.44424757527555,-0.458788121512947,0.458788121512947,FALSE
10867,2.69897000433602,"(1.3,2.95]",1.95098821587876,-0.747981788457255,0.747981788457255,FALSE
10879,2.16136800223497,"(1.3,2.95]",1.79929193611513,-0.362076066119841,0.362076066119841,FALSE
10895,2.4148898217696,"(1.3,2.95]",2.08408894478337,-0.330800876986232,0.330800876986232,FALSE
10900,2.47712125471966,"(1.3,2.95]",1.33782065735652,-1.13930059736315,1.13930059736315,FALSE
10904,2.39788789020704,"(1.3,2.95]",1.86792353620164,-0.529964354005398,0.529964354005398,FALSE
10908,2.69897000433602,"(1.3,2.95]",2.20944383358965,-0.489526170746371,0.489526170746371,FALSE
10917,2.25524837696186,"(1.3,2.95]",1.22363049156452,-1.03161788539733,1.03161788539733,FALSE
10922,2.30102999566398,"(1.3,2.95]",1.83673714628604,-0.46429284937794,0.46429284937794,FALSE
10929,2.37839790094814,"(1.3,2.95]",2.55398262045855,0.175584719510414,0.175584719510414,FALSE
10938,2.35983548233989,"(1.3,2.95]",2.58958193591202,0.229746453572131,0.229746453572131,FALSE
10939,2.66274839039456,"(1.3,2.95]",1.39929245493655,-1.26345593545801,1.26345593545801,FALSE
10941,2.17603334926402,"(1.3,2.95]",1.72789693113553,-0.448136418128497,0.448136418128497,FALSE
10952,2.17609125905568,"(1.3,2.95]",1.44525676056894,-0.730834498486737,0.730834498486737,FALSE
10955,1.84509804001426,"(1.3,2.95]",1.70851019332302,-0.136587846691239,0.136587846691239,FALSE
10960,2.69810054562339,"(1.3,2.95]",2.82549482034625,0.127394274722856,0.127394274722856,FALSE
10967,2.6020491338302,"(1.3,2.95]",1.56734802801141,-1.03470110581879,1.03470110581879,FALSE
10970,2.41495664401567,"(1.3,2.95]",1.30189716339272,-1.11305948062294,1.11305948062294,FALSE
10972,2.301008280397,"(1.3,2.95]",1.22333955014247,-1.07766873025453,1.07766873025453,FALSE
10973,2.25527250510331,"(1.3,2.95]",1.84757222421997,-0.407700280883341,0.407700280883341,FALSE
10979,2.74035479315915,"(1.3,2.95]",1.74616562272072,-0.994189170438427,0.994189170438427,FALSE
10992,2.04139268515822,"(1.3,2.95]",1.76365019880759,-0.277742486350633,0.277742486350633,FALSE
11000,2.74036268949424,"(1.3,2.95]",1.80100457389204,-0.939358115602201,0.939358115602201,FALSE
11004,2.23042337389264,"(1.3,2.95]",1.16317392851072,-1.06724944538192,1.06724944538192,FALSE
11006,2.53019969820308,"(1.3,2.95]",2.68448559529229,0.154285897089205,0.154285897089205,FALSE
11009,2.11394335230684,"(1.3,2.95]",1.59677707310645,-0.517166279200391,0.517166279200391,FALSE
11016,2.34242268082221,"(1.3,2.95]",1.59961899183892,-0.742803688983284,0.742803688983284,FALSE
11024,2.47562761144108,"(1.3,2.95]",1.23602092043981,-1.23960669100127,1.23960669100127,FALSE
11033,2.18184358794477,"(1.3,2.95]",1.74811703042682,-0.433726557517948,0.433726557517948,FALSE
11052,2.25527250510331,"(1.3,2.95]",1.61707587946795,-0.638196625635355,0.638196625635355,FALSE
11065,2.63345835559047,"(1.3,2.95]",1.62339120281392,-1.01006715277655,1.01006715277655,FALSE
11067,2.74035479315915,"(1.3,2.95]",1.62339120281392,-1.11696359034523,1.11696359034523,FALSE
11072,2.29885307640971,"(1.3,2.95]",2.68022733278329,0.381374256373581,0.381374256373581,FALSE
11078,2.35218251811136,"(1.3,2.95]",1.53124101641039,-0.820941501700972,0.820941501700972,FALSE
11092,2.29885307640971,"(1.3,2.95]",2.68022733278329,0.381374256373581,0.381374256373581,FALSE
11095,2.54405563575924,"(1.3,2.95]",1.46886884870031,-1.07518678705893,1.07518678705893,FALSE
11097,2.47712125471966,"(1.3,2.95]",1.74822207304347,-0.728899181676193,0.728899181676193,FALSE
11121,2.63041770407497,"(1.3,2.95]",0.435069072039108,-2.19534863203586,2.19534863203586,FALSE
11127,2.17609125905568,"(1.3,2.95]",1.91779753956113,-0.25829371949455,0.25829371949455,FALSE
11138,2.41329976408125,"(1.3,2.95]",2.50075874717854,0.0874589830972887,0.0874589830972887,FALSE
11139,2.17600439147225,"(1.3,2.95]",1.83769755033995,-0.3383068411323,0.3383068411323,FALSE
11156,2.47710677799565,"(1.3,2.95]",1.79174677224451,-0.685360005751143,0.685360005751143,FALSE
11157,2.21748394421391,"(1.3,2.95]",1.74811703042682,-0.469366913787082,0.469366913787082,FALSE
11166,2.47710677799565,"(1.3,2.95]",1.31205000011235,-1.1650567778833,1.1650567778833,FALSE
11175,2.46239799789896,"(1.3,2.95]",1.31321342489312,-1.14918457300584,1.14918457300584,FALSE
11181,2.20409283840254,"(1.3,2.95]",1.40368492127881,-0.800407917123732,0.800407917123732,FALSE
11195,2.39794000867204,"(1.3,2.95]",1.44728725243921,-0.950652756232826,0.950652756232826,FALSE
11216,2.47712125471966,"(1.3,2.95]",1.80100457389204,-0.67611668082762,0.67611668082762,FALSE
11221,2.4456042032736,"(1.3,2.95]",2.56495940511057,0.119355201836973,0.119355201836973,FALSE
11223,2.25285303097989,"(1.3,2.95]",2.57513637457862,0.32228334359873,0.32228334359873,FALSE
11232,2.30102999566398,"(1.3,2.95]",1.74811703042682,-0.552912965237157,0.552912965237157,FALSE
11237,2.39794000867204,"(1.3,2.95]",1.83673714628604,-0.561202862385996,0.561202862385996,FALSE
11239,1.99563519459755,"(1.3,2.95]",2.7075744159088,0.711939221311248,0.711939221311248,FALSE
11243,2,"(1.3,2.95]",1.79929193611513,-0.200708063884866,0.200708063884866,FALSE
11250,0.999565488225982,"(-0.352,1.3]",1.25642492806692,0.25685943984094,0.25685943984094,FALSE
11258,2.17609125905568,"(1.3,2.95]",1.70785762226007,-0.468233636795614,0.468233636795614,FALSE
11262,2.75966784468963,"(1.3,2.95]",2.05644342782115,-0.703224416868478,0.703224416868478,FALSE
11274,2.71180722904119,"(1.3,2.95]",2.09217600021515,-0.61963122882604,0.61963122882604,FALSE
11278,2.47712125471966,"(1.3,2.95]",1.83673714628604,-0.640384108433621,0.640384108433621,FALSE
11285,2.50514997831991,"(1.3,2.95]",1.74530283243097,-0.759847145888932,0.759847145888932,FALSE
11307,2.17603334926402,"(1.3,2.95]",1.95020148091567,-0.225831868348355,0.225831868348355,FALSE
11311,2.36163341391006,"(1.3,2.95]",1.9379556838114,-0.423677730098657,0.423677730098657,FALSE
11321,2.77815125038364,"(1.3,2.95]",2.20944383358965,-0.568707416793996,0.568707416793996,FALSE
11325,2.54406804435028,"(1.3,2.95]",1.91207242699863,-0.631995617351649,0.631995617351649,FALSE
11329,2.64836001098093,"(1.3,2.95]",1.77409466907699,-0.874265341903946,0.874265341903946,FALSE
11335,2.34242268082221,"(1.3,2.95]",1.7802711059195,-0.56215157490271,0.56215157490271,FALSE
11346,2.33243845991561,"(1.3,2.95]",1.74530283243097,-0.587135627484631,0.587135627484631,FALSE
11349,2.24303804868629,"(1.3,2.95]",1.74811703042682,-0.49492101825947,0.49492101825947,FALSE
11360,2.30102999566398,"(1.3,2.95]",1.6190368202279,-0.681993175436085,0.681993175436085,FALSE
11377,2.4983105537896,"(1.3,2.95]",1.84757222421997,-0.650738329569635,0.650738329569635,FALSE
11386,2.17609125905568,"(1.3,2.95]",1.70785762226007,-0.468233636795614,0.468233636795614,FALSE
11391,1.30102999566398,"(1.3,2.95]",1.72424484704817,0.423214851384191,0.423214851384191,FALSE
11409,2.65321251377534,"(1.3,2.95]",1.92076223001708,-0.732450283758268,0.732450283758268,FALSE
11411,2.47712125471966,"(1.3,2.95]",1.90543694758942,-0.571684307130246,0.571684307130246,FALSE
11419,2.84509804001426,"(1.3,2.95]",1.70785762226007,-1.13724041775419,1.13724041775419,FALSE
11432,2,"(1.3,2.95]",1.31284829064213,-0.687151709357866,0.687151709357866,FALSE
11437,2.25527250510331,"(1.3,2.95]",1.70785762226007,-0.547414882843239,0.547414882843239,FALSE
11471,-0.00436480540245009,"(-0.352,1.3]",0.48370358120145,0.4880683866039,0.4880683866039,FALSE
11472,2.33243845991561,"(1.3,2.95]",1.73010477380568,-0.602333686109922,0.602333686109922,FALSE
11478,2.57403126772772,"(1.3,2.95]",1.83673714628604,-0.737294121441677,0.737294121441677,FALSE
11482,2.42324587393681,"(1.3,2.95]",1.74243043044538,-0.680815443491426,0.680815443491426,FALSE
11484,2.65321251377534,"(1.3,2.95]",1.81012701404906,-0.843085499726285,0.843085499726285,FALSE
11485,2.77814401208196,"(1.3,2.95]",1.65908233822221,-1.11906167385975,1.11906167385975,FALSE
11486,2.86331691084023,"(1.3,2.95]",1.74616562272072,-1.1171512881195,1.1171512881195,FALSE
11488,2.86331691084023,"(1.3,2.95]",1.49072676879162,-1.37259014204861,1.37259014204861,FALSE
11489,2.69896131835952,"(1.3,2.95]",1.5363079183154,-1.16265340004412,1.16265340004412,FALSE
11491,2.69896131835952,"(1.3,2.95]",1.65908233822221,-1.03987898013731,1.03987898013731,FALSE
11492,2.77814401208196,"(1.3,2.95]",1.65908233822221,-1.11906167385975,1.11906167385975,FALSE
11493,2.86331691084023,"(1.3,2.95]",1.49072676879162,-1.37259014204861,1.37259014204861,FALSE
11494,2.54406804435028,"(1.3,2.95]",1.9977542446962,-0.546313799654071,0.546313799654071,FALSE
11496,2.54406804435028,"(1.3,2.95]",1.88633378362794,-0.657734260722333,0.657734260722333,FALSE
11506,2.16121821969102,"(1.3,2.95]",1.23591808425721,-0.925300135433807,0.925300135433807,FALSE
11593,1.77815125038364,"(1.3,2.95]",1.51555824332444,-0.2625930070592,0.2625930070592,FALSE
11602,2.07914505333275,"(1.3,2.95]",1.0450608081463,-1.03408424518645,1.03408424518645,FALSE
11622,1.47712125471966,"(1.3,2.95]",1.38733129036142,-0.089789964358242,0.089789964358242,FALSE
11626,2.06066007397401,"(1.3,2.95]",0.25114479409907,-1.80951527987494,1.80951527987494,FALSE
11639,2.07914505333275,"(1.3,2.95]",1.08250601831721,-0.996639035015539,0.996639035015539,FALSE
11644,1.90308998699194,"(1.3,2.95]",1.42693812746523,-0.476151859526717,0.476151859526717,FALSE
11651,2.25524837696186,"(1.3,2.95]",1.01148404412232,-1.24376433283954,1.24376433283954,FALSE
11674,1.65321251377534,"(1.3,2.95]",1.51555824332444,-0.1376542704509,0.1376542704509,FALSE
11683,2.17603334926402,"(1.3,2.95]",1.4286405378098,-0.747392811454227,0.747392811454227,FALSE
11685,2.20411998265592,"(1.3,2.95]",1.46701822876136,-0.737101753894564,0.737101753894564,FALSE
11691,-0.00436480540245009,"(-0.352,1.3]",0.167678567346616,0.172043372749066,0.172043372749066,FALSE
11693,2.35216321570544,"(1.3,2.95]",0.178714733791765,-2.17344848191368,2.17344848191368,FALSE
11699,1.99995656838019,"(1.3,2.95]",1.229803602365,-0.770152966015194,0.770152966015194,FALSE
11700,1.30081279411812,"(1.3,2.95]",1.72045689180914,0.41964409769102,0.41964409769102,FALSE
11704,1.99978279845414,"(1.3,2.95]",1.92625767141064,-0.0735251270434996,0.0735251270434996,FALSE
11712,1.6232492903979,"(1.3,2.95]",1.60699255717951,-0.0162567332183894,0.0162567332183894,FALSE
11713,2.17609125905568,"(1.3,2.95]",1.44509278858711,-0.730998470468566,0.730998470468566,FALSE
11718,2,"(1.3,2.95]",1.24629247034634,-0.753707529653662,0.753707529653662,FALSE
11741,1.99995656838019,"(1.3,2.95]",1.2508615877478,-0.749094980632391,0.749094980632391,FALSE
11746,2.19309675807227,"(1.3,2.95]",0.267532018887175,-1.92556473918509,1.92556473918509,FALSE
11748,1.81291335664286,"(1.3,2.95]",1.59274630417242,-0.220167052470436,0.220167052470436,FALSE
11765,2.69897000433602,"(1.3,2.95]",1.47811303315354,-1.22085697118248,1.22085697118248,FALSE
11769,1.39794000867204,"(1.3,2.95]",1.60699255717951,0.209052548507473,0.209052548507473,FALSE
11777,2.51188336097887,"(1.3,2.95]",1.88633378362794,-0.625549577350932,0.625549577350932,FALSE
11796,1.90308998699194,"(1.3,2.95]",1.70785762226007,-0.195232364731877,0.195232364731877,FALSE
11836,1.71808629478309,"(1.3,2.95]",1.70785762226007,-0.0102286725230247,0.0102286725230247,FALSE
11865,2,"(1.3,2.95]",1.74530283243097,-0.254697167569026,0.254697167569026,FALSE
11871,1.8750612633917,"(1.3,2.95]",1.61707587946795,-0.257985383923749,0.257985383923749,FALSE
11875,2.17609125905568,"(1.3,2.95]",1.73131482958732,-0.444776429468358,0.444776429468358,FALSE
11877,2.39794000867204,"(1.3,2.95]",1.87779821008165,-0.520141798590384,0.520141798590384,FALSE
11878,2.39794000867204,"(1.3,2.95]",1.3598007499559,-1.03813925871613,1.03813925871613,FALSE
11881,2.46089784275655,"(1.3,2.95]",2.67893344843811,0.218035605681557,0.218035605681557,FALSE
11891,-2,"(-2,-0.352]",1.6442226068048,3.6442226068048,3.6442226068048,FALSE
11893,2.39794000867204,"(1.3,2.95]",1.3598007499559,-1.03813925871613,1.03813925871613,FALSE
11901,2.301008280397,"(1.3,2.95]",1.49463640711971,-0.806371873277285,0.806371873277285,FALSE
11902,2.301008280397,"(1.3,2.95]",1.60932908944055,-0.691679190956449,0.691679190956449,FALSE
11906,1.39794000867204,"(1.3,2.95]",1.61707587946795,0.219135870795913,0.219135870795913,FALSE
11913,1.69897000433602,"(1.3,2.95]",1.70851019332302,0.00954018898699927,0.00954018898699927,FALSE
11914,2.30102999566398,"(1.3,2.95]",1.44172781466811,-0.859302180995873,0.859302180995873,FALSE
11918,2,"(1.3,2.95]",1.1971283119809,-0.8028716880191,0.8028716880191,FALSE
11922,1.84198480459011,"(1.3,2.95]",2.50046491959025,0.658480115000134,0.658480115000134,FALSE
11923,0,"(-0.352,1.3]",2.00780407752988,2.00780407752988,2.00780407752988,FALSE
11924,2.43933269383026,"(1.3,2.95]",1.60243530556135,-0.836897388268914,0.836897388268914,FALSE
11925,-0.00436480540245009,"(-0.352,1.3]",0.486327597939414,0.490692403341864,0.490692403341864,FALSE
11927,1.99995656838019,"(1.3,2.95]",1.5720404907094,-0.427916077670794,0.427916077670794,FALSE
11930,-0.00436480540245009,"(-0.352,1.3]",0.392269267346383,0.396634072748833,0.396634072748833,FALSE
11933,2.25527250510331,"(1.3,2.95]",1.84757222421997,-0.407700280883341,0.407700280883341,FALSE
11937,1.69897000433602,"(1.3,2.95]",1.70851019332302,0.00954018898699927,0.00954018898699927,FALSE
11938,2.36172783601759,"(1.3,2.95]",1.45666514843748,-0.90506268758011,0.90506268758011,FALSE
11940,2.24303804868629,"(1.3,2.95]",1.73131482958732,-0.511723219098971,0.511723219098971,FALSE
11941,2.41497334797082,"(1.3,2.95]",1.85312437107415,-0.561848976896671,0.561848976896671,FALSE
11942,1.90308998699194,"(1.3,2.95]",1.64620347916907,-0.256886507822877,0.256886507822877,FALSE
11944,2,"(1.3,2.95]",1.79663217252917,-0.203367827470825,0.203367827470825,FALSE
11945,-0.00436480540245009,"(-0.352,1.3]",0.24432751867272,0.24869232407517,0.24869232407517,FALSE
11946,1.99995656838019,"(1.3,2.95]",1.48060617685433,-0.519350391525861,0.519350391525861,FALSE
11947,-0.00436480540245009,"(-0.352,1.3]",0.460283400611877,0.464648206014327,0.464648206014327,FALSE
11949,1.8750612633917,"(1.3,2.95]",1.74811703042682,-0.126944232964876,0.126944232964876,FALSE
11950,2.07918124604762,"(1.3,2.95]",1.92377899379885,-0.155402252248775,0.155402252248775,FALSE
11953,-0.346787486224656,"(-0.352,1.3]",1.92377899379885,2.27056648002351,2.27056648002351,FALSE
11955,1.89762709129044,"(1.3,2.95]",2.49296408657529,0.595336995284848,0.595336995284848,FALSE
11956,-0.00436480540245009,"(-0.352,1.3]",0.392269267346383,0.396634072748833,0.396634072748833,FALSE
11957,2.17609125905568,"(1.3,2.95]",1.7365388449825,-0.439552414073177,0.439552414073177,FALSE
11959,1.99563519459755,"(1.3,2.95]",2.67871159752002,0.683076402922474,0.683076402922474,FALSE
11960,1.87215627274829,"(1.3,2.95]",1.54033042843252,-0.331825844315777,0.331825844315777,FALSE
11961,1.81284653696707,"(1.3,2.95]",0.823051385970614,-0.989795150996457,0.989795150996457,FALSE
11966,1.81291335664286,"(1.3,2.95]",1.67984371066203,-0.133069645980827,0.133069645980827,FALSE
11967,2,"(1.3,2.95]",1.74811703042682,-0.251882969573176,0.251882969573176,FALSE
11968,2.38021124171161,"(1.3,2.95]",1.92076223001708,-0.459449011694531,0.459449011694531,FALSE
11969,1.95424250943932,"(1.3,2.95]",1.78543144889854,-0.168811060540783,0.168811060540783,FALSE
11970,2,"(1.3,2.95]",1.67282692274463,-0.327173077255368,0.327173077255368,FALSE
11971,2.17609125905568,"(1.3,2.95]",1.74811703042682,-0.427974228628857,0.427974228628857,FALSE
11972,1.95419425181586,"(1.3,2.95]",1.31506480541959,-0.639129446396273,0.639129446396273,FALSE
11973,-0.00436480540245009,"(-0.352,1.3]",0.0484048831149152,0.0527696885173653,0.0527696885173653,FALSE
11974,-2,"(-2,-0.352]",2.08778353387289,4.08778353387289,4.08778353387289,FALSE
11975,1.69010743945633,"(1.3,2.95]",0.401598331387795,-1.28850910806854,1.28850910806854,FALSE
11976,2.35218251811136,"(1.3,2.95]",1.73010477380568,-0.62207774430568,0.62207774430568,FALSE
11977,1.84509804001426,"(1.3,2.95]",1.70080801016107,-0.144290029853187,0.144290029853187,FALSE
11978,2.28780172993023,"(1.3,2.95]",1.9466985857191,-0.341103144211122,0.341103144211122,FALSE
11979,0,"(-0.352,1.3]",1.70851019332302,1.70851019332302,1.70851019332302,FALSE
11980,2.11058971029925,"(1.3,2.95]",2.64536385795249,0.53477414765324,0.53477414765324,FALSE
11981,1.95424250943932,"(1.3,2.95]",2.00509271571663,0.0508502062773084,0.0508502062773084,FALSE
11982,1.90308998699194,"(1.3,2.95]",1.49151402042874,-0.411575966563201,0.411575966563201,FALSE
11983,0,"(-0.352,1.3]",1.65668271657176,1.65668271657176,1.65668271657176,FALSE
11984,2.14301480025409,"(1.3,2.95]",2.92353722443329,0.780522424179196,0.780522424179196,FALSE
11985,-0.00436480540245009,"(-0.352,1.3]",0.392269267346383,0.396634072748833,0.396634072748833,FALSE
11987,2,"(1.3,2.95]",1.73131482958732,-0.268685170412677,0.268685170412677,FALSE
11989,-0.00436480540245009,"(-0.352,1.3]",0.572323697060667,0.576688502463117,0.576688502463117,FALSE
11990,2,"(1.3,2.95]",1.74530283243097,-0.254697167569026,0.254697167569026,FALSE
11991,1.69897000433602,"(1.3,2.95]",1.70851019332302,0.00954018898699927,0.00954018898699927,FALSE
11992,2.17609125905568,"(1.3,2.95]",1.83234467994378,-0.343746579111899,0.343746579111899,FALSE
11993,0,"(-0.352,1.3]",1.22735429784259,1.22735429784259,1.22735429784259,FALSE
11995,2.29885307640971,"(1.3,2.95]",2.83645393993477,0.537600863525066,0.537600863525066,FALSE
11996,1.97772360528885,"(1.3,2.95]",1.7581741378264,-0.219549467462449,0.219549467462449,FALSE
11997,2.74036268949424,"(1.3,2.95]",2.12240198607684,-0.617960703417405,0.617960703417405,FALSE
12000,2,"(1.3,2.95]",1.74811703042682,-0.251882969573176,0.251882969573176,FALSE
12001,1.92941892571429,"(1.3,2.95]",1.58625578311126,-0.343163142603031,0.343163142603031,FALSE
12002,-1,"(-2,-0.352]",1.8168168317302,2.8168168317302,2.8168168317302,FALSE
12003,-0.00436480540245009,"(-0.352,1.3]",0.355608430045297,0.359973235447748,0.359973235447748,FALSE
12004,1.69897000433602,"(1.3,2.95]",1.51757606446791,-0.181393939868111,0.181393939868111,FALSE
12005,1.69888313675259,"(1.3,2.95]",1.41451999921273,-0.284363137539859,0.284363137539859,FALSE
12006,2.11390994375404,"(1.3,2.95]",1.332176429172,-0.781733514582041,0.781733514582041,FALSE
12007,1.99563519459755,"(1.3,2.95]",2.74783382407556,0.752198629478006,0.752198629478006,FALSE
12008,2.47712125471966,"(1.3,2.95]",1.79489946977288,-0.682221784946787,0.682221784946787,FALSE
12009,2.17609125905568,"(1.3,2.95]",1.72160758902209,-0.454483670033587,0.454483670033587,FALSE
12010,-0.00877392430750515,"(-0.352,1.3]",0.857594521819794,0.8663684461273,0.8663684461273,FALSE
12011,-0.00436480540245009,"(-0.352,1.3]",0.572323697060667,0.576688502463117,0.576688502463117,FALSE
12015,1.92941892571429,"(1.3,2.95]",1.58625578311126,-0.343163142603031,0.343163142603031,FALSE
12017,0,"(-0.352,1.3]",1.70851019332302,1.70851019332302,1.70851019332302,FALSE
12018,-0.00436480540245009,"(-0.352,1.3]",0.352662430242576,0.357027235645026,0.357027235645026,FALSE
12019,1.92941892571429,"(1.3,2.95]",1.74811703042682,-0.181301895287468,0.181301895287468,FALSE
12020,1.84509804001426,"(1.3,2.95]",1.70851019332302,-0.136587846691239,0.136587846691239,FALSE
12021,1.84509804001426,"(1.3,2.95]",1.74811703042682,-0.0969810095874326,0.0969810095874326,FALSE
12022,1.60205999132796,"(1.3,2.95]",1.70851019332302,0.106450201995056,0.106450201995056,FALSE
12023,1.30081279411812,"(1.3,2.95]",1.74195228770927,0.441139493591152,0.441139493591152,FALSE
12025,1,"(-0.352,1.3]",1.68597339993089,0.685973399930892,0.685973399930892,FALSE
12026,0,"(-0.352,1.3]",1.63988051573226,1.63988051573226,1.63988051573226,FALSE
12027,0,"(-0.352,1.3]",1.61707587946795,1.61707587946795,1.61707587946795,FALSE
12028,2.46239799789896,"(1.3,2.95]",1.82007420309145,-0.642323794807502,0.642323794807502,FALSE
12029,2.17609125905568,"(1.3,2.95]",1.69536450643521,-0.480726752620472,0.480726752620472,FALSE
12030,-0.00436480540245009,"(-0.352,1.3]",0.444096744097644,0.448461549500094,0.448461549500094,FALSE
12031,0,"(-0.352,1.3]",2.0045588448355,2.0045588448355,2.0045588448355,FALSE
12032,2.41495664401567,"(1.3,2.95]",1.48771000500984,-0.927246639005826,0.927246639005826,FALSE
12033,2.25527250510331,"(1.3,2.95]",1.74811703042682,-0.507155474676482,0.507155474676482,FALSE
12034,2.45939248775923,"(1.3,2.95]",1.92076223001708,-0.538630257742156,0.538630257742156,FALSE
12039,2.17609125905568,"(1.3,2.95]",1.83673714628604,-0.33935411276964,0.33935411276964,FALSE
12041,2.17609125905568,"(1.3,2.95]",1.83673714628604,-0.33935411276964,0.33935411276964,FALSE
12042,2.07918124604762,"(1.3,2.95]",1.60692703067154,-0.472254215376087,0.472254215376087,FALSE
12044,1.96848294855394,"(1.3,2.95]",1.75948705768965,-0.208995890864287,0.208995890864287,FALSE
12045,2.65321251377534,"(1.3,2.95]",2.17921784772796,-0.473994666047384,0.473994666047384,FALSE
12046,2.14301480025409,"(1.3,2.95]",2.4880439407899,0.345029140535802,0.345029140535802,FALSE
12048,1.87500335360004,"(1.3,2.95]",1.02805851390541,-0.84694483969463,0.84694483969463,FALSE
12049,1.30102999566398,"(1.3,2.95]",1.74811703042682,0.447087034762843,0.447087034762843,FALSE
12051,1.39794000867204,"(1.3,2.95]",1.70785762226007,0.309917613588029,0.309917613588029,FALSE
12053,2.27646180417324,"(1.3,2.95]",2.59305128143722,0.316589477263975,0.316589477263975,FALSE
12055,1.47697646575953,"(1.3,2.95]",2.2131510871132,0.73617462135367,0.73617462135367,FALSE
12056,1.95424250943932,"(1.3,2.95]",1.9976834855926,0.0434409761532744,0.0434409761532744,FALSE
12058,2.39790526372367,"(1.3,2.95]",1.828253235534,-0.569652028189672,0.569652028189672,FALSE
12059,2.14612803567824,"(1.3,2.95]",1.50512847012131,-0.640999565556931,0.640999565556931,FALSE
12061,-2,"(-2,-0.352]",1.73873617918471,3.73873617918471,3.73873617918471,FALSE
12062,0,"(-0.352,1.3]",1.74530283243097,1.74530283243097,1.74530283243097,FALSE
12063,2.29003461136252,"(1.3,2.95]",1.85071081177043,-0.439323799592092,0.439323799592092,FALSE
12064,2.39794000867204,"(1.3,2.95]",2.09217600021515,-0.305764008456887,0.305764008456887,FALSE
12065,2.09691001300806,"(1.3,2.95]",1.74530283243097,-0.351607180577082,0.351607180577082,FALSE
12066,2.25524837696186,"(1.3,2.95]",1.29826260458009,-0.956985772381768,0.956985772381768,FALSE
12067,1.99978279845414,"(1.3,2.95]",1.95914562996338,-0.0406371684907552,0.0406371684907552,FALSE
12068,0,"(-0.352,1.3]",1.57963066929704,1.57963066929704,1.57963066929704,FALSE
12072,1.99995656838019,"(1.3,2.95]",1.39198606099511,-0.607970507385079,0.607970507385079,FALSE
12073,1.89762709129044,"(1.3,2.95]",2.41099189351518,0.513364802224741,0.513364802224741,FALSE
12074,2.46239799789896,"(1.3,2.95]",1.66840215216121,-0.793995845737742,0.793995845737742,FALSE
12075,2.35218251811136,"(1.3,2.95]",1.61384737917304,-0.738335138938322,0.738335138938322,FALSE
12076,0.999565488225982,"(-0.352,1.3]",1.31506480541959,0.315499317193607,0.315499317193607,FALSE
12079,2.29885307640971,"(1.3,2.95]",2.83645393993477,0.537600863525066,0.537600863525066,FALSE
12080,2.17606230512508,"(1.3,2.95]",1.24597503939679,-0.930087265728285,0.930087265728285,FALSE
12081,2.17609125905568,"(1.3,2.95]",1.8000146308907,-0.376076628164983,0.376076628164983,FALSE
12082,1.99563519459755,"(1.3,2.95]",2.83645393993477,0.840818745337223,0.840818745337223,FALSE
12083,1.69897000433602,"(1.3,2.95]",1.62622794555288,-0.0727420587831433,0.0727420587831433,FALSE
12084,-2,"(-2,-0.352]",1.77341446813442,3.77341446813442,3.77341446813442,FALSE
12087,-0.00436480540245009,"(-0.352,1.3]",0.500915568401876,0.505280373804326,0.505280373804326,FALSE
12089,1.99563519459755,"(1.3,2.95]",2.65685205686608,0.661216862268526,0.661216862268526,FALSE
12090,1.95424250943932,"(1.3,2.95]",1.77470541313591,-0.179537096303413,0.179537096303413,FALSE
12091,-0.00436480540245009,"(-0.352,1.3]",0.320576141043583,0.324940946446033,0.324940946446033,FALSE
12092,2.24301323114968,"(1.3,2.95]",0.48370358120145,-1.75930964994823,1.75930964994823,FALSE
12093,2.17609125905568,"(1.3,2.95]",1.62752377010115,-0.548567488954532,0.548567488954532,FALSE
12094,1.97772360528885,"(1.3,2.95]",1.91647259985742,-0.0612510054314319,0.0612510054314319,FALSE
12097,1.99995656838019,"(1.3,2.95]",1.51609801564198,-0.483858552738209,0.483858552738209,FALSE
12099,2.23044892137827,"(1.3,2.95]",1.71067182025592,-0.519777101122357,0.519777101122357,FALSE
12102,0,"(-0.352,1.3]",1.93461407173277,1.93461407173277,1.93461407173277,FALSE
12105,-0.00436480540245009,"(-0.352,1.3]",0.48370358120145,0.4880683866039,0.4880683866039,FALSE
12107,-0.00436480540245009,"(-0.352,1.3]",0.564914466936633,0.569279272339083,0.569279272339083,FALSE
12108,2.51850077923964,"(1.3,2.95]",1.37707478904182,-1.14142599019781,1.14142599019781,FALSE
12111,2.30102999566398,"(1.3,2.95]",1.84757222421997,-0.453457771444016,0.453457771444016,FALSE
12112,2.68124123737559,"(1.3,2.95]",2.17921784772796,-0.502023389647628,0.502023389647628,FALSE
12113,2.30102999566398,"(1.3,2.95]",1.98946203132045,-0.311567964343531,0.311567964343531,FALSE
12114,1.8750612633917,"(1.3,2.95]",1.74811703042682,-0.126944232964876,0.126944232964876,FALSE
12115,2.30102999566398,"(1.3,2.95]",1.74811703042682,-0.552912965237157,0.552912965237157,FALSE
12116,1.99995656838019,"(1.3,2.95]",1.48342037485018,-0.516536193530011,0.516536193530011,FALSE
12117,2.35218251811136,"(1.3,2.95]",1.74530283243097,-0.606879685680388,0.606879685680388,FALSE
12118,1.47712125471966,"(1.3,2.95]",1.74811703042682,0.270995775707162,0.270995775707162,FALSE
12121,1.8750612633917,"(1.3,2.95]",1.35319164513024,-0.521869618261464,0.521869618261464,FALSE
12122,2.67208861752929,"(1.3,2.95]",1.65912377520792,-1.01296484232137,1.01296484232137,FALSE
12123,0.698970004336019,"(-0.352,1.3]",1.83673714628604,1.13776714195002,1.13776714195002,FALSE
12124,1.69897000433602,"(1.3,2.95]",1.77581602709826,0.0768460227622387,0.0768460227622387,FALSE
12125,1.99995656838019,"(1.3,2.95]",1.5884277154975,-0.411528852882688,0.411528852882688,FALSE
12126,1.99563519459755,"(1.3,2.95]",2.83645393993477,0.840818745337223,0.840818745337223,FALSE
12127,2.30102999566398,"(1.3,2.95]",1.92076223001708,-0.380267765646906,0.380267765646906,FALSE
12129,1.39794000867204,"(1.3,2.95]",1.83673714628604,0.438797137614004,0.438797137614004,FALSE
12130,1.69897000433602,"(1.3,2.95]",1.61447785022225,-0.084492154113772,0.084492154113772,FALSE
12132,2.30102999566398,"(1.3,2.95]",1.76698439455116,-0.534045601112821,0.534045601112821,FALSE
12134,2,"(1.3,2.95]",1.73133209813939,-0.268667901860613,0.268667901860613,FALSE
12136,2.04921802267018,"(1.3,2.95]",1.68235524233983,-0.366862780330348,0.366862780330348,FALSE
12138,2.14612803567824,"(1.3,2.95]",1.74811703042682,-0.398011005251414,0.398011005251414,FALSE
12139,-0.00436480540245009,"(-0.352,1.3]",0.700426608369088,0.704791413771538,0.704791413771538,FALSE
12140,2.11377628383703,"(1.3,2.95]",1.72004215898443,-0.3937341248526,0.3937341248526,FALSE
12141,2.37657695705651,"(1.3,2.95]",1.77914904008236,-0.597427916974149,0.597427916974149,FALSE
12145,1.99563519459755,"(1.3,2.95]",2.83645393993477,0.840818745337223,0.840818745337223,FALSE
12146,-0.00436480540245009,"(-0.352,1.3]",0.340979336089154,0.345344141491604,0.345344141491604,FALSE
12147,1.69897000433602,"(1.3,2.95]",1.57947051957418,-0.119499484761843,0.119499484761843,FALSE
12149,-0.00436480540245009,"(-0.352,1.3]",0.512982012674433,0.517346818076883,0.517346818076883,FALSE
12151,1.98227123303957,"(1.3,2.95]",1.91647259985742,-0.0657986331821525,0.0657986331821525,FALSE
12152,-0.00436480540245009,"(-0.352,1.3]",0.495457123254857,0.499821928657307,0.499821928657307,FALSE
12154,2.54406804435028,"(1.3,2.95]",1.73074940692552,-0.813318637424754,0.813318637424754,FALSE
12155,2.30102999566398,"(1.3,2.95]",1.60565146147251,-0.695378534191473,0.695378534191473,FALSE
12156,1.60205999132796,"(1.3,2.95]",1.89733285401341,0.295272862685448,0.295272862685448,FALSE
12157,2.02938377768521,"(1.3,2.95]",1.70329793764063,-0.326085840044579,0.326085840044579,FALSE
12160,1.39794000867204,"(1.3,2.95]",1.57963066929704,0.181690660625006,0.181690660625006,FALSE
12161,1.99995656838019,"(1.3,2.95]",1.48342037485018,-0.516536193530011,0.516536193530011,FALSE
12162,2.29885307640971,"(1.3,2.95]",2.82904470981074,0.530191633401032,0.530191633401032,FALSE
12163,2.25285303097989,"(1.3,2.95]",2.61728621376987,0.364433182789978,0.364433182789978,FALSE
12166,-0.00436480540245009,"(-0.352,1.3]",0.583158774994591,0.587523580397041,0.587523580397041,FALSE
12167,2.51188336097887,"(1.3,2.95]",1.93461407173277,-0.577269289246101,0.577269289246101,FALSE
12168,1.99563519459755,"(1.3,2.95]",2.65639951022049,0.660764315622939,0.660764315622939,FALSE
12169,2.08278537031645,"(1.3,2.95]",1.6895797567247,-0.39320561359175,0.39320561359175,FALSE
12172,-0.00436480540245009,"(-0.352,1.3]",0.495457123254857,0.499821928657307,0.499821928657307,FALSE
12173,-0.00436480540245009,"(-0.352,1.3]",0.608651017209647,0.613015822612097,0.613015822612097,FALSE
12174,2.301008280397,"(1.3,2.95]",1.78564166812534,-0.515366612271658,0.515366612271658,FALSE
12177,1,"(-0.352,1.3]",1.92182417237752,0.921824172377522,0.921824172377522,FALSE
12180,2.17609125905568,"(1.3,2.95]",1.65668271657176,-0.519408542483924,0.519408542483924,FALSE
12181,1.77815125038364,"(1.3,2.95]",1.56912576533924,-0.209025485044404,0.209025485044404,FALSE
12182,2.30102999566398,"(1.3,2.95]",1.82932791616201,-0.471702079501974,0.471702079501974,FALSE
12183,2.17318626841227,"(1.3,2.95]",2.66809837050418,0.494912102091908,0.494912102091908,FALSE
12185,2.34242268082221,"(1.3,2.95]",1.61845856854179,-0.723964112280418,0.723964112280418,FALSE
12186,2.39792263654532,"(1.3,2.95]",1.21905023020607,-1.17887240633925,1.17887240633925,FALSE
12187,2.51188336097887,"(1.3,2.95]",1.92076223001708,-0.591121130961799,0.591121130961799,FALSE
12188,2.17609125905568,"(1.3,2.95]",1.74811703042682,-0.427974228628857,0.427974228628857,FALSE
12189,2.17318626841227,"(1.3,2.95]",2.4880439407899,0.314857672377623,0.314857672377623,FALSE
12190,1.69897000433602,"(1.3,2.95]",1.83673714628604,0.137767141950023,0.137767141950023,FALSE
12191,2.47567118832443,"(1.3,2.95]",2.73103162323605,0.255360434911625,0.255360434911625,FALSE
12192,2.47712125471966,"(1.3,2.95]",1.33938900846805,-1.13773224625161,1.13773224625161,FALSE
12196,1.94939000664491,"(1.3,2.95]",2.57947825464496,0.630088248000051,0.630088248000051,FALSE
12199,2.29885307640971,"(1.3,2.95]",2.73103162323605,0.432178546826348,0.432178546826348,FALSE
12200,1.8750612633917,"(1.3,2.95]",1.68318083427228,-0.191880429119421,0.191880429119421,FALSE
12201,-0.00436480540245009,"(-0.352,1.3]",1.29035554903999,1.29472035444244,1.29472035444244,FALSE
12203,2.46089784275655,"(1.3,2.95]",2.56267605380546,0.101778211048915,0.101778211048915,FALSE
12204,2.39794000867204,"(1.3,2.95]",1.6470738480415,-0.750866160630541,0.750866160630541,FALSE
12205,-0.00436480540245009,"(-0.352,1.3]",0.197892929553687,0.202257734956137,0.202257734956137,FALSE
12206,2.30102999566398,"(1.3,2.95]",2.17921784772796,-0.121812147936022,0.121812147936022,FALSE
12208,2.14612803567824,"(1.3,2.95]",1.73131482958732,-0.414813206090915,0.414813206090915,FALSE
12209,2.53019969820308,"(1.3,2.95]",3.60738641573704,1.07718671753396,1.07718671753396,FALSE
12212,2.60205999132796,"(1.3,2.95]",1.84757222421997,-0.754487767107997,0.754487767107997,FALSE
12213,-0.00436480540245009,"(-0.352,1.3]",0.495457123254857,0.499821928657307,0.499821928657307,FALSE
12214,2.17609125905568,"(1.3,2.95]",1.74530283243097,-0.430788426624707,0.430788426624707,FALSE
12215,-2,"(-2,-0.352]",1.75954943248914,3.75954943248914,3.75954943248914,FALSE
12217,2.17594647009555,"(1.3,2.95]",1.67640793328782,-0.499538536807725,0.499538536807725,FALSE
12219,2.28101062872148,"(1.3,2.95]",0.60343116908683,-1.67757945963465,1.67757945963465,FALSE
12221,1.95400116768157,"(1.3,2.95]",1.72004215898443,-0.233959008697139,0.233959008697139,FALSE
12224,2.69896131835952,"(1.3,2.95]",1.05450217267529,-1.64445914568423,1.64445914568423,FALSE
12226,2.25527250510331,"(1.3,2.95]",1.74811703042682,-0.507155474676482,0.507155474676482,FALSE
12227,1.69897000433602,"(1.3,2.95]",2.00780407752988,0.308834073193865,0.308834073193865,FALSE
12228,2.51186999786615,"(1.3,2.95]",0.805028038438084,-1.70684195942807,1.70684195942807,FALSE
12229,1.76342799356294,"(1.3,2.95]",1.61707587946795,-0.146352114094987,0.146352114094987,FALSE
12230,2.29659938308179,"(1.3,2.95]",1.23320672244396,-1.06339266063783,1.06339266063783,FALSE
12231,1.92941892571429,"(1.3,2.95]",1.68930090303615,-0.240118022678147,0.240118022678147,FALSE
12232,-0.00436480540245009,"(-0.352,1.3]",0.421919306021189,0.426284111423639,0.426284111423639,FALSE
12234,-0.00436480540245009,"(-0.352,1.3]",0.444096744097644,0.448461549500094,0.448461549500094,FALSE
12236,2.07910885760144,"(1.3,2.95]",1.82270040873185,-0.256408448869585,0.256408448869585,FALSE
12237,-0.00436480540245009,"(-0.352,1.3]",0.490968437945507,0.495333243347957,0.495333243347957,FALSE
12239,2.54406804435028,"(1.3,2.95]",1.91636976367482,-0.62769828067546,0.62769828067546,FALSE
12240,-0.00436480540245009,"(-0.352,1.3]",0.14211343727562,0.14647824267807,0.14647824267807,FALSE
12241,2.23042337389264,"(1.3,2.95]",1.40368492127881,-0.826738452613833,0.826738452613833,FALSE
12244,1.69888313675259,"(1.3,2.95]",1.22363049156452,-0.475252645188068,0.475252645188068,FALSE
12245,-0.00436480540245009,"(-0.352,1.3]",-0.148958049016021,-0.144593243613571,0.144593243613571,FALSE
12248,1.95419425181586,"(1.3,2.95]",0.93295977218161,-1.02123447963425,1.02123447963425,FALSE
12249,2.57403126772772,"(1.3,2.95]",1.92076223001708,-0.653269037710644,0.653269037710644,FALSE
12252,2.54406804435028,"(1.3,2.95]",1.3380789876529,-1.20598905669737,1.20598905669737,FALSE
12253,2.39788789020704,"(1.3,2.95]",1.71776140174181,-0.680126488465232,0.680126488465232,FALSE
12254,1.65321251377534,"(1.3,2.95]",1.66303621374393,0.00982369996858634,0.00982369996858634,FALSE
12257,2.39619934709574,"(1.3,2.95]",2.4712417399504,0.0750423928546593,0.0750423928546593,FALSE
12260,-0.00436480540245009,"(-0.352,1.3]",0.546656795096759,0.551021600499209,0.551021600499209,FALSE
12261,2.301008280397,"(1.3,2.95]",1.41679809592217,-0.884210184474827,0.884210184474827,FALSE
12263,-0.00436480540245009,"(-0.352,1.3]",0.511115369067288,0.515480174469738,0.515480174469738,FALSE
12264,1.99563519459755,"(1.3,2.95]",2.74783382407556,0.752198629478006,0.752198629478006,FALSE
12265,0,"(-0.352,1.3]",1.53662587107958,1.53662587107958,1.53662587107958,FALSE
12268,2.25282876804059,"(1.3,2.95]",0.549589184508975,-1.70323958353162,1.70323958353162,FALSE
12270,2.39619934709574,"(1.3,2.95]",2.64770140532845,0.251502058232715,0.251502058232715,FALSE
12271,0,"(-0.352,1.3]",1.92377899379885,1.92377899379885,1.92377899379885,FALSE
12272,2.47712125471966,"(1.3,2.95]",1.82932791616201,-0.647793338557655,0.647793338557655,FALSE
12273,2.24303804868629,"(1.3,2.95]",1.76383010066666,-0.479207948019638,0.479207948019638,FALSE
12274,2.24301323114968,"(1.3,2.95]",0.454856246646385,-1.78815698450329,1.78815698450329,FALSE
12275,2.301008280397,"(1.3,2.95]",1.48060617685433,-0.820402103542668,0.820402103542668,FALSE
12278,2.301008280397,"(1.3,2.95]",1.52718605041446,-0.773822229982542,0.773822229982542,FALSE
12280,2.44714252054803,"(1.3,2.95]",1.42007214606691,-1.02707037448112,1.02707037448112,FALSE
12283,2.36172783601759,"(1.3,2.95]",1.77552881829266,-0.586199017724931,0.586199017724931,FALSE
12285,2.21748394421391,"(1.3,2.95]",1.74811703042682,-0.469366913787082,0.469366913787082,FALSE
12286,2.77451696572855,"(1.3,2.95]",2.37779940302024,-0.396717562708311,0.396717562708311,FALSE
12289,2.47712125471966,"(1.3,2.95]",1.8057345477068,-0.671386707012863,0.671386707012863,FALSE
12291,2.39794000867204,"(1.3,2.95]",1.86512577549955,-0.53281423317249,0.53281423317249,FALSE
12297,2.17609125905568,"(1.3,2.95]",1.83673714628604,-0.33935411276964,0.33935411276964,FALSE
12303,2.44714252054803,"(1.3,2.95]",1.49072676879162,-0.956415751756413,0.956415751756413,FALSE
12305,1.95424250943932,"(1.3,2.95]",1.98235820316494,0.028115693725616,0.028115693725616,FALSE
12308,-2,"(-2,-0.352]",1.3418510330617,3.3418510330617,3.3418510330617,FALSE
12310,-0.00436480540245009,"(-0.352,1.3]",0.4808893832056,0.48525418860805,0.48525418860805,FALSE
12315,2.22788670461367,"(1.3,2.95]",2.60222059078383,0.374333886170152,0.374333886170152,FALSE
12316,2.39792263654532,"(1.3,2.95]",1.34831611777653,-1.04960651876879,1.04960651876879,FALSE
12322,-0.00436480540245009,"(-0.352,1.3]",0.497276607993705,0.501641413396155,0.501641413396155,FALSE
12324,2.11394335230684,"(1.3,2.95]",1.84757222421997,-0.266371128086871,0.266371128086871,FALSE
12331,2.35218251811136,"(1.3,2.95]",1.85171404224444,-0.500468475866926,0.500468475866926,FALSE
12332,-0.00436480540245009,"(-0.352,1.3]",0.572323697060667,0.576688502463117,0.576688502463117,FALSE
12339,2.40654018043396,"(1.3,2.95]",1.35027608760855,-1.05626409282541,1.05626409282541,FALSE
12340,-0.00436480540245009,"(-0.352,1.3]",0.445318313444671,0.449683118847121,0.449683118847121,FALSE
12344,2.62838893005031,"(1.3,2.95]",2.09217600021515,-0.536212929835161,0.536212929835161,FALSE
12346,2.47712125471966,"(1.3,2.95]",2.08778353387289,-0.389337720846771,0.389337720846771,FALSE
12348,-2,"(-2,-0.352]",1.58816532665709,3.58816532665709,3.58816532665709,FALSE
12352,2.54406804435028,"(1.3,2.95]",2.11800951973458,-0.426058524615696,0.426058524615696,FALSE
12353,-0.00436480540245009,"(-0.352,1.3]",0.0221532805821282,0.0265180859845783,0.0265180859845783,FALSE
12354,-0.00436480540245009,"(-0.352,1.3]",0.704988131082969,0.70935293648542,0.70935293648542,FALSE
12357,2.30102999566398,"(1.3,2.95]",1.83673714628604,-0.46429284937794,0.46429284937794,FALSE
12361,2.54406804435028,"(1.3,2.95]",1.93461407173277,-0.609453972617502,0.609453972617502,FALSE
12364,2.77451696572855,"(1.3,2.95]",2.01592779365056,-0.758589172077992,0.758589172077992,FALSE
12366,2.09691001300806,"(1.3,2.95]",1.77552881829266,-0.321381194715394,0.321381194715394,FALSE
12367,2.21748394421391,"(1.3,2.95]",1.74811703042682,-0.469366913787082,0.469366913787082,FALSE
12374,-0.00436480540245009,"(-0.352,1.3]",0.659365544573476,0.663730349975926,0.663730349975926,FALSE
12378,2.81291335664286,"(1.3,2.95]",2.08778353387289,-0.725129822769964,0.725129822769964,FALSE
12388,2.25285303097989,"(1.3,2.95]",2.57513637457862,0.32228334359873,0.32228334359873,FALSE
12391,2.17606230512508,"(1.3,2.95]",1.29826260458009,-0.877799700544991,0.877799700544991,FALSE
12392,-2,"(-2,-0.352]",1.53734482167612,3.53734482167612,3.53734482167612,FALSE
12403,1.54406804435028,"(1.3,2.95]",1.70785762226007,0.163789577909791,0.163789577909791,FALSE
12406,-0.00436480540245009,"(-0.352,1.3]",0.419617792620232,0.423982598022682,0.423982598022682,FALSE
12413,1.99563519459755,"(1.3,2.95]",2.80072136754077,0.805086172943224,0.805086172943224,FALSE
12415,2.50514997831991,"(1.3,2.95]",1.717032877255,-0.788117101064908,0.788117101064908,FALSE
12429,2.58994960132571,"(1.3,2.95]",2.21997923980899,-0.369970361516714,0.369970361516714,FALSE
12432,-0.00436480540245009,"(-0.352,1.3]",0.583158774994591,0.587523580397041,0.587523580397041,FALSE
12435,2.74036268949424,"(1.3,2.95]",1.86086147916042,-0.879501210333819,0.879501210333819,FALSE
12447,1.69897000433602,"(1.3,2.95]",1.59691705458911,-0.102052949746908,0.102052949746908,FALSE
12448,0.902546779313991,"(-0.352,1.3]",0.348190827278212,-0.554355952035779,0.554355952035779,FALSE
12456,-0.00436480540245009,"(-0.352,1.3]",0.914804398502585,0.919169203905035,0.919169203905035,FALSE
12461,-0.00436480540245009,"(-0.352,1.3]",0.536591124666668,0.540955930069118,0.540955930069118,FALSE
12463,2.39619934709574,"(1.3,2.95]",2.66809837050418,0.271899023408445,0.271899023408445,FALSE
12467,-0.00436480540245009,"(-0.352,1.3]",-0.137738081005376,-0.133373275602926,0.133373275602926,FALSE
12470,2.32221929473392,"(1.3,2.95]",1.71869270019399,-0.603526594539928,0.603526594539928,FALSE
12471,0.999565488225982,"(-0.352,1.3]",1.22412590360477,0.224560415378788,0.224560415378788,FALSE
12484,2.65321251377534,"(1.3,2.95]",1.70785762226007,-0.945354891515277,0.945354891515277,FALSE
12486,2.17318626841227,"(1.3,2.95]",2.58749913458304,0.414312866170764,0.414312866170764,FALSE
12487,2,"(1.3,2.95]",1.59320436984163,-0.406795630158365,0.406795630158365,FALSE
12490,2.44715803134222,"(1.3,2.95]",2.00780407752988,-0.439353953812336,0.439353953812336,FALSE
12491,2.07918124604762,"(1.3,2.95]",1.74811703042682,-0.3310642156208,0.3310642156208,FALSE
12492,2.37106786227174,"(1.3,2.95]",1.73010477380568,-0.640963088466053,0.640963088466053,FALSE
12493,1.74036268949424,"(1.3,2.95]",1.61707587946795,-0.123286810026293,0.123286810026293,FALSE
12496,2.47567118832443,"(1.3,2.95]",2.76140685086781,0.285735662543381,0.285735662543381,FALSE
12497,2.60097289568675,"(1.3,2.95]",2.82505099939841,0.224078103711659,0.224078103711659,FALSE
12498,-0.00436480540245009,"(-0.352,1.3]",0.4808893832056,0.48525418860805,0.48525418860805,FALSE
12499,2.39794000867204,"(1.3,2.95]",1.61707587946795,-0.780864129204087,0.780864129204087,FALSE
12500,2.77814401208196,"(1.3,2.95]",1.65908233822221,-1.11906167385975,1.11906167385975,FALSE
12501,2.86331691084023,"(1.3,2.95]",1.74616562272072,-1.1171512881195,1.1171512881195,FALSE
12502,2.38021124171161,"(1.3,2.95]",1.92377899379885,-0.456432247912756,0.456432247912756,FALSE
12503,2.94447773695756,"(1.3,2.95]",1.74616562272072,-1.19831211423684,1.19831211423684,FALSE
12504,2.47712125471966,"(1.3,2.95]",2.02425739280489,-0.45286386191477,0.45286386191477,FALSE
12506,2.77814401208196,"(1.3,2.95]",1.65908233822221,-1.11906167385975,1.11906167385975,FALSE
12507,1.24919835739111,"(-0.352,1.3]",1.88633378362794,0.63713542623683,0.63713542623683,FALSE
12508,2.77814401208196,"(1.3,2.95]",1.5363079183154,-1.24183609376656,1.24183609376656,FALSE
12509,2.86331691084023,"(1.3,2.95]",1.36795234888481,-1.49536456195542,1.49536456195542,FALSE
12551,2,"(1.3,2.95]",1.53194546811255,-0.468054531887451,0.468054531887451,FALSE
12555,1.69897000433602,"(1.3,2.95]",1.42693812746523,-0.272031876870792,0.272031876870792,FALSE
12556,1.69019608002851,"(1.3,2.95]",2.25829935168337,0.568103271654853,0.568103271654853,FALSE
12558,1.84509804001426,"(1.3,2.95]",1.51837244132029,-0.326725598693963,0.326725598693963,FALSE
12559,-0.301029995663981,"(-0.352,1.3]",1.41013592662573,1.71116592228971,1.71116592228971,FALSE
12563,1.54406804435028,"(1.3,2.95]",1.47876560421649,-0.0653024401337881,0.0653024401337881,FALSE
12564,1.30102999566398,"(1.3,2.95]",1.69101764091054,0.389987645246563,0.389987645246563,FALSE
12566,1,"(-0.352,1.3]",1.44805723172998,0.448057231729978,0.448057231729978,FALSE
12567,0,"(-0.352,1.3]",1.4889378024705,1.4889378024705,1.4889378024705,FALSE
12568,-0.00436480540245009,"(-0.352,1.3]",0.25395899209492,0.25832379749737,0.25832379749737,FALSE
12569,-0.00436480540245009,"(-0.352,1.3]",0.42660419168517,0.43096899708762,0.43096899708762,FALSE
12570,1.30102999566398,"(1.3,2.95]",1.60699255717951,0.30596256151553,0.30596256151553,FALSE
12571,1.77807886193746,"(1.3,2.95]",0.990662809006852,-0.787416052930603,0.787416052930603,FALSE
12572,1.47712125471966,"(1.3,2.95]",1.54208278166315,0.0649615269434893,0.0649615269434893,FALSE
12573,0.977723605288848,"(-0.352,1.3]",2.34035281429632,1.36262920900747,1.36262920900747,FALSE
12575,1.95424250943932,"(1.3,2.95]",1.76793889648607,-0.186303612953256,0.186303612953256,FALSE
12577,-0.00436480540245009,"(-0.352,1.3]",0.360583487992783,0.364948293395233,0.364948293395233,FALSE
12579,1.54406804435028,"(1.3,2.95]",1.62337978196762,0.0793117376173409,0.0793117376173409,FALSE
12581,-0.00436480540245009,"(-0.352,1.3]",0.162524678239852,0.166889483642302,0.166889483642302,FALSE
12582,1.47697646575953,"(1.3,2.95]",1.00826816903835,-0.468708296721181,0.468708296721181,FALSE
12584,1.8750612633917,"(1.3,2.95]",1.69101764091054,-0.184043622481155,0.184043622481155,FALSE
12585,1.99978279845414,"(1.3,2.95]",1.92625767141064,-0.0735251270434996,0.0735251270434996,FALSE
12586,-0.00436480540245009,"(-0.352,1.3]",0.162524678239852,0.166889483642302,0.166889483642302,FALSE
12587,1.94939000664491,"(1.3,2.95]",2.43835378139765,0.488963774752738,0.488963774752738,FALSE
12588,1.30102999566398,"(1.3,2.95]",1.53294609086293,0.231916095198953,0.231916095198953,FALSE
12589,2.17606230512508,"(1.3,2.95]",1.11141367929088,-1.0646486258342,1.0646486258342,FALSE
12590,1.8750612633917,"(1.3,2.95]",1.60699255717951,-0.268068706212189,0.268068706212189,FALSE
12591,1.69897000433602,"(1.3,2.95]",1.34988608019051,-0.349083924145506,0.349083924145506,FALSE
12592,1.99995656838019,"(1.3,2.95]",1.3512798800074,-0.648676688372796,0.648676688372796,FALSE
12594,1.69888313675259,"(1.3,2.95]",0.939638491447583,-0.759244645305007,0.759244645305007,FALSE
12595,0.999565488225982,"(-0.352,1.3]",1.00975569332041,0.0101902050944318,0.0101902050944318,FALSE
12596,0,"(-0.352,1.3]",1.47811303315354,1.47811303315354,1.47811303315354,FALSE
12597,-2,"(-2,-0.352]",1.536640317939,3.536640317939,3.536640317939,FALSE
12599,1.30102999566398,"(1.3,2.95]",1.62509472785393,0.324064732189949,0.324064732189949,FALSE
12601,1.92941892571429,"(1.3,2.95]",1.50308225448743,-0.426336671226867,0.426336671226867,FALSE
12605,-0.00436480540245009,"(-0.352,1.3]",0.162524678239852,0.166889483642302,0.166889483642302,FALSE
12606,-2,"(-2,-0.352]",1.42693812746523,3.42693812746523,3.42693812746523,FALSE
12608,-0.00436480540245009,"(-0.352,1.3]",0.213699583928162,0.218064389330612,0.218064389330612,FALSE
12609,2.04139268515822,"(1.3,2.95]",1.44344948594904,-0.597943199209184,0.597943199209184,FALSE
12611,1,"(-0.352,1.3]",1.52639332125837,0.526393321258368,0.526393321258368,FALSE
12612,0.999565488225982,"(-0.352,1.3]",1.17394033217228,0.174374843946294,0.174374843946294,FALSE
12619,1.90308998699194,"(1.3,2.95]",1.69101764091054,-0.212072346081399,0.212072346081399,FALSE
12621,-0.00436480540245009,"(-0.352,1.3]",0.403049209664892,0.407414015067342,0.407414015067342,FALSE
12623,1.04099769242349,"(-0.352,1.3]",0.260651339790338,-0.780346352633153,0.780346352633153,FALSE
12630,2.30102999566398,"(1.3,2.95]",1.73131482958732,-0.569715166076658,0.569715166076658,FALSE
12635,-0.00436480540245009,"(-0.352,1.3]",0.479775263015548,0.484140068417998,0.484140068417998,FALSE
12639,1.69888313675259,"(1.3,2.95]",1.10472094071831,-0.594162196034276,0.594162196034276,FALSE
12643,1.74036268949424,"(1.3,2.95]",1.70851019332302,-0.0318524961712259,0.0318524961712259,FALSE
12648,1.99991313241657,"(1.3,2.95]",1.971035058491,-0.0288780739255714,0.0288780739255714,FALSE
12649,1.99991313241657,"(1.3,2.95]",1.971035058491,-0.0288780739255714,0.0288780739255714,FALSE
12653,1.69897000433602,"(1.3,2.95]",0.850010163304111,-0.848959841031907,0.848959841031907,FALSE
12656,2.301008280397,"(1.3,2.95]",1.37693655615026,-0.924071724246735,0.924071724246735,FALSE
10091,-2,"(-2,-0.352]",1.53921526615747,3.53921526615747,3.53921526615747,FALSE
10166,-2,"(-2,-0.352]",1.6442226068048,3.6442226068048,3.6442226068048,FALSE
10285,-2,"(-2,-0.352]",1.57963066929704,3.57963066929704,3.57963066929704,FALSE
10330,-1,"(-2,-0.352]",1.8168168317302,2.8168168317302,2.8168168317302,FALSE
10402,-2,"(-2,-0.352]",1.69071032695637,3.69071032695637,3.69071032695637,FALSE
10446,-2,"(-2,-0.352]",1.56233440788475,3.56233440788475,3.56233440788475,FALSE
10542,-2,"(-2,-0.352]",1.6632954211941,3.6632954211941,3.6632954211941,FALSE
10543,-2,"(-2,-0.352]",1.39950656773705,3.39950656773705,3.39950656773705,FALSE
10561,-2,"(-2,-0.352]",1.65668271657176,3.65668271657176,3.65668271657176,FALSE
10631,-2,"(-2,-0.352]",1.68618029904418,3.68618029904418,3.68618029904418,FALSE
10659,-2,"(-2,-0.352]",1.69071032695637,3.69071032695637,3.69071032695637,FALSE
10666,-2,"(-2,-0.352]",1.51361587745297,3.51361587745297,3.51361587745297,FALSE
10781,-2,"(-2,-0.352]",1.68596296744533,3.68596296744533,3.68596296744533,FALSE
10813,-2,"(-2,-0.352]",1.83673714628604,3.83673714628604,3.83673714628604,FALSE
11330,-2,"(-2,-0.352]",1.88633378362794,3.88633378362794,3.88633378362794,FALSE
11652,-0.00436480540245009,"(-0.352,1.3]",0.365946328642765,0.370311134045215,0.370311134045215,FALSE
11736,-2,"(-2,-0.352]",1.61782763511344,3.61782763511343,3.61782763511343,FALSE
