"UniqueID","startprice.log10","startprice.log10.cut.fctr","startprice.log10.predict.CSM.X.glmnet","startprice.log10.predict.CSM.X.glmnet.err","startprice.log10.predict.CSM.X.glmnet.err.abs","startprice.log10.predict.CSM.X.glmnet.accurate"
10103,2.20411998265592,"(1.3,2.95]",1.66743553757421,-0.536684445081711,0.536684445081711,FALSE
10112,2.40654018043396,"(1.3,2.95]",1.72553772725246,-0.681002453181491,0.681002453181491,FALSE
10120,2.39794000867204,"(1.3,2.95]",1.80069621195949,-0.597243796712548,0.597243796712548,FALSE
10127,2,"(1.3,2.95]",1.6657260341278,-0.334273965872196,0.334273965872196,FALSE
10135,2.35218251811136,"(1.3,2.95]",1.72553772725246,-0.626644790858899,0.626644790858899,FALSE
10182,2,"(1.3,2.95]",1.73541666930685,-0.264583330693147,0.264583330693147,FALSE
10193,2.39794000867204,"(1.3,2.95]",1.70439414824407,-0.69354586042797,0.69354586042797,FALSE
10195,2.30102999566398,"(1.3,2.95]",1.70148537938737,-0.599544616276607,0.599544616276607,FALSE
10199,1.69897000433602,"(1.3,2.95]",1.70670620494522,0.00773620060919855,0.00773620060919855,FALSE
10241,1.99995656838019,"(1.3,2.95]",1.04991890375396,-0.950037664626228,0.950037664626228,FALSE
10246,2.60205999132796,"(1.3,2.95]",1.85843115377987,-0.743628837548097,0.743628837548097,FALSE
10254,2.36167118521656,"(1.3,2.95]",1.87994445296165,-0.481726732254914,0.481726732254914,FALSE
10261,2.39794000867204,"(1.3,2.95]",1.74610922207076,-0.651830786601277,0.651830786601277,FALSE
10264,2.35218251811136,"(1.3,2.95]",1.72553772725246,-0.626644790858899,0.626644790858899,FALSE
10283,1.30102999566398,"(1.3,2.95]",1.61811309932936,0.317083103665382,0.317083103665382,FALSE
10296,1.95419425181586,"(1.3,2.95]",1.37046675045885,-0.583727501357017,0.583727501357017,FALSE
10299,2.30102999566398,"(1.3,2.95]",1.76006007426126,-0.54096992140272,0.54096992140272,FALSE
10302,2.35218251811136,"(1.3,2.95]",1.68650528260766,-0.665677235503699,0.665677235503699,FALSE
10314,2.69897000433602,"(1.3,2.95]",1.93072848195313,-0.768241522382884,0.768241522382884,FALSE
10347,2.17609125905568,"(1.3,2.95]",1.80069621195949,-0.375395047096192,0.375395047096192,FALSE
10351,2.14612803567824,"(1.3,2.95]",1.75959833832269,-0.386529697355547,0.386529697355547,FALSE
10383,2.42316392385035,"(1.3,2.95]",1.043059936632,-1.38010398721835,1.38010398721835,FALSE
10404,2.25285303097989,"(1.3,2.95]",2.56070713854866,0.307854107568771,0.307854107568771,FALSE
10413,2.07918124604762,"(1.3,2.95]",1.79094993261457,-0.288231313433051,0.288231313433051,FALSE
10416,1.95419425181586,"(1.3,2.95]",1.33957689210553,-0.614617359710329,0.614617359710329,FALSE
10423,2.54406804435028,"(1.3,2.95]",1.73237523774069,-0.811692806609589,0.811692806609589,FALSE
10455,2.27875360095283,"(1.3,2.95]",1.8600646671106,-0.418688933842225,0.418688933842225,FALSE
10472,2.30102999566398,"(1.3,2.95]",1.76006007426126,-0.54096992140272,0.54096992140272,FALSE
10473,2.39619934709574,"(1.3,2.95]",2.6979117640598,0.301712416964066,0.301712416964066,FALSE
10488,1.60205999132796,"(1.3,2.95]",1.73100557678044,0.128945585452478,0.128945585452478,FALSE
10489,2,"(1.3,2.95]",1.68667247747777,-0.313327522522226,0.313327522522226,FALSE
10491,0.698970004336019,"(-0.352,1.3]",1.65641730573344,0.957447301397423,0.957447301397423,FALSE
10495,2.20409283840254,"(1.3,2.95]",1.31052239462471,-0.893570443777827,0.893570443777827,FALSE
10504,2.17609125905568,"(1.3,2.95]",1.76096799928294,-0.415123259772744,0.415123259772744,FALSE
10526,1.83884909073726,"(1.3,2.95]",2.49473574603596,0.655886655298703,0.655886655298703,FALSE
10527,2.47712125471966,"(1.3,2.95]",1.72690738821271,-0.750213866506953,0.750213866506953,FALSE
10528,2.17318626841227,"(1.3,2.95]",2.54084871064847,0.367662442236193,0.367662442236193,FALSE
10529,2.17609125905568,"(1.3,2.95]",1.67909260021559,-0.496998658840088,0.496998658840088,FALSE
10532,2.35214391244158,"(1.3,2.95]",1.05981699469563,-1.29232691774595,1.29232691774595,FALSE
10541,2.60205999132796,"(1.3,2.95]",1.85706149281962,-0.744998498508342,0.744998498508342,FALSE
10564,1.97772360528885,"(1.3,2.95]",1.8354212621562,-0.142302343132652,0.142302343132652,FALSE
10567,2.09691001300806,"(1.3,2.95]",1.76787403764717,-0.329035975360891,0.329035975360891,FALSE
10569,2.17609125905568,"(1.3,2.95]",1.76096799928294,-0.415123259772744,0.415123259772744,FALSE
10581,1.8750612633917,"(1.3,2.95]",1.61855721389936,-0.256504049492341,0.256504049492341,FALSE
10595,2.05307844348342,"(1.3,2.95]",1.79094993261457,-0.262128510868846,0.262128510868846,FALSE
10602,2.43933269383026,"(1.3,2.95]",1.73237523774069,-0.706957456089577,0.706957456089577,FALSE
10603,1.97767788767399,"(1.3,2.95]",0.651489658299973,-1.32618822937402,1.32618822937402,FALSE
10607,2.32221929473392,"(1.3,2.95]",1.86461692174809,-0.457602372985831,0.457602372985831,FALSE
10619,2.59659709562646,"(1.3,2.95]",2.10712698550375,-0.489470110122707,0.489470110122707,FALSE
10628,2.24303804868629,"(1.3,2.95]",1.76934461766761,-0.473693431018687,0.473693431018687,FALSE
10648,1.9030356967885,"(1.3,2.95]",1.86693747013937,-0.0360982266491312,0.0360982266491312,FALSE
10658,2,"(1.3,2.95]",1.67547231347272,-0.32452768652728,0.32452768652728,FALSE
10671,2.60205999132796,"(1.3,2.95]",1.73237523774069,-0.869684753587276,0.869684753587276,FALSE
10673,2.25524837696186,"(1.3,2.95]",1.33911515616696,-0.916133220794894,0.916133220794894,FALSE
10680,2.38019314573119,"(1.3,2.95]",1.45403580436945,-0.926157341361745,0.926157341361745,FALSE
10683,2.14612803567824,"(1.3,2.95]",1.67786871770724,-0.468259317971002,0.468259317971002,FALSE
10687,1.90308998699194,"(1.3,2.95]",1.54331291650716,-0.359777070484784,0.359777070484784,FALSE
10691,2.65320286267962,"(1.3,2.95]",1.34525323276556,-1.30794962991406,1.30794962991406,FALSE
10695,2.24303804868629,"(1.3,2.95]",1.75483605588218,-0.488201992804117,0.488201992804117,FALSE
10705,2.32221929473392,"(1.3,2.95]",1.72455299443251,-0.597666300301408,0.597666300301408,FALSE
10706,2.17609125905568,"(1.3,2.95]",1.73748491917494,-0.438606339880744,0.438606339880744,FALSE
10722,2.38909517335419,"(1.3,2.95]",1.05271073772865,-1.33638443562554,1.33638443562554,FALSE
10731,2.66181268553726,"(1.3,2.95]",2.8519071296774,0.190094444140136,0.190094444140136,FALSE
10738,2.54406804435028,"(1.3,2.95]",2.10947671305915,-0.434591331291124,0.434591331291124,FALSE
10741,2.30096484660539,"(1.3,2.95]",1.97620532624092,-0.324759520364474,0.324759520364474,FALSE
10743,1.95424250943932,"(1.3,2.95]",1.82567498281128,-0.128567526628045,0.128567526628045,FALSE
10748,2.54406804435028,"(1.3,2.95]",1.56767851531017,-0.976389529040105,0.976389529040105,FALSE
10752,2.42324587393681,"(1.3,2.95]",1.690265222848,-0.732980651088812,0.732980651088812,FALSE
10760,2.17609125905568,"(1.3,2.95]",1.79094993261457,-0.385141326441108,0.385141326441108,FALSE
10762,2.65320286267962,"(1.3,2.95]",1.3925660021429,-1.26063686053673,1.26063686053673,FALSE
10766,2.29885307640971,"(1.3,2.95]",2.74340180047936,0.444548724069658,0.444548724069658,FALSE
10774,2.42496326326074,"(1.3,2.95]",1.78584541124815,-0.639117852012587,0.639117852012587,FALSE
10785,2.2148438480477,"(1.3,2.95]",1.76096799928294,-0.453875848764761,0.453875848764761,FALSE
10786,2.39785314108861,"(1.3,2.95]",1.87553336043523,-0.522319780653376,0.522319780653376,FALSE
10791,2.59659709562646,"(1.3,2.95]",2.00205263046292,-0.594544465163538,0.594544465163538,FALSE
10793,2.90308998699194,"(1.3,2.95]",2.08982836893715,-0.813261618054795,0.813261618054795,FALSE
10801,2.25527250510331,"(1.3,2.95]",1.66709569508805,-0.588176810015256,0.588176810015256,FALSE
10828,2.39788789020704,"(1.3,2.95]",1.82387105325679,-0.574016836950245,0.574016836950245,FALSE
10836,2.09691001300806,"(1.3,2.95]",1.7010236434488,-0.395886369559252,0.395886369559252,FALSE
10841,1.9030356967885,"(1.3,2.95]",1.58462720135805,-0.318408495430452,0.318408495430452,FALSE
10867,2.69897000433602,"(1.3,2.95]",1.84715942804253,-0.851810576293486,0.851810576293486,FALSE
10879,2.16136800223497,"(1.3,2.95]",1.80359131931215,-0.357776682922822,0.357776682922822,FALSE
10895,2.4148898217696,"(1.3,2.95]",1.87454934904866,-0.540340472720938,0.540340472720938,FALSE
10900,2.47712125471966,"(1.3,2.95]",1.43652320139475,-1.04059805332491,1.04059805332491,FALSE
10904,2.39788789020704,"(1.3,2.95]",1.828268099563,-0.569619790644041,0.569619790644041,FALSE
10908,2.69897000433602,"(1.3,2.95]",2.08982836893715,-0.60914163539887,0.60914163539887,FALSE
10917,2.25524837696186,"(1.3,2.95]",1.27917080033283,-0.976077576629027,0.976077576629027,FALSE
10922,2.30102999566398,"(1.3,2.95]",1.79094993261457,-0.510080063049408,0.510080063049408,FALSE
10929,2.37839790094814,"(1.3,2.95]",2.53051286241042,0.15211496146228,0.15211496146228,FALSE
10938,2.35983548233989,"(1.3,2.95]",2.56205919365889,0.202223711319004,0.202223711319004,FALSE
10939,2.66274839039456,"(1.3,2.95]",1.3925660021429,-1.27018238825167,1.27018238825167,FALSE
10941,2.17603334926402,"(1.3,2.95]",1.75338904176484,-0.422644307499185,0.422644307499185,FALSE
10952,2.17609125905568,"(1.3,2.95]",1.52433167072931,-0.651759588326372,0.651759588326372,FALSE
10955,1.84509804001426,"(1.3,2.95]",1.72567038996194,-0.119427650052319,0.119427650052319,FALSE
10960,2.69810054562339,"(1.3,2.95]",2.79105572369822,0.0929551780748352,0.0929551780748352,FALSE
10967,2.6020491338302,"(1.3,2.95]",1.49336854623495,-1.10868058759524,1.10868058759524,FALSE
10970,2.41495664401567,"(1.3,2.95]",1.29447139521645,-1.12048524879922,1.12048524879922,FALSE
10972,2.301008280397,"(1.3,2.95]",1.27839452488704,-1.02261375550996,1.02261375550996,FALSE
10973,2.25527250510331,"(1.3,2.95]",1.79094993261457,-0.464322572488733,0.464322572488733,FALSE
10979,2.74035479315915,"(1.3,2.95]",1.68899353090342,-1.05136126225573,1.05136126225573,FALSE
10992,2.04139268515822,"(1.3,2.95]",1.7314353774781,-0.309957307680124,0.309957307680124,FALSE
11000,2.74036268949424,"(1.3,2.95]",1.87299354013276,-0.867369149361486,0.867369149361486,FALSE
11004,2.23042337389264,"(1.3,2.95]",1.18732205215937,-1.04310132173327,1.04310132173327,FALSE
11006,2.53019969820308,"(1.3,2.95]",2.6143427101492,0.0841430119461184,0.0841430119461184,FALSE
11009,2.11394335230684,"(1.3,2.95]",1.62363635786237,-0.490306994444467,0.490306994444467,FALSE
11016,2.34242268082221,"(1.3,2.95]",1.64595206779827,-0.696470613023936,0.696470613023936,FALSE
11024,2.47562761144108,"(1.3,2.95]",1.25042857247125,-1.22519903896983,1.22519903896983,FALSE
11033,2.18184358794477,"(1.3,2.95]",1.75959833832269,-0.422245249622081,0.422245249622081,FALSE
11052,2.25527250510331,"(1.3,2.95]",1.67547231347272,-0.579800191630586,0.579800191630586,FALSE
11065,2.63345835559047,"(1.3,2.95]",1.66797552582117,-0.965482829769298,0.965482829769298,FALSE
11067,2.74035479315915,"(1.3,2.95]",1.67772180516609,-1.06263298799306,1.06263298799306,FALSE
11072,2.29885307640971,"(1.3,2.95]",2.67571926456409,0.376866188154385,0.376866188154385,FALSE
11078,2.35218251811136,"(1.3,2.95]",1.42993193890532,-0.922250579206048,0.922250579206048,FALSE
11092,2.29885307640971,"(1.3,2.95]",2.67571926456409,0.376866188154385,0.376866188154385,FALSE
11095,2.54405563575924,"(1.3,2.95]",1.37726867722866,-1.16678695853058,1.16678695853058,FALSE
11097,2.47712125471966,"(1.3,2.95]",1.46158913574269,-1.01553211897698,1.01553211897698,FALSE
11121,2.63041770407497,"(1.3,2.95]",0.515791468229228,-2.11462623584574,2.11462623584574,FALSE
11127,2.17609125905568,"(1.3,2.95]",1.75469097963741,-0.421400279418273,0.421400279418273,FALSE
11138,2.41329976408125,"(1.3,2.95]",2.40931189794451,-0.00398786613673829,0.00398786613673829,FALSE
11139,2.17600439147225,"(1.3,2.95]",1.82689843860275,-0.349105952869501,0.349105952869501,FALSE
11156,2.47710677799565,"(1.3,2.95]",1.83767075384957,-0.639436024146086,0.639436024146086,FALSE
11157,2.21748394421391,"(1.3,2.95]",1.75959833832269,-0.457885605891215,0.457885605891215,FALSE
11166,2.47710677799565,"(1.3,2.95]",1.33969188539179,-1.13741489260386,1.13741489260386,FALSE
11175,2.46239799789896,"(1.3,2.95]",1.43433762105461,-1.02806037684435,1.02806037684435,FALSE
11181,2.20409283840254,"(1.3,2.95]",1.37046675045885,-0.833626087943694,0.833626087943694,FALSE
11195,2.39794000867204,"(1.3,2.95]",1.40182414625207,-0.996115862419968,0.996115862419968,FALSE
11216,2.47712125471966,"(1.3,2.95]",1.86324726078784,-0.613873993931821,0.613873993931821,FALSE
11221,2.4456042032736,"(1.3,2.95]",2.1539297895531,-0.291674413720497,0.291674413720497,FALSE
11223,2.25285303097989,"(1.3,2.95]",2.54630638308964,0.293453352109742,0.293453352109742,FALSE
11232,2.30102999566398,"(1.3,2.95]",1.76096799928294,-0.540061996381044,0.540061996381044,FALSE
11237,2.39794000867204,"(1.3,2.95]",1.79231959357482,-0.605620415097218,0.605620415097218,FALSE
11239,1.99563519459755,"(1.3,2.95]",2.71571696395879,0.720081769361239,0.720081769361239,FALSE
11243,2,"(1.3,2.95]",1.79231959357482,-0.207680406425181,0.207680406425181,FALSE
11250,0.999565488225982,"(-0.352,1.3]",1.35329952540491,0.353734037178932,0.353734037178932,FALSE
11258,2.17609125905568,"(1.3,2.95]",1.73237523774069,-0.443716021314995,0.443716021314995,FALSE
11262,2.75966784468963,"(1.3,2.95]",2.09820498732182,-0.661462857367812,0.661462857367812,FALSE
11274,2.71180722904119,"(1.3,2.95]",2.03717938488588,-0.674627844155308,0.674627844155308,FALSE
11278,2.47712125471966,"(1.3,2.95]",1.79231959357482,-0.684801661144843,0.684801661144843,FALSE
11285,2.50514997831991,"(1.3,2.95]",1.74075185612536,-0.76439812219455,0.76439812219455,FALSE
11307,2.17603334926402,"(1.3,2.95]",1.93547771626937,-0.240555632994656,0.240555632994656,FALSE
11311,2.36163341391006,"(1.3,2.95]",1.82797478835433,-0.533658625555723,0.533658625555723,FALSE
11321,2.77815125038364,"(1.3,2.95]",2.10947671305915,-0.668674537324491,0.668674537324491,FALSE
11325,2.54406804435028,"(1.3,2.95]",1.87444541379576,-0.669622630554516,0.669622630554516,FALSE
11329,2.64836001098093,"(1.3,2.95]",1.74555034147975,-0.902809669501179,0.902809669501179,FALSE
11335,2.34242268082221,"(1.3,2.95]",1.67838872404526,-0.664033956776945,0.664033956776945,FALSE
11346,2.33243845991561,"(1.3,2.95]",1.73237523774069,-0.600063222174919,0.600063222174919,FALSE
11349,2.24303804868629,"(1.3,2.95]",1.76096799928294,-0.482070049403357,0.482070049403357,FALSE
11360,2.30102999566398,"(1.3,2.95]",1.66606109011103,-0.63496890555295,0.63496890555295,FALSE
11377,2.4983105537896,"(1.3,2.95]",1.80359131931215,-0.694719234477448,0.694719234477448,FALSE
11386,2.17609125905568,"(1.3,2.95]",1.73237523774069,-0.443716021314995,0.443716021314995,FALSE
11391,1.30102999566398,"(1.3,2.95]",1.73237523774069,0.431345242076705,0.431345242076705,FALSE
11409,2.65321251377534,"(1.3,2.95]",1.85843115377987,-0.794781359995478,0.794781359995478,FALSE
11411,2.47712125471966,"(1.3,2.95]",1.81202384410594,-0.665097410613723,0.665097410613723,FALSE
11419,2.84509804001426,"(1.3,2.95]",1.73237523774069,-1.11272280227357,1.11272280227357,FALSE
11432,2,"(1.3,2.95]",1.43114182394832,-0.568858176051679,0.568858176051679,FALSE
11437,2.25527250510331,"(1.3,2.95]",1.73237523774069,-0.52289726736262,0.52289726736262,FALSE
11471,-0.00436480540245009,"(-0.352,1.3]",0.536740383714585,0.541105189117035,0.541105189117035,FALSE
11472,2.33243845991561,"(1.3,2.95]",1.72553772725246,-0.606900732663142,0.606900732663142,FALSE
11478,2.57403126772772,"(1.3,2.95]",1.79094993261457,-0.783081335113145,0.783081335113145,FALSE
11482,2.42324587393681,"(1.3,2.95]",1.72053996857867,-0.702705905358139,0.702705905358139,FALSE
11484,2.65321251377534,"(1.3,2.95]",1.80222165835191,-0.850990855423437,0.850990855423437,FALSE
11485,2.77814401208196,"(1.3,2.95]",1.60271302731559,-1.17543098476637,1.17543098476637,FALSE
11486,2.86331691084023,"(1.3,2.95]",1.67772180516609,-1.18559510567414,1.18559510567414,FALSE
11488,2.86331691084023,"(1.3,2.95]",1.45540546532969,-1.40791144551054,1.40791144551054,FALSE
11489,2.69896131835952,"(1.3,2.95]",1.60271302731559,-1.09624829104393,1.09624829104393,FALSE
11491,2.69896131835952,"(1.3,2.95]",1.60271302731559,-1.09624829104393,1.09624829104393,FALSE
11492,2.77814401208196,"(1.3,2.95]",1.61245930666051,-1.16568470542145,1.16568470542145,FALSE
11493,2.86331691084023,"(1.3,2.95]",1.44413373959236,-1.41918317124787,1.41918317124787,FALSE
11494,2.54406804435028,"(1.3,2.95]",2.071785178386,-0.472282865964273,0.472282865964273,FALSE
11496,2.54406804435028,"(1.3,2.95]",1.86324726078784,-0.680820783562434,0.680820783562434,FALSE
11506,2.16121821969102,"(1.3,2.95]",1.18064740650183,-0.980570813189183,0.980570813189183,FALSE
11593,1.77815125038364,"(1.3,2.95]",1.52300076674213,-0.255150483641516,0.255150483641516,FALSE
11602,2.07914505333275,"(1.3,2.95]",1.10388724554665,-0.975257807786104,0.975257807786104,FALSE
11622,1.47712125471966,"(1.3,2.95]",1.45909088504974,-0.0180303696699247,0.0180303696699247,FALSE
11626,2.06066007397401,"(1.3,2.95]",0.279124807051772,-1.78153526692224,1.78153526692224,FALSE
11639,2.07914505333275,"(1.3,2.95]",1.1025175845864,-0.976627468746349,0.976627468746349,FALSE
11644,1.90308998699194,"(1.3,2.95]",1.49164917245025,-0.411440814541697,0.411440814541697,FALSE
11651,2.25524837696186,"(1.3,2.95]",0.654811677996848,-1.60043669896501,1.60043669896501,FALSE
11674,1.65321251377534,"(1.3,2.95]",1.52300076674213,-0.130211747033216,0.130211747033216,FALSE
11683,2.17603334926402,"(1.3,2.95]",1.48996528788502,-0.686068061379002,0.686068061379002,FALSE
11685,2.20411998265592,"(1.3,2.95]",1.48181310008179,-0.72230688257413,0.72230688257413,FALSE
11691,-0.00436480540245009,"(-0.352,1.3]",0.218178078649223,0.222542884051673,0.222542884051673,FALSE
11693,2.35216321570544,"(1.3,2.95]",0.2264177472197,-2.12574546848574,2.12574546848574,FALSE
11699,1.99995656838019,"(1.3,2.95]",1.26383619423012,-0.736120374150071,0.736120374150071,FALSE
11700,1.30081279411812,"(1.3,2.95]",1.73874463196839,0.437931837850269,0.437931837850269,FALSE
11704,1.99978279845414,"(1.3,2.95]",1.88742185491453,-0.112360943539607,0.112360943539607,FALSE
11712,1.6232492903979,"(1.3,2.95]",1.58294512257626,-0.0403041678216396,0.0403041678216396,FALSE
11713,2.17609125905568,"(1.3,2.95]",1.47176049330267,-0.704330765753016,0.704330765753016,FALSE
11718,2,"(1.3,2.95]",1.35481280507081,-0.64518719492919,0.64518719492919,FALSE
11741,1.99995656838019,"(1.3,2.95]",1.26246653326988,-0.737490035110317,0.737490035110317,FALSE
11746,2.19309675807227,"(1.3,2.95]",0.279124807051772,-1.9139719510205,1.9139719510205,FALSE
11748,1.81291335664286,"(1.3,2.95]",1.49358440690713,-0.319328949735724,0.319328949735724,FALSE
11765,2.69897000433602,"(1.3,2.95]",1.52437042770237,-1.17459957663365,1.17459957663365,FALSE
11769,1.39794000867204,"(1.3,2.95]",1.58294512257626,0.185005113904223,0.185005113904223,FALSE
11777,2.51188336097887,"(1.3,2.95]",1.86324726078784,-0.648636100191032,0.648636100191032,FALSE
11796,1.90308998699194,"(1.3,2.95]",1.73100557678044,-0.172084410211503,0.172084410211503,FALSE
11836,1.71808629478309,"(1.3,2.95]",1.73237523774069,0.0142889429575945,0.0142889429575945,FALSE
11865,2,"(1.3,2.95]",1.73100557678044,-0.26899442321956,0.26899442321956,FALSE
11871,1.8750612633917,"(1.3,2.95]",1.66709569508805,-0.20796556830365,0.20796556830365,FALSE
11875,2.17609125905568,"(1.3,2.95]",1.76980635360618,-0.406284905449504,0.406284905449504,FALSE
11877,2.39794000867204,"(1.3,2.95]",1.80359131931215,-0.594348689359885,0.594348689359885,FALSE
11878,2.39794000867204,"(1.3,2.95]",1.42993193890532,-0.968008069766722,0.968008069766722,FALSE
11881,2.46089784275655,"(1.3,2.95]",2.62698409684678,0.166086254090232,0.166086254090232,FALSE
11891,-2,"(-2,-0.352]",1.67533965076325,3.67533965076325,3.67533965076325,FALSE
11893,2.39794000867204,"(1.3,2.95]",1.42993193890532,-0.968008069766722,0.968008069766722,FALSE
11901,2.301008280397,"(1.3,2.95]",1.47262534250441,-0.82838293789259,0.82838293789259,FALSE
11902,2.301008280397,"(1.3,2.95]",1.48188073730875,-0.819127543088251,0.819127543088251,FALSE
11906,1.39794000867204,"(1.3,2.95]",1.6657260341278,0.267786025455767,0.267786025455767,FALSE
11913,1.69897000433602,"(1.3,2.95]",1.72567038996194,0.0267003856259187,0.0267003856259187,FALSE
11914,2.30102999566398,"(1.3,2.95]",1.50083245912737,-0.800197536536611,0.800197536536611,FALSE
11918,2,"(1.3,2.95]",1.32173516664865,-0.678264833351355,0.678264833351355,FALSE
11922,1.84198480459011,"(1.3,2.95]",2.48423916410925,0.642254359519138,0.642254359519138,FALSE
11923,0,"(-0.352,1.3]",1.9194567562158,1.9194567562158,1.9194567562158,FALSE
11924,2.43933269383026,"(1.3,2.95]",1.70986199777204,-0.729470696058218,0.729470696058218,FALSE
11925,-0.00436480540245009,"(-0.352,1.3]",0.477934367952106,0.482299173354556,0.482299173354556,FALSE
11927,1.99995656838019,"(1.3,2.95]",1.53041569914232,-0.469540869237872,0.469540869237872,FALSE
11930,-0.00436480540245009,"(-0.352,1.3]",0.455778022798203,0.460142828200653,0.460142828200653,FALSE
11933,2.25527250510331,"(1.3,2.95]",1.79094993261457,-0.464322572488733,0.464322572488733,FALSE
11937,1.69897000433602,"(1.3,2.95]",1.72704005092218,0.0280700465861645,0.0280700465861645,FALSE
11938,2.36172783601759,"(1.3,2.95]",1.43053375064996,-0.931194085367636,0.931194085367636,FALSE
11940,2.24303804868629,"(1.3,2.95]",1.76006007426126,-0.482977974425033,0.482977974425033,FALSE
11941,2.41497334797082,"(1.3,2.95]",1.79231959357482,-0.622653754395998,0.622653754395998,FALSE
11942,1.90308998699194,"(1.3,2.95]",1.62679962529621,-0.276290361695738,0.276290361695738,FALSE
11944,2,"(1.3,2.95]",1.66038621987929,-0.339613780120709,0.339613780120709,FALSE
11945,-0.00436480540245009,"(-0.352,1.3]",0.30556370083928,0.30992850624173,0.30992850624173,FALSE
11946,1.99995656838019,"(1.3,2.95]",1.47047134330819,-0.529485225072005,0.529485225072005,FALSE
11947,-0.00436480540245009,"(-0.352,1.3]",0.67792005676958,0.68228486217203,0.68228486217203,FALSE
11949,1.8750612633917,"(1.3,2.95]",1.76096799928294,-0.114093264108763,0.114093264108763,FALSE
11950,2.07918124604762,"(1.3,2.95]",1.86324726078784,-0.215933985259783,0.215933985259783,FALSE
11953,-0.346787486224656,"(-0.352,1.3]",1.86324726078784,2.2100347470125,2.2100347470125,FALSE
11955,1.89762709129044,"(1.3,2.95]",2.47863899684529,0.581011905554849,0.581011905554849,FALSE
11956,-0.00436480540245009,"(-0.352,1.3]",0.455778022798203,0.460142828200653,0.460142828200653,FALSE
11957,2.17609125905568,"(1.3,2.95]",1.5855235132711,-0.590567745784585,0.590567745784585,FALSE
11959,1.99563519459755,"(1.3,2.95]",2.66621098907077,0.670575794473223,0.670575794473223,FALSE
11960,1.87215627274829,"(1.3,2.95]",1.63282649035756,-0.239329782390737,0.239329782390737,FALSE
11961,1.81284653696707,"(1.3,2.95]",0.875132426072521,-0.93771411089455,0.93771411089455,FALSE
11966,1.81291335664286,"(1.3,2.95]",1.74130828126665,-0.0716050753762076,0.0716050753762076,FALSE
11967,2,"(1.3,2.95]",1.75959833832269,-0.240401661677308,0.240401661677308,FALSE
11968,2.38021124171161,"(1.3,2.95]",1.86680777216454,-0.51340346954707,0.51340346954707,FALSE
11969,1.95424250943932,"(1.3,2.95]",1.8354212621562,-0.118821247283129,0.118821247283129,FALSE
11970,2,"(1.3,2.95]",1.67194722615266,-0.328052773847336,0.328052773847336,FALSE
11971,2.17609125905568,"(1.3,2.95]",1.76096799928294,-0.415123259772744,0.415123259772744,FALSE
11972,1.95419425181586,"(1.3,2.95]",1.33911515616696,-0.615079095648899,0.615079095648899,FALSE
11973,-0.00436480540245009,"(-0.352,1.3]",0.167755086070944,0.172119891473394,0.172119891473394,FALSE
11974,-2,"(-2,-0.352]",2.02851435214277,4.02851435214277,4.02851435214277,FALSE
11975,1.69010743945633,"(1.3,2.95]",0.423130393732175,-1.26697704572416,1.26697704572416,FALSE
11976,2.35218251811136,"(1.3,2.95]",1.73817911395004,-0.61400340416132,0.61400340416132,FALSE
11977,1.84509804001426,"(1.3,2.95]",1.74431896728316,-0.100779072731094,0.100779072731094,FALSE
11978,2.28780172993023,"(1.3,2.95]",1.92091694796641,-0.366884781963813,0.366884781963813,FALSE
11979,0,"(-0.352,1.3]",1.72567038996194,1.72567038996194,1.72567038996194,FALSE
11980,2.11058971029925,"(1.3,2.95]",2.57547226580643,0.464882555507185,0.464882555507185,FALSE
11981,1.95424250943932,"(1.3,2.95]",1.9522685422583,-0.00197396718102993,0.00197396718102993,FALSE
11982,1.90308998699194,"(1.3,2.95]",1.59780508892221,-0.305284898069736,0.305284898069736,FALSE
11983,0,"(-0.352,1.3]",1.7010236434488,1.7010236434488,1.7010236434488,FALSE
11984,2.14301480025409,"(1.3,2.95]",2.83955415733826,0.696539357084167,0.696539357084167,FALSE
11985,-0.00436480540245009,"(-0.352,1.3]",0.455778022798203,0.460142828200653,0.460142828200653,FALSE
11987,2,"(1.3,2.95]",1.76006007426126,-0.239939925738738,0.239939925738738,FALSE
11989,-0.00436480540245009,"(-0.352,1.3]",0.547073972924218,0.551438778326668,0.551438778326668,FALSE
11990,2,"(1.3,2.95]",1.74075185612536,-0.259248143874644,0.259248143874644,FALSE
11991,1.69897000433602,"(1.3,2.95]",1.72567038996194,0.0267003856259187,0.0267003856259187,FALSE
11992,2.17609125905568,"(1.3,2.95]",1.80330290495371,-0.372788354101972,0.372788354101972,FALSE
11993,0,"(-0.352,1.3]",1.32310482760889,1.32310482760889,1.32310482760889,FALSE
11995,2.29885307640971,"(1.3,2.95]",2.78403793817759,0.485184861767885,0.485184861767885,FALSE
11996,1.97772360528885,"(1.3,2.95]",1.76992163577727,-0.207801969511575,0.207801969511575,FALSE
11997,2.74036268949424,"(1.3,2.95]",2.01753104076388,-0.722831648730363,0.722831648730363,FALSE
12000,2,"(1.3,2.95]",1.75959833832269,-0.240401661677308,0.240401661677308,FALSE
12001,1.92941892571429,"(1.3,2.95]",1.66853986155967,-0.260879064154627,0.260879064154627,FALSE
12002,-1,"(-2,-0.352]",1.7820419107743,2.7820419107743,2.7820419107743,FALSE
12003,-0.00436480540245009,"(-0.352,1.3]",0.393594100263215,0.397958905665665,0.397958905665665,FALSE
12004,1.69897000433602,"(1.3,2.95]",1.55603599702793,-0.142934007308086,0.142934007308086,FALSE
12005,1.69888313675259,"(1.3,2.95]",1.37046675045885,-0.328416386293745,0.328416386293745,FALSE
12006,2.11390994375404,"(1.3,2.95]",1.18414534132779,-0.929764602426246,0.929764602426246,FALSE
12007,1.99563519459755,"(1.3,2.95]",2.74294006454079,0.747304869943245,0.747304869943245,FALSE
12008,2.47712125471966,"(1.3,2.95]",1.80467256591395,-0.672448688805708,0.672448688805708,FALSE
12009,2.17609125905568,"(1.3,2.95]",1.90415124713235,-0.271940011923329,0.271940011923329,FALSE
12010,-0.00877392430750515,"(-0.352,1.3]",0.898771190353797,0.907545114661302,0.907545114661302,FALSE
12011,-0.00436480540245009,"(-0.352,1.3]",0.547073972924218,0.551438778326668,0.551438778326668,FALSE
12015,1.92941892571429,"(1.3,2.95]",1.66853986155967,-0.260879064154627,0.260879064154627,FALSE
12017,0,"(-0.352,1.3]",1.72567038996194,1.72567038996194,1.72567038996194,FALSE
12018,-0.00436480540245009,"(-0.352,1.3]",0.423219735397694,0.427584540800145,0.427584540800145,FALSE
12019,1.92941892571429,"(1.3,2.95]",1.75959833832269,-0.169820587391601,0.169820587391601,FALSE
12020,1.84509804001426,"(1.3,2.95]",1.72704005092218,-0.118057989092074,0.118057989092074,FALSE
12021,1.84509804001426,"(1.3,2.95]",1.75959833832269,-0.0854997016915653,0.0854997016915653,FALSE
12022,1.60205999132796,"(1.3,2.95]",1.72704005092218,0.124980059594221,0.124980059594221,FALSE
12023,1.30081279411812,"(1.3,2.95]",1.80615562921487,0.505342835096749,0.505342835096749,FALSE
12025,1,"(-0.352,1.3]",1.73324335762501,0.73324335762501,0.73324335762501,FALSE
12026,0,"(-0.352,1.3]",1.70011571842713,1.70011571842713,1.70011571842713,FALSE
12027,0,"(-0.352,1.3]",1.67547231347272,1.67547231347272,1.67547231347272,FALSE
12028,2.46239799789896,"(1.3,2.95]",1.82108399703977,-0.641314000859185,0.641314000859185,FALSE
12029,2.17609125905568,"(1.3,2.95]",1.66350354538208,-0.512587713673597,0.512587713673597,FALSE
12030,-0.00436480540245009,"(-0.352,1.3]",0.483164091231828,0.487528896634278,0.487528896634278,FALSE
12031,0,"(-0.352,1.3]",1.75446577591513,1.75446577591513,1.75446577591513,FALSE
12032,2.41495664401567,"(1.3,2.95]",1.42530658492656,-0.989650059089108,0.989650059089108,FALSE
12033,2.25527250510331,"(1.3,2.95]",1.76934461766761,-0.485927887435698,0.485927887435698,FALSE
12034,2.45939248775923,"(1.3,2.95]",1.85843115377987,-0.600961333979365,0.600961333979365,FALSE
12039,2.17609125905568,"(1.3,2.95]",1.80069621195949,-0.375395047096192,0.375395047096192,FALSE
12041,2.17609125905568,"(1.3,2.95]",1.79231959357482,-0.383771665480862,0.383771665480862,FALSE
12042,2.07918124604762,"(1.3,2.95]",1.54193221167183,-0.537249034375795,0.537249034375795,FALSE
12044,1.96848294855394,"(1.3,2.95]",1.84045009669377,-0.128032851860168,0.128032851860168,FALSE
12045,2.65321251377534,"(1.3,2.95]",2.10947671305915,-0.543735800716191,0.543735800716191,FALSE
12046,2.14301480025409,"(1.3,2.95]",2.52304676002319,0.380031959769091,0.380031959769091,FALSE
12048,1.87500335360004,"(1.3,2.95]",1.0468053960821,-0.828197957517939,0.828197957517939,FALSE
12049,1.30102999566398,"(1.3,2.95]",1.76096799928294,0.459938003618956,0.459938003618956,FALSE
12051,1.39794000867204,"(1.3,2.95]",1.73100557678044,0.333065568108403,0.333065568108403,FALSE
12053,2.27646180417324,"(1.3,2.95]",2.55439835431507,0.277936550141823,0.277936550141823,FALSE
12055,1.47697646575953,"(1.3,2.95]",1.87575254453741,0.398776078777882,0.398776078777882,FALSE
12056,1.95424250943932,"(1.3,2.95]",1.95554063927655,0.00129812983722055,0.00129812983722055,FALSE
12058,2.39790526372367,"(1.3,2.95]",1.81986025689096,-0.578045006832711,0.578045006832711,FALSE
12059,2.14612803567824,"(1.3,2.95]",1.55168994626753,-0.594438089410712,0.594438089410712,FALSE
12061,-2,"(-2,-0.352]",1.72704005092218,3.72704005092218,3.72704005092218,FALSE
12062,0,"(-0.352,1.3]",1.73100557678044,1.73100557678044,1.73100557678044,FALSE
12063,2.29003461136252,"(1.3,2.95]",1.84532713520723,-0.444707476155288,0.444707476155288,FALSE
12064,2.39794000867204,"(1.3,2.95]",2.01616137980363,-0.381778628868403,0.381778628868403,FALSE
12065,2.09691001300806,"(1.3,2.95]",1.73100557678044,-0.365904436227616,0.365904436227616,FALSE
12066,2.25524837696186,"(1.3,2.95]",1.33957689210553,-0.915671484856324,0.915671484856324,FALSE
12067,1.99978279845414,"(1.3,2.95]",2.0045924507654,0.00480965231126063,0.00480965231126063,FALSE
12068,0,"(-0.352,1.3]",1.66709569508805,1.66709569508805,1.66709569508805,FALSE
12072,1.99995656838019,"(1.3,2.95]",1.43911974901631,-0.560836819363887,0.560836819363887,FALSE
12073,1.89762709129044,"(1.3,2.95]",2.49048847262268,0.592861381332236,0.592861381332236,FALSE
12074,2.46239799789896,"(1.3,2.95]",1.71687897707325,-0.74551902082571,0.74551902082571,FALSE
12075,2.35218251811136,"(1.3,2.95]",1.6960175298594,-0.656164988251965,0.656164988251965,FALSE
12076,0.999565488225982,"(-0.352,1.3]",1.34048481712721,0.340919328901227,0.340919328901227,FALSE
12079,2.29885307640971,"(1.3,2.95]",2.79530966391493,0.496456587505218,0.496456587505218,FALSE
12080,2.17606230512508,"(1.3,2.95]",1.26241031592687,-0.913651989198206,0.913651989198206,FALSE
12081,2.17609125905568,"(1.3,2.95]",1.78113398575263,-0.394957273303054,0.394957273303054,FALSE
12082,1.99563519459755,"(1.3,2.95]",2.78556338457001,0.78992818997246,0.78992818997246,FALSE
12083,1.69897000433602,"(1.3,2.95]",1.68413747141862,-0.0148325329173959,0.0148325329173959,FALSE
12084,-2,"(-2,-0.352]",1.7387254399727,3.7387254399727,3.7387254399727,FALSE
12087,-0.00436480540245009,"(-0.352,1.3]",0.503506511822145,0.507871317224595,0.507871317224595,FALSE
12089,1.99563519459755,"(1.3,2.95]",2.70480063602016,0.709165441422606,0.709165441422606,FALSE
12090,1.95424250943932,"(1.3,2.95]",1.75138902739344,-0.202853482045889,0.202853482045889,FALSE
12091,-0.00436480540245009,"(-0.352,1.3]",0.36880844251982,0.37317324792227,0.37317324792227,FALSE
12092,2.24301323114968,"(1.3,2.95]",0.515722378632336,-1.72729085251734,1.72729085251734,FALSE
12093,2.17609125905568,"(1.3,2.95]",1.64307101698899,-0.53302024206669,0.53302024206669,FALSE
12094,1.97772360528885,"(1.3,2.95]",1.92091694796641,-0.0568066573224346,0.0568066573224346,FALSE
12097,1.99995656838019,"(1.3,2.95]",1.49346059087766,-0.506495977502535,0.506495977502535,FALSE
12099,2.23044892137827,"(1.3,2.95]",1.77087006406002,-0.459578857318249,0.459578857318249,FALSE
12102,0,"(-0.352,1.3]",1.87588864748542,1.87588864748542,1.87588864748542,FALSE
12105,-0.00436480540245009,"(-0.352,1.3]",0.525468657977252,0.529833463379702,0.529833463379702,FALSE
12107,-0.00436480540245009,"(-0.352,1.3]",0.543339112518044,0.547703917920494,0.547703917920494,FALSE
12108,2.51850077923964,"(1.3,2.95]",1.37183641141909,-1.14666436782055,1.14666436782055,FALSE
12111,2.30102999566398,"(1.3,2.95]",1.81196793769682,-0.489062057967159,0.489062057967159,FALSE
12112,2.68124123737559,"(1.3,2.95]",2.09820498732182,-0.583036250053768,0.583036250053768,FALSE
12113,2.30102999566398,"(1.3,2.95]",1.8682333395339,-0.432796656130082,0.432796656130082,FALSE
12114,1.8750612633917,"(1.3,2.95]",1.75959833832269,-0.115462925069008,0.115462925069008,FALSE
12115,2.30102999566398,"(1.3,2.95]",1.76096799928294,-0.540061996381044,0.540061996381044,FALSE
12116,1.99995656838019,"(1.3,2.95]",1.49906410485044,-0.500892463529754,0.500892463529754,FALSE
12117,2.35218251811136,"(1.3,2.95]",1.73237523774069,-0.619807280370676,0.619807280370676,FALSE
12118,1.47712125471966,"(1.3,2.95]",1.75959833832269,0.282477083603029,0.282477083603029,FALSE
12121,1.8750612633917,"(1.3,2.95]",1.42993193890532,-0.445129324486385,0.445129324486385,FALSE
12122,2.67208861752929,"(1.3,2.95]",1.61669620273016,-1.05539241479913,1.05539241479913,FALSE
12123,0.698970004336019,"(-0.352,1.3]",1.80222165835191,1.10325165401589,1.10325165401589,FALSE
12124,1.69897000433602,"(1.3,2.95]",1.74546585682207,0.0464958524860477,0.0464958524860477,FALSE
12125,1.99995656838019,"(1.3,2.95]",1.54016197848724,-0.459794589892956,0.459794589892956,FALSE
12126,1.99563519459755,"(1.3,2.95]",2.78556338457001,0.78992818997246,0.78992818997246,FALSE
12127,2.30102999566398,"(1.3,2.95]",1.8555360464272,-0.445493949236778,0.445493949236778,FALSE
12129,1.39794000867204,"(1.3,2.95]",1.80359131931215,0.405651310640115,0.405651310640115,FALSE
12130,1.69897000433602,"(1.3,2.95]",1.63333085435794,-0.0656391499780831,0.0656391499780831,FALSE
12132,2.30102999566398,"(1.3,2.95]",1.73887210658407,-0.562157889079915,0.562157889079915,FALSE
12134,2,"(1.3,2.95]",1.71859121472985,-0.28140878527015,0.28140878527015,FALSE
12136,2.04921802267018,"(1.3,2.95]",1.68400852556351,-0.365209497106673,0.365209497106673,FALSE
12138,2.14612803567824,"(1.3,2.95]",1.75959833832269,-0.386529697355547,0.386529697355547,FALSE
12139,-0.00436480540245009,"(-0.352,1.3]",0.619371301097486,0.623736106499936,0.623736106499936,FALSE
12140,2.11377628383703,"(1.3,2.95]",1.75727090074755,-0.356505383089484,0.356505383089484,FALSE
12141,2.37657695705651,"(1.3,2.95]",1.74795430446071,-0.6286226525958,0.6286226525958,FALSE
12145,1.99563519459755,"(1.3,2.95]",2.77429165883268,0.778656464235126,0.778656464235126,FALSE
12146,-0.00436480540245009,"(-0.352,1.3]",-0.0133782020620774,-0.00901339665962732,0.00901339665962732,FALSE
12147,1.69897000433602,"(1.3,2.95]",1.60024277515367,-0.0987272291823469,0.0987272291823469,FALSE
12149,-0.00436480540245009,"(-0.352,1.3]",0.497821714288687,0.502186519691137,0.502186519691137,FALSE
12151,1.98227123303957,"(1.3,2.95]",1.93218867370375,-0.0500825593358221,0.0500825593358221,FALSE
12152,-0.00436480540245009,"(-0.352,1.3]",0.401069824784053,0.405434630186503,0.405434630186503,FALSE
12154,2.54406804435028,"(1.3,2.95]",1.68297073139599,-0.861097312954283,0.861097312954283,FALSE
12155,2.30102999566398,"(1.3,2.95]",1.62179362075878,-0.679236374905201,0.679236374905201,FALSE
12156,1.60205999132796,"(1.3,2.95]",1.71129807893756,0.109238087609598,0.109238087609598,FALSE
12157,2.02938377768521,"(1.3,2.95]",1.69269307389432,-0.336690703790893,0.336690703790893,FALSE
12160,1.39794000867204,"(1.3,2.95]",1.66709569508805,0.269155686416013,0.269155686416013,FALSE
12161,1.99995656838019,"(1.3,2.95]",1.49906410485044,-0.500892463529754,0.500892463529754,FALSE
12162,2.29885307640971,"(1.3,2.95]",2.7705567984265,0.471703722016796,0.471703722016796,FALSE
12163,2.25285303097989,"(1.3,2.95]",2.58120492775593,0.328351896776037,0.328351896776037,FALSE
12166,-0.00436480540245009,"(-0.352,1.3]",0.547073972924218,0.551438778326668,0.551438778326668,FALSE
12167,2.51188336097887,"(1.3,2.95]",1.87588864748542,-0.635994713493453,0.635994713493453,FALSE
12168,1.99563519459755,"(1.3,2.95]",2.68436536966691,0.688730175069358,0.688730175069358,FALSE
12169,2.08278537031645,"(1.3,2.95]",1.68445499325622,-0.398330377060231,0.398330377060231,FALSE
12172,-0.00436480540245009,"(-0.352,1.3]",0.401069824784053,0.405434630186503,0.405434630186503,FALSE
12173,-0.00436480540245009,"(-0.352,1.3]",0.449584488500937,0.453949293903387,0.453949293903387,FALSE
12174,2.301008280397,"(1.3,2.95]",1.76934977963076,-0.531658500766237,0.531658500766237,FALSE
12177,1,"(-0.352,1.3]",1.82177012345086,0.821770123450856,0.821770123450856,FALSE
12180,2.17609125905568,"(1.3,2.95]",1.70940026183347,-0.466690997222207,0.466690997222207,FALSE
12181,1.77815125038364,"(1.3,2.95]",1.53199638698576,-0.246154863397881,0.246154863397881,FALSE
12182,2.30102999566398,"(1.3,2.95]",1.78584541124815,-0.515184584415827,0.515184584415827,FALSE
12183,2.17318626841227,"(1.3,2.95]",2.6143427101492,0.441156441736926,0.441156441736926,FALSE
12185,2.34242268082221,"(1.3,2.95]",1.63630288271474,-0.706119798107461,0.706119798107461,FALSE
12186,2.39792263654532,"(1.3,2.95]",1.25068470903635,-1.14723792750896,1.14723792750896,FALSE
12187,2.51188336097887,"(1.3,2.95]",1.85843115377987,-0.653452207199009,0.653452207199009,FALSE
12188,2.17609125905568,"(1.3,2.95]",1.76096799928294,-0.415123259772744,0.415123259772744,FALSE
12189,2.17318626841227,"(1.3,2.95]",2.52441642098343,0.351230152571158,0.351230152571158,FALSE
12190,1.69897000433602,"(1.3,2.95]",1.79094993261457,0.0919799282785547,0.0919799282785547,FALSE
12191,2.47567118832443,"(1.3,2.95]",2.75314807982428,0.277476891499851,0.277476891499851,FALSE
12192,2.47712125471966,"(1.3,2.95]",1.03189773010934,-1.44522352461032,1.44522352461032,FALSE
12196,1.94939000664491,"(1.3,2.95]",2.58299111585732,0.633601109212406,0.633601109212406,FALSE
12199,2.29885307640971,"(1.3,2.95]",2.75314807982428,0.454295003414574,0.454295003414574,FALSE
12200,1.8750612633917,"(1.3,2.95]",1.60590054042038,-0.269160722971315,0.269160722971315,FALSE
12201,-0.00436480540245009,"(-0.352,1.3]",0.993785072128895,0.998149877531345,0.998149877531345,FALSE
12203,2.46089784275655,"(1.3,2.95]",2.58345285179589,0.122555009039341,0.122555009039341,FALSE
12204,2.39794000867204,"(1.3,2.95]",1.65766722333982,-0.740272785332219,0.740272785332219,FALSE
12205,-0.00436480540245009,"(-0.352,1.3]",0.263304448142677,0.267669253545127,0.267669253545127,FALSE
12206,2.30102999566398,"(1.3,2.95]",2.09973043371424,-0.201299561949745,0.201299561949745,FALSE
12208,2.14612803567824,"(1.3,2.95]",1.76980635360618,-0.376321682072061,0.376321682072061,FALSE
12209,2.53019969820308,"(1.3,2.95]",3.12724479939775,0.597045101194669,0.597045101194669,FALSE
12212,2.60205999132796,"(1.3,2.95]",1.79231959357482,-0.809740397753143,0.809740397753143,FALSE
12213,-0.00436480540245009,"(-0.352,1.3]",0.401069824784053,0.405434630186503,0.405434630186503,FALSE
12214,2.17609125905568,"(1.3,2.95]",1.73100557678044,-0.445085682275241,0.445085682275241,FALSE
12215,-2,"(-2,-0.352]",1.73332111897169,3.73332111897169,3.73332111897169,FALSE
12217,2.17594647009555,"(1.3,2.95]",1.69815758015953,-0.477788889936016,0.477788889936016,FALSE
12219,2.28101062872148,"(1.3,2.95]",0.496501804296556,-1.78450882442493,1.78450882442493,FALSE
12221,1.95400116768157,"(1.3,2.95]",1.74889428236288,-0.205106885318693,0.205106885318693,FALSE
12224,2.69896131835952,"(1.3,2.95]",1.22621333146775,-1.47274798689178,1.47274798689178,FALSE
12226,2.25527250510331,"(1.3,2.95]",1.76934461766761,-0.485927887435698,0.485927887435698,FALSE
12227,1.69897000433602,"(1.3,2.95]",1.91808709525556,0.219117090919537,0.219117090919537,FALSE
12228,2.51186999786615,"(1.3,2.95]",0.733414975770512,-1.77845502209564,1.77845502209564,FALSE
12229,1.76342799356294,"(1.3,2.95]",1.66709569508805,-0.0963322984748871,0.0963322984748871,FALSE
12230,2.29659938308179,"(1.3,2.95]",1.221835810929,-1.07476357215279,1.07476357215279,FALSE
12231,1.92941892571429,"(1.3,2.95]",1.69056385877916,-0.238855066935137,0.238855066935137,FALSE
12232,-0.00436480540245009,"(-0.352,1.3]",0.458992984123328,0.463357789525778,0.463357789525778,FALSE
12234,-0.00436480540245009,"(-0.352,1.3]",0.481794430271582,0.486159235674032,0.486159235674032,FALSE
12236,2.07910885760144,"(1.3,2.95]",1.82064888044746,-0.258459977153978,0.258459977153978,FALSE
12237,-0.00436480540245009,"(-0.352,1.3]",0.520568963335725,0.524933768738175,0.524933768738175,FALSE
12239,2.54406804435028,"(1.3,2.95]",1.85814273942142,-0.685925304928853,0.685925304928853,FALSE
12240,-0.00436480540245009,"(-0.352,1.3]",0.190382485658109,0.194747291060559,0.194747291060559,FALSE
12241,2.23042337389264,"(1.3,2.95]",1.37046675045885,-0.859956623433795,0.859956623433795,FALSE
12244,1.69888313675259,"(1.3,2.95]",1.28891707967775,-0.409966057074844,0.409966057074844,FALSE
12245,-0.00436480540245009,"(-0.352,1.3]",-0.0283029062019293,-0.0239381007994792,0.0239381007994792,FALSE
12248,1.95419425181586,"(1.3,2.95]",1.02240716699299,-0.931787084822872,0.931787084822872,FALSE
12249,2.57403126772772,"(1.3,2.95]",1.84715942804253,-0.726871839685186,0.726871839685186,FALSE
12252,2.54406804435028,"(1.3,2.95]",1.34824541594071,-1.19582262840957,1.19582262840957,FALSE
12253,2.39788789020704,"(1.3,2.95]",1.82387105325679,-0.574016836950245,0.574016836950245,FALSE
12254,1.65321251377534,"(1.3,2.95]",1.7161183157856,0.0629058020102544,0.0629058020102544,FALSE
12257,2.39619934709574,"(1.3,2.95]",2.52350849596176,0.127309148866019,0.127309148866019,FALSE
12260,-0.00436480540245009,"(-0.352,1.3]",0.494128396756407,0.498493202158857,0.498493202158857,FALSE
12261,2.301008280397,"(1.3,2.95]",1.42283184442855,-0.87817643596845,0.87817643596845,FALSE
12263,-0.00436480540245009,"(-0.352,1.3]",0.487129617090085,0.491494422492535,0.491494422492535,FALSE
12264,1.99563519459755,"(1.3,2.95]",2.75421179027813,0.758576595680578,0.758576595680578,FALSE
12265,0,"(-0.352,1.3]",1.66959699025709,1.66959699025709,1.66959699025709,FALSE
12268,2.25282876804059,"(1.3,2.95]",0.508203528581451,-1.74462523945914,1.74462523945914,FALSE
12270,2.39619934709574,"(1.3,2.95]",2.47882286264026,0.0826235155445203,0.0826235155445203,FALSE
12271,0,"(-0.352,1.3]",1.86324726078784,1.86324726078784,1.86324726078784,FALSE
12272,2.47712125471966,"(1.3,2.95]",1.7872150722084,-0.689906182511263,0.689906182511263,FALSE
12273,2.24303804868629,"(1.3,2.95]",1.6381569499219,-0.60488109876439,0.60488109876439,FALSE
12274,2.24301323114968,"(1.3,2.95]",0.481661767562108,-1.76135146358757,1.76135146358757,FALSE
12275,2.301008280397,"(1.3,2.95]",1.47047134330819,-0.830536937088812,0.830536937088812,FALSE
12278,2.301008280397,"(1.3,2.95]",1.5253111777759,-0.775697102621099,0.775697102621099,FALSE
12280,2.44714252054803,"(1.3,2.95]",1.37046675045885,-1.07667577008918,1.07667577008918,FALSE
12283,2.36172783601759,"(1.3,2.95]",1.74075185612536,-0.620975979892237,0.620975979892237,FALSE
12285,2.21748394421391,"(1.3,2.95]",1.75959833832269,-0.457885605891215,0.457885605891215,FALSE
12286,2.77451696572855,"(1.3,2.95]",2.24977731762062,-0.524739648107925,0.524739648107925,FALSE
12289,2.47712125471966,"(1.3,2.95]",1.80467256591395,-0.672448688805708,0.672448688805708,FALSE
12291,2.39794000867204,"(1.3,2.95]",1.68753337355746,-0.710406635114574,0.710406635114574,FALSE
12297,2.17609125905568,"(1.3,2.95]",1.79094993261457,-0.385141326441108,0.385141326441108,FALSE
12303,2.44714252054803,"(1.3,2.95]",1.44276407863211,-1.00437844191591,1.00437844191591,FALSE
12305,1.95424250943932,"(1.3,2.95]",1.91202843695528,-0.0422140724840425,0.0422140724840425,FALSE
12308,-2,"(-2,-0.352]",1.32310482760889,3.32310482760889,3.32310482760889,FALSE
12310,-0.00436480540245009,"(-0.352,1.3]",0.496875896435001,0.501240701837451,0.501240701837451,FALSE
12315,2.22788670461367,"(1.3,2.95]",2.56158022419334,0.333693519579664,0.333693519579664,FALSE
12316,2.39792263654532,"(1.3,2.95]",1.54018406301554,-0.857738573529781,0.857738573529781,FALSE
12322,-0.00436480540245009,"(-0.352,1.3]",0.496875896435001,0.501240701837451,0.501240701837451,FALSE
12324,2.11394335230684,"(1.3,2.95]",1.80069621195949,-0.313247140347348,0.313247140347348,FALSE
12331,2.35218251811136,"(1.3,2.95]",2.00128951147084,-0.350893006640526,0.350893006640526,FALSE
12332,-0.00436480540245009,"(-0.352,1.3]",0.547073972924218,0.551438778326668,0.551438778326668,FALSE
12339,2.40654018043396,"(1.3,2.95]",1.04002608919709,-1.36651409123687,1.36651409123687,FALSE
12340,-0.00436480540245009,"(-0.352,1.3]",0.513697334464064,0.518062139866514,0.518062139866514,FALSE
12344,2.62838893005031,"(1.3,2.95]",2.01616137980363,-0.612227550246677,0.612227550246677,FALSE
12346,2.47712125471966,"(1.3,2.95]",2.02851435214277,-0.448606902576893,0.448606902576893,FALSE
12348,-2,"(-2,-0.352]",1.70677511300815,3.70677511300815,3.70677511300815,FALSE
12352,2.54406804435028,"(1.3,2.95]",2.03826063148769,-0.50580741286259,0.50580741286259,FALSE
12353,-0.00436480540245009,"(-0.352,1.3]",0.0712799077816478,0.0756447131840979,0.0756447131840979,FALSE
12354,-0.00436480540245009,"(-0.352,1.3]",0.773655081073525,0.778019886475975,0.778019886475975,FALSE
12357,2.30102999566398,"(1.3,2.95]",1.80069621195949,-0.500333783704492,0.500333783704492,FALSE
12361,2.54406804435028,"(1.3,2.95]",1.86324726078784,-0.680820783562434,0.680820783562434,FALSE
12364,2.77451696572855,"(1.3,2.95]",1.96354026799563,-0.810976697732922,0.810976697732922,FALSE
12366,2.09691001300806,"(1.3,2.95]",1.73237523774069,-0.36453477526737,0.36453477526737,FALSE
12367,2.21748394421391,"(1.3,2.95]",1.75959833832269,-0.457885605891215,0.457885605891215,FALSE
12374,-0.00436480540245009,"(-0.352,1.3]",0.619371301097486,0.623736106499936,0.623736106499936,FALSE
12378,2.81291335664286,"(1.3,2.95]",2.02988401310302,-0.78302934353984,0.78302934353984,FALSE
12388,2.25285303097989,"(1.3,2.95]",2.54630638308964,0.293453352109742,0.293453352109742,FALSE
12391,2.17606230512508,"(1.3,2.95]",1.33957689210553,-0.836485413019546,0.836485413019546,FALSE
12392,-2,"(-2,-0.352]",1.57222069446821,3.57222069446821,3.57222069446821,FALSE
12403,1.54406804435028,"(1.3,2.95]",1.73237523774069,0.188307193390411,0.188307193390411,FALSE
12406,-0.00436480540245009,"(-0.352,1.3]",0.362659500164134,0.367024305566584,0.367024305566584,FALSE
12413,1.99563519459755,"(1.3,2.95]",2.84658898700595,0.850953792408395,0.850953792408395,FALSE
12415,2.50514997831991,"(1.3,2.95]",1.67544636148604,-0.829703616833869,0.829703616833869,FALSE
12429,2.58994960132571,"(1.3,2.95]",2.18004445599892,-0.409905145326783,0.409905145326783,FALSE
12432,-0.00436480540245009,"(-0.352,1.3]",0.558345698661551,0.562710504064001,0.562710504064001,FALSE
12435,2.74036268949424,"(1.3,2.95]",1.74150865401349,-0.998854035480749,0.998854035480749,FALSE
12447,1.69897000433602,"(1.3,2.95]",1.54149548113112,-0.157474523204895,0.157474523204895,FALSE
12448,0.902546779313991,"(-0.352,1.3]",0.417382554397847,-0.485164224916144,0.485164224916144,FALSE
12456,-0.00436480540245009,"(-0.352,1.3]",0.854329027631463,0.858693833033913,0.858693833033913,FALSE
12461,-0.00436480540245009,"(-0.352,1.3]",0.629117580442402,0.633482385844852,0.633482385844852,FALSE
12463,2.39619934709574,"(1.3,2.95]",2.6143427101492,0.218143363053464,0.218143363053464,FALSE
12467,-0.00436480540245009,"(-0.352,1.3]",-0.0582893495808103,-0.0539245441783602,0.0539245441783602,FALSE
12470,2.32221929473392,"(1.3,2.95]",1.73100557678044,-0.591213717953479,0.591213717953479,FALSE
12471,0.999565488225982,"(-0.352,1.3]",1.43914184299139,0.439576354765404,0.439576354765404,FALSE
12484,2.65321251377534,"(1.3,2.95]",1.73237523774069,-0.920837276034657,0.920837276034657,FALSE
12486,2.17318626841227,"(1.3,2.95]",2.55576801527531,0.382581746863039,0.382581746863039,FALSE
12487,2,"(1.3,2.95]",1.69418613296058,-0.305813867039418,0.305813867039418,FALSE
12490,2.44715803134222,"(1.3,2.95]",1.9194567562158,-0.527701275126418,0.527701275126418,FALSE
12491,2.07918124604762,"(1.3,2.95]",1.75959833832269,-0.319582907724933,0.319582907724933,FALSE
12492,2.37106786227174,"(1.3,2.95]",1.7368094529898,-0.634258409281939,0.634258409281939,FALSE
12493,1.74036268949424,"(1.3,2.95]",1.6657260341278,-0.0746366553664395,0.0746366553664395,FALSE
12496,2.47567118832443,"(1.3,2.95]",2.71434730299854,0.238676114674114,0.238676114674114,FALSE
12497,2.60097289568675,"(1.3,2.95]",2.79301058731485,0.1920376916281,0.1920376916281,FALSE
12498,-0.00436480540245009,"(-0.352,1.3]",0.487129617090085,0.491494422492535,0.491494422492535,FALSE
12499,2.39794000867204,"(1.3,2.95]",1.67547231347272,-0.722467695199317,0.722467695199317,FALSE
12500,2.77814401208196,"(1.3,2.95]",1.61398475305292,-1.16415925902904,1.16415925902904,FALSE
12501,2.86331691084023,"(1.3,2.95]",1.68899353090342,-1.17432337993681,1.17432337993681,FALSE
12502,2.38021124171161,"(1.3,2.95]",1.87451898652518,-0.505692255186431,0.505692255186431,FALSE
12503,2.94447773695756,"(1.3,2.95]",1.68061691251875,-1.26386082443881,1.26386082443881,FALSE
12504,2.47712125471966,"(1.3,2.95]",2.09294224990908,-0.384179004810588,0.384179004810588,FALSE
12506,2.77814401208196,"(1.3,2.95]",1.62373103239784,-1.15441297968412,1.15441297968412,FALSE
12507,1.24919835739111,"(-0.352,1.3]",1.86461692174809,0.615418564356975,0.615418564356975,FALSE
12508,2.77814401208196,"(1.3,2.95]",1.61245930666051,-1.16568470542145,1.16568470542145,FALSE
12509,2.86331691084023,"(1.3,2.95]",1.44413373959236,-1.41918317124787,1.41918317124787,FALSE
12551,2,"(1.3,2.95]",1.52300076674213,-0.476999233257872,0.476999233257872,FALSE
12555,1.69897000433602,"(1.3,2.95]",1.49301883341049,-0.205951170925527,0.205951170925527,FALSE
12556,1.69019608002851,"(1.3,2.95]",2.31504194998487,0.62484586995636,0.62484586995636,FALSE
12558,1.84509804001426,"(1.3,2.95]",1.55159352828438,-0.293504511729878,0.293504511729878,FALSE
12559,-0.301029995663981,"(-0.352,1.3]",1.49211090838882,1.7931409040528,1.7931409040528,FALSE
12563,1.54406804435028,"(1.3,2.95]",1.52741185926854,-0.0166561850817348,0.0166561850817348,FALSE
12564,1.30102999566398,"(1.3,2.95]",1.65042634374155,0.349396348077572,0.349396348077572,FALSE
12566,1,"(-0.352,1.3]",1.47260410350996,0.472604103509959,0.472604103509959,FALSE
12567,0,"(-0.352,1.3]",1.49480472918823,1.49480472918823,1.49480472918823,FALSE
12568,-0.00436480540245009,"(-0.352,1.3]",0.307717568594023,0.312082373996473,0.312082373996473,FALSE
12569,-0.00436480540245009,"(-0.352,1.3]",0.405180723090952,0.409545528493402,0.409545528493402,FALSE
12570,1.30102999566398,"(1.3,2.95]",1.59421684831359,0.293186852649613,0.293186852649613,FALSE
12571,1.77807886193746,"(1.3,2.95]",1.02899949100348,-0.749079370933973,0.749079370933973,FALSE
12572,1.47712125471966,"(1.3,2.95]",1.46407977031021,-0.0130414844094529,0.0130414844094529,FALSE
12573,0.977723605288848,"(-0.352,1.3]",2.35080463680317,1.37308103151432,1.37308103151432,FALSE
12575,1.95424250943932,"(1.3,2.95]",1.73778954989332,-0.216452959546008,0.216452959546008,FALSE
12577,-0.00436480540245009,"(-0.352,1.3]",0.255575186766985,0.259939992169436,0.259939992169436,FALSE
12579,1.54406804435028,"(1.3,2.95]",1.58294512257626,0.0388770782259853,0.0388770782259853,FALSE
12581,-0.00436480540245009,"(-0.352,1.3]",0.24777321275989,0.25213801816234,0.25213801816234,FALSE
12582,1.47697646575953,"(1.3,2.95]",1.0971823977679,-0.379794067991631,0.379794067991631,FALSE
12584,1.8750612633917,"(1.3,2.95]",1.63778495704397,-0.237276306347726,0.237276306347726,FALSE
12585,1.99978279845414,"(1.3,2.95]",1.88742185491453,-0.112360943539607,0.112360943539607,FALSE
12586,-0.00436480540245009,"(-0.352,1.3]",0.249142873720136,0.253507679122586,0.253507679122586,FALSE
12587,1.94939000664491,"(1.3,2.95]",2.4160841794558,0.466694172810891,0.466694172810891,FALSE
12588,1.30102999566398,"(1.3,2.95]",1.52766158328787,0.22663158762389,0.22663158762389,FALSE
12589,2.17606230512508,"(1.3,2.95]",1.04537584191732,-1.13068646320776,1.13068646320776,FALSE
12590,1.8750612633917,"(1.3,2.95]",1.58294512257626,-0.292116140815439,0.292116140815439,FALSE
12591,1.69897000433602,"(1.3,2.95]",1.46746750343441,-0.231502500901611,0.231502500901611,FALSE
12592,1.99995656838019,"(1.3,2.95]",1.37461465950609,-0.625341908874101,0.625341908874101,FALSE
12594,1.69888313675259,"(1.3,2.95]",1.07299738719333,-0.625885749559257,0.625885749559257,FALSE
12595,0.999565488225982,"(-0.352,1.3]",1.03493329831073,0.0353678100847448,0.0353678100847448,FALSE
12596,0,"(-0.352,1.3]",1.52437042770237,1.52437042770237,1.52437042770237,FALSE
12597,-2,"(-2,-0.352]",1.531789376511,3.531789376511,3.531789376511,FALSE
12599,1.30102999566398,"(1.3,2.95]",1.48840945434895,0.187379458684972,0.187379458684972,FALSE
12601,1.92941892571429,"(1.3,2.95]",1.50536506255306,-0.424053863161237,0.424053863161237,FALSE
12605,-0.00436480540245009,"(-0.352,1.3]",0.249142873720136,0.253507679122586,0.253507679122586,FALSE
12606,-2,"(-2,-0.352]",1.49164917245025,3.49164917245025,3.49164917245025,FALSE
12608,-0.00436480540245009,"(-0.352,1.3]",0.279124807051772,0.283489612454222,0.283489612454222,FALSE
12609,2.04139268515822,"(1.3,2.95]",1.38906989463071,-0.65232279052751,0.65232279052751,FALSE
12611,1,"(-0.352,1.3]",1.52437042770237,0.524370427702374,0.524370427702374,FALSE
12612,0.999565488225982,"(-0.352,1.3]",1.17373366615787,0.174168177931883,0.174168177931883,FALSE
12619,1.90308998699194,"(1.3,2.95]",1.63915461800422,-0.263935368987723,0.263935368987723,FALSE
12621,-0.00436480540245009,"(-0.352,1.3]",0.276165648041866,0.280530453444316,0.280530453444316,FALSE
12623,1.04099769242349,"(-0.352,1.3]",0.277901396003835,-0.763096296419655,0.763096296419655,FALSE
12630,2.30102999566398,"(1.3,2.95]",1.76006007426126,-0.54096992140272,0.54096992140272,FALSE
12635,-0.00436480540245009,"(-0.352,1.3]",0.547073972924218,0.551438778326668,0.551438778326668,FALSE
12639,1.69888313675259,"(1.3,2.95]",1.11558120533235,-0.583301931420245,0.583301931420245,FALSE
12643,1.74036268949424,"(1.3,2.95]",1.72567038996194,-0.0146922995323064,0.0146922995323064,FALSE
12648,1.99991313241657,"(1.3,2.95]",1.97961873706917,-0.0202943953473977,0.0202943953473977,FALSE
12649,1.99991313241657,"(1.3,2.95]",1.98098839802942,-0.0189247343871519,0.0189247343871519,FALSE
12653,1.69897000433602,"(1.3,2.95]",1.07584194889379,-0.623128055442228,0.623128055442228,FALSE
12656,2.301008280397,"(1.3,2.95]",1.44041435107671,-0.860593929320286,0.860593929320286,FALSE
10091,-2,"(-2,-0.352]",1.63424177712645,3.63424177712645,3.63424177712645,FALSE
10166,-2,"(-2,-0.352]",1.66696303237858,3.66696303237858,3.66696303237858,FALSE
10285,-2,"(-2,-0.352]",1.66709569508805,3.66709569508805,3.66709569508805,FALSE
10330,-1,"(-2,-0.352]",1.7820419107743,2.7820419107743,2.7820419107743,FALSE
10402,-2,"(-2,-0.352]",1.68529908382434,3.68529908382434,3.68529908382434,FALSE
10446,-2,"(-2,-0.352]",1.53524697398186,3.53524697398186,3.53524697398186,FALSE
10542,-2,"(-2,-0.352]",1.66977834789865,3.66977834789865,3.66977834789865,FALSE
10543,-2,"(-2,-0.352]",1.47283199556925,3.47283199556925,3.47283199556925,FALSE
10561,-2,"(-2,-0.352]",1.69965398248856,3.69965398248856,3.69965398248856,FALSE
10631,-2,"(-2,-0.352]",1.68191693760564,3.68191693760564,3.68191693760564,FALSE
10659,-2,"(-2,-0.352]",1.68529908382434,3.68529908382434,3.68529908382434,FALSE
10666,-2,"(-2,-0.352]",1.55307929746724,3.55307929746724,3.55307929746724,FALSE
10781,-2,"(-2,-0.352]",1.68312433748063,3.68312433748063,3.68312433748063,FALSE
10813,-2,"(-2,-0.352]",1.79094993261457,3.79094993261457,3.79094993261457,FALSE
11330,-2,"(-2,-0.352]",1.86324726078784,3.86324726078784,3.86324726078784,FALSE
11652,-0.00436480540245009,"(-0.352,1.3]",0.231903589874756,0.236268395277206,0.236268395277206,FALSE
11736,-2,"(-2,-0.352]",1.59421684831359,3.59421684831359,3.59421684831359,FALSE
