"UniqueID","startprice","startprice.dgt1.is9","startprice.dgt2.is9","startprice.dcm1.is9","startprice.dcm2.is9","startprice.predict.RFE.X.glmnet","startprice.predict.RFE.X.glmnet.err","startprice.predict.RFE.X.glmnet.accurate"
10001,159.99,1,0,1,1,141.597653041055,18.3923469589447,FALSE
10004,235,0,0,0,0,214.369802116825,20.6301978831748,FALSE
10005,199.99,1,1,1,1,232.834674303998,32.8446743039985,FALSE
10008,329.99,1,0,1,1,367.40061550349,37.41061550349,FALSE
10012,99.99,1,1,1,1,105.597746755693,5.60774675569296,FALSE
10016,344.95,0,0,1,0,337.732412514423,7.21758748557687,FALSE
10018,209.98,1,0,1,0,238.613238247384,28.6332382473844,FALSE
10020,95,0,1,0,0,109.650505268778,14.6505052687776,FALSE
10022,187.5,0,0,0,0,160.652174332765,26.8478256672349,FALSE
10023,129.99,1,0,1,1,173.168918128014,43.1789181280145,FALSE
10024,329.99,1,0,1,1,273.76891657444,56.2210834255596,FALSE
10025,149,1,0,0,0,550.971476200623,401.971476200623,FALSE
10026,238.8,0,0,0,0,196.277853117297,42.522146882703,FALSE
10028,249.99,1,0,1,1,198.844061816269,51.1459381837306,FALSE
10029,309.99,1,0,1,1,253.41993232975,56.5700676702505,FALSE
10033,299.98,1,1,1,0,338.511135329298,38.531135329298,FALSE
10035,444.99,0,0,1,1,353.307882277413,91.6821177225875,FALSE
10036,480,0,0,0,0,449.434572951001,30.5654270489995,FALSE
10038,79,1,0,0,0,111.944103499577,32.9441034995775,FALSE
10039,189.85,1,0,0,0,235.419659038104,45.569659038104,FALSE
10040,159.99,1,0,1,1,148.657316666851,11.3326833331494,FALSE
10042,115,0,0,0,0,92.6006578672299,22.3993421327701,FALSE
10043,289.95,1,0,1,0,255.415509015083,34.5344909849171,FALSE
10044,499.95,1,1,1,0,528.422542280509,28.4725422805092,FALSE
10046,550,0,0,0,0,495.850222312451,54.1497776875489,FALSE
10047,209.99,1,0,1,1,207.507013110691,2.48298688930942,FALSE
10052,259,1,0,0,0,192.72582102914,66.27417897086,FALSE
10053,240,0,0,0,0,224.308658490456,15.6913415095442,FALSE
10054,69.99,1,0,1,0,87.1311209341381,17.1411209341381,FALSE
10055,398.99,0,1,1,1,467.443774218372,68.4537742183721,FALSE
10057,84.99,0,0,1,1,130.001749280967,45.0117492809666,FALSE
10058,269.99,1,0,1,1,116.160218239239,153.829781760761,FALSE
10059,295,0,1,0,0,279.254055097073,15.7459449029269,FALSE
10060,210,0,0,0,0,196.116652007862,13.8833479921379,FALSE
10063,304.89,0,0,0,1,239.362856983059,65.5271430169413,FALSE
10065,195,0,1,0,0,180.515890626436,14.4841093735638,FALSE
10066,319,1,0,0,0,308.188229817103,10.811770182897,FALSE
10067,389.99,1,0,1,1,341.198571468941,48.791428531059,FALSE
10069,254.99,0,0,1,1,216.06960383663,38.9203961633704,FALSE
10071,159.95,1,0,1,0,246.502221514773,86.5522215147727,FALSE
10072,279.99,1,0,1,1,256.539424826402,23.450575173598,FALSE
10077,119.95,1,0,1,0,190.20705259194,70.2570525919403,FALSE
10079,269.94,1,0,1,0,255.53372770562,14.40627229438,FALSE
10082,169.95,1,0,1,0,144.538556709556,25.4114432904437,FALSE
10083,319.85,1,0,0,0,305.290750936491,14.5592490635095,FALSE
10084,329.99,1,0,1,1,304.521263270261,25.4687367297387,FALSE
10085,249.95,1,0,1,0,240.333753048022,9.6162469519775,FALSE
10087,550,0,0,0,0,520.288704551859,29.711295448141,FALSE
10088,169.98,1,0,1,0,257.641288622764,87.6612886227642,FALSE
10093,194.29,0,1,0,1,198.281794050129,3.99179405012939,FALSE
10094,193.15,0,1,0,0,240.393206218346,47.2432062183455,FALSE
10096,489.99,1,0,1,1,448.495241852243,41.494758147757,FALSE
10100,199.99,1,1,1,1,166.090393706471,33.8996062935286,FALSE
10102,349,1,0,0,0,311.968571009643,37.0314289903571,FALSE
10104,295,0,1,0,0,371.640337169905,76.6403371699051,FALSE
10106,279.95,1,0,1,0,172.632321908531,107.317678091469,FALSE
10107,149.95,1,0,1,0,216.003676046867,66.0536760468668,FALSE
10110,99,1,1,0,0,187.620241600735,88.6202416007349,FALSE
10111,320,0,0,0,0,357.892007537091,37.8920075370905,FALSE
10115,250,0,0,0,0,156.314850705319,93.6851492946813,FALSE
10116,549.99,1,0,1,1,473.285642381469,76.7043576185308,FALSE
10121,249.99,1,0,1,1,214.061386465195,35.9286135348054,FALSE
10122,299.99,1,1,1,1,250.642626338321,49.3473736616793,FALSE
10126,344,0,0,0,0,262.679431171421,81.320568828579,FALSE
10128,250,0,0,0,0,162.050973074055,87.9490269259449,FALSE
10129,175,0,0,0,0,181.232943663373,6.23294366337319,FALSE
10132,119.99,1,0,1,1,167.696992563382,47.7069925633819,FALSE
10133,225,0,0,0,0,182.978250317901,42.0217496820989,FALSE
10136,389.99,1,0,1,1,470.93768071648,80.9476807164796,FALSE
10139,274.99,0,0,1,1,270.588287805958,4.40171219404181,FALSE
10144,215,0,0,0,0,232.551756920434,17.5517569204343,FALSE
10146,187.5,0,0,0,0,155.700414771644,31.799585228356,FALSE
10148,229,1,0,0,0,211.669944723269,17.330055276731,FALSE
10149,159.93,1,0,1,0,223.762301049915,63.832301049915,FALSE
10153,639.99,1,0,1,1,608.361940197049,31.6280598029515,FALSE
10155,284.99,0,0,1,1,280.438186183466,4.55181381653375,FALSE
10158,139.98,1,0,1,0,187.329188629934,47.3491886299336,FALSE
10160,294.99,0,1,1,1,305.316488816308,10.3264888163076,FALSE
10163,299.99,1,1,1,1,308.232981405715,8.24298140571472,FALSE
10164,270,0,0,0,0,304.858122927558,34.8581229275579,FALSE
10167,399.99,1,1,1,1,315.917693884486,84.0723061155139,FALSE
10168,279.95,1,0,1,0,165.412807505406,114.537192494594,FALSE
10170,329,1,0,0,0,259.726520904435,69.2734790955652,FALSE
10171,187.5,0,0,0,0,157.961721058557,29.5382789414434,FALSE
10172,269,1,0,0,0,229.222921692007,39.7770783079929,FALSE
10184,15,0,0,0,0,151.729708275686,136.729708275686,FALSE
10188,299,1,1,0,0,384.145506651585,85.145506651585,FALSE
10191,215,0,0,0,0,244.026073194877,29.0260731948773,FALSE
10197,404.99,0,0,1,1,320.534150775734,84.4558492242665,FALSE
10200,89.99,1,0,1,1,148.987301313866,58.9973013138658,FALSE
10204,309.99,1,0,1,1,184.965765707147,125.024234292853,FALSE
10206,200,0,0,0,0,208.593966593857,8.5939665938572,FALSE
10207,269,1,0,0,0,230.853152378554,38.1468476214465,FALSE
10212,299,1,1,0,0,390.358704913272,91.3587049132718,FALSE
10215,374.95,0,0,1,0,499.869959421031,124.919959421031,FALSE
10216,189,1,0,0,0,233.458119393523,44.458119393523,FALSE
10217,75,0,0,0,0,60.1191485230894,14.8808514769106,FALSE
10219,480,0,0,0,0,454.785680044428,25.2143199555725,FALSE
10221,465.99,0,0,1,1,419.758222314,46.2317776859998,FALSE
10222,399.99,1,1,1,1,409.05053234013,9.06053234013041,FALSE
10229,187.99,0,0,1,1,179.085330856253,8.90466914374696,FALSE
10232,425,0,0,0,0,405.474184340075,19.5258156599249,FALSE
10235,164.99,0,0,1,1,163.102838384894,1.88716161510618,FALSE
10236,319.95,1,0,1,0,341.568769826681,21.6187698266815,FALSE
10239,398.99,0,1,1,1,468.54655707223,69.5565570722301,FALSE
10244,155,0,0,0,0,218.010151023088,63.0101510230877,FALSE
10249,114.94,0,0,1,0,117.63241035485,2.6924103548497,FALSE
10252,159.99,1,0,1,1,203.043264322615,43.0532643226155,FALSE
10257,499.99,1,1,1,1,436.48681752293,63.5031824770697,FALSE
10260,334.99,0,0,1,1,269.226147647379,65.7638523526209,FALSE
10266,320,0,0,0,0,414.512340289446,94.5123402894465,FALSE
10267,335,0,0,0,0,355.599026197261,20.5990261972609,FALSE
10274,144.99,0,0,1,1,133.843585454295,11.146414545705,FALSE
10279,399,1,1,0,0,437.682280578926,38.6822805789257,FALSE
10282,199.99,1,1,1,1,233.230891863038,33.2408918630377,FALSE
10287,439.99,1,0,1,1,422.796862870477,17.1931371295232,FALSE
10308,325,0,0,0,0,377.317373883724,52.3173738837239,FALSE
10315,350,0,0,0,0,245.700901420993,104.299098579007,FALSE
10316,187.99,0,0,1,1,168.581452086134,19.4085479138657,FALSE
10317,109.98,1,0,1,0,163.40566613258,53.4256661325797,FALSE
10320,350,0,0,0,0,349.537072877362,0.462927122637723,FALSE
10325,124,0,0,0,0,145.975353535752,21.9753535357515,FALSE
10335,250,0,0,0,0,153.151549122825,96.8484508771749,FALSE
10359,275,0,0,0,0,196.890300595728,78.1096994042722,FALSE
10362,189.99,1,0,1,1,151.881540872264,38.1084591277362,FALSE
10366,99.99,1,1,1,1,164.902304009953,64.9123040099526,FALSE
10369,339,1,0,0,0,298.269316207336,40.7306837926643,FALSE
10374,185.49,0,0,0,1,126.948728159126,58.541271840874,FALSE
10377,179.96,1,0,1,0,166.18672766446,13.7732723355405,FALSE
10382,95,0,1,0,0,117.654133996218,22.6541339962179,FALSE
10385,15,0,0,0,0,226.687973051931,211.687973051931,FALSE
10386,165,0,0,0,0,228.535429995505,63.5354299955051,FALSE
10390,15,0,0,0,0,223.83508789723,208.83508789723,FALSE
10409,175,0,0,0,0,187.421906407612,12.4219064076117,FALSE
10414,280,0,0,0,0,249.072612675651,30.9273873243491,FALSE
10424,249.99,1,0,1,1,210.361274408594,39.6287255914064,FALSE
10426,310,0,0,0,0,352.550864267424,42.5508642674242,FALSE
10428,458,0,0,0,0,487.055487837808,29.0554878378076,FALSE
10429,265,0,0,0,0,280.648534026351,15.6485340263513,FALSE
10432,228.59,0,0,0,1,207.07959224857,21.5104077514299,FALSE
10433,249.97,1,0,1,0,175.327021531009,74.642978468991,FALSE
10434,249.99,1,0,1,1,188.988627386506,61.0013726134936,FALSE
10440,340,0,0,0,0,170.162890798753,169.837109201247,FALSE
10451,185,0,0,0,0,209.080551357897,24.0805513578968,FALSE
10461,400,0,0,0,0,349.22980717647,50.7701928235301,FALSE
10465,188.99,0,0,1,1,169.313742451053,19.6762575489475,FALSE
10466,99.94,1,1,1,0,134.515850587786,34.5758505877858,FALSE
10469,225,0,0,0,0,153.000591783223,71.9994082167772,FALSE
10471,110,0,0,0,0,84.6707030926785,25.3292969073215,FALSE
10483,249,1,0,0,0,254.73686417786,5.73686417786035,FALSE
10485,252.99,0,0,1,1,155.970607261425,97.0193927385745,FALSE
10494,124.95,0,0,1,0,108.616385539088,16.3336144609117,FALSE
10498,89.99,1,0,1,1,146.054060048761,56.0640600487612,FALSE
10500,315,0,0,0,0,232.959903255444,82.0400967445565,FALSE
10503,184.99,0,0,1,1,209.944732729658,24.9547327296582,FALSE
10506,200,0,0,0,0,229.949166696402,29.9491666964019,FALSE
10508,199.99,1,1,1,1,252.342652198553,52.3526521985532,FALSE
10512,79,1,0,0,0,86.8747545590461,7.8747545590461,FALSE
10513,399.99,1,1,1,1,286.157015677095,113.832984322905,FALSE
10518,154,0,0,0,0,243.160136923921,89.160136923921,FALSE
10520,169.99,1,0,1,1,139.148831491539,30.8411685084612,FALSE
10522,195,0,1,0,0,277.24090970695,82.2409097069501,FALSE
10523,425,0,0,0,0,407.347176055775,17.652823944225,FALSE
10537,14,0,0,0,0,224.041480194357,210.041480194357,FALSE
10539,149,1,0,0,0,224.979161966442,75.9791619664416,FALSE
10546,394.99,0,1,1,1,373.336547165755,21.653452834245,FALSE
10547,175,0,0,0,0,145.010103317491,29.9898966825092,FALSE
10550,399.99,1,1,1,1,326.688639110542,73.3013608894577,FALSE
10554,234,0,0,0,0,190.993644264566,43.0063557354341,FALSE
10555,349.99,1,0,1,1,360.201534599473,10.2115345994729,FALSE
10559,325,0,0,0,0,245.555503661704,79.4444963382956,FALSE
10560,140,0,0,0,0,210.231053527016,70.2310535270159,FALSE
10563,399.99,1,1,1,1,427.094761938401,27.1047619384015,FALSE
10565,499,1,1,0,0,520.790708809612,21.7907088096124,FALSE
10568,82.95,0,0,1,0,67.7798671435662,15.1701328564338,FALSE
10574,289.99,1,0,1,1,233.255028185184,56.7349718148162,FALSE
10575,219.99,1,0,1,1,188.511243503628,31.4787564963724,FALSE
10583,275,0,0,0,0,208.907683332415,66.0923166675849,FALSE
10586,198,0,1,0,0,163.348356333972,34.6516436660285,FALSE
10587,300,0,0,0,0,367.844195948652,67.8441959486522,FALSE
10590,410,0,0,0,0,399.964979573364,10.0350204266363,FALSE
10591,150,0,0,0,0,150.376897524442,0.376897524441659,FALSE
10594,60,0,0,0,0,477.632291622005,417.632291622005,FALSE
10596,155,0,0,0,0,284.354439947659,129.354439947659,FALSE
10597,90,0,1,0,0,318.507114896977,228.507114896977,FALSE
10601,699.95,1,1,1,0,262.684850606903,437.265149393097,FALSE
10605,550,0,0,0,0,616.996179548491,66.9961795484905,FALSE
10609,80,0,0,0,0,256.480936950596,176.480936950596,FALSE
10613,439.99,1,0,1,1,337.907706132238,102.082293867762,FALSE
10614,349.99,1,0,1,1,263.764192811717,86.2258071882831,FALSE
10622,208.99,0,0,1,1,200.789027440266,8.2009725597344,FALSE
10629,229.98,1,0,1,0,206.0993454252,23.8806545748002,FALSE
10632,120,0,0,0,0,213.82486033824,93.82486033824,FALSE
10637,560,0,0,0,0,498.167916142709,61.8320838572911,FALSE
10638,159.95,1,0,1,0,113.487957288249,46.4620427117507,FALSE
10643,560,0,0,0,0,531.045823584665,28.9541764153346,FALSE
10644,549.9,1,0,1,0,517.318994320599,32.581005679401,FALSE
10645,80,0,0,0,0,124.699036374996,44.6990363749958,FALSE
10647,449.99,1,0,1,1,365.657094064845,84.3329059351548,FALSE
10649,227.95,0,0,1,0,182.946401654026,45.0035983459744,FALSE
10650,785,0,0,0,0,657.103963631173,127.896036368827,FALSE
10651,186,0,0,0,0,267.760838574701,81.760838574701,FALSE
10655,349.95,1,0,1,0,318.22363625948,31.7263637405203,FALSE
10660,329.99,1,0,1,1,369.696107282178,39.7061072821776,FALSE
10663,250,0,0,0,0,158.397533943103,91.6024660568971,FALSE
10665,127.99,0,0,1,1,161.094946311923,33.1049463119233,FALSE
10667,89.99,1,0,1,1,142.446645530287,52.4566455302874,FALSE
10668,469.99,1,0,1,1,417.316005765888,52.673994234112,FALSE
10674,222.72,0,0,0,0,222.847769993169,0.127769993169125,FALSE
10676,285,0,0,0,0,218.490054581695,66.5099454183049,FALSE
10679,387.45,0,0,0,0,231.428987738246,156.021012261754,FALSE
10681,175,0,0,0,0,156.260484536495,18.7395154635052,FALSE
10682,438,0,0,0,0,376.461973502214,61.5380264977857,FALSE
10690,185,0,0,0,0,225.743944494186,40.7439444941864,FALSE
10700,319.99,1,0,1,1,286.763449298726,33.2265507012735,FALSE
10707,429,1,0,0,0,226.057260329748,202.942739670252,FALSE
10709,215.99,0,0,1,1,152.611013475451,63.3789865245489,FALSE
10710,219.99,1,0,1,1,200.896181786279,19.0938182137207,FALSE
10711,199.99,1,1,1,1,189.436189843539,10.5538101564613,FALSE
10718,159.95,1,0,1,0,155.979467133633,3.97053286636748,FALSE
10719,319,1,0,0,0,310.327245387721,8.67275461227899,FALSE
10724,340,0,0,0,0,381.561839405873,41.5618394058727,FALSE
10733,209.99,1,0,1,1,177.48749623913,32.5025037608699,FALSE
10735,80,0,0,0,0,96.5056613217497,16.5056613217497,FALSE
10737,220,0,0,0,0,154.550663900348,65.4493360996517,FALSE
10739,169.99,1,0,1,1,191.127283083691,21.1372830836911,FALSE
10742,559.99,1,0,1,1,551.606793567994,8.38320643200586,FALSE
10744,320,0,0,0,0,259.191196146991,60.8088038530086,FALSE
10746,400,0,0,0,0,460.095552936662,60.0955529366617,FALSE
10747,209,1,0,0,0,228.084428295781,19.0844282957814,FALSE
10751,200,0,0,0,0,210.877311892016,10.8773118920159,FALSE
10764,400,0,0,0,0,225.715502408632,174.284497591368,FALSE
10765,249.99,1,0,1,1,221.047074933389,28.9429250666113,FALSE
10767,614.99,0,0,1,1,529.160309019525,85.8296909804754,FALSE
10770,260,0,0,0,0,178.225215954476,81.7747840455238,FALSE
10771,265,0,0,0,0,202.096249558584,62.9037504414156,FALSE
10772,129.99,1,0,1,1,127.976266032007,2.01373396799326,FALSE
10776,171,0,0,0,0,208.68508309881,37.6850830988095,FALSE
10777,76,0,0,0,0,251.859069289446,175.859069289446,FALSE
10783,350,0,0,0,0,350.26983304249,0.269833042489722,FALSE
10787,339,1,0,0,0,287.163529487868,51.8364705121325,FALSE
10788,200,0,0,0,0,184.548516562045,15.4514834379547,FALSE
10789,160,0,0,0,0,157.450029434538,2.54997056546165,FALSE
10800,565.95,0,0,1,0,491.885515629237,74.0644843707633,FALSE
10804,89,1,0,0,0,289.673600093771,200.673600093771,FALSE
10806,232.99,0,0,1,1,244.978360782757,11.9883607827569,FALSE
10807,167.38,0,0,0,0,221.447657572953,54.0676575729532,FALSE
10809,299,1,1,0,0,268.199137893899,30.8008621061009,FALSE
10815,299,1,1,0,0,301.168723481389,2.16872348138889,FALSE
10818,249.99,1,0,1,1,207.322084654059,42.6679153459405,FALSE
10819,175,0,0,0,0,139.382905886413,35.6170941135865,FALSE
10821,129.99,1,0,1,1,153.953484929733,23.9634849297333,FALSE
10829,188,0,0,0,0,290.262837865702,102.262837865702,FALSE
10831,199.99,1,1,1,1,203.063836701031,3.07383670103141,FALSE
10833,182,0,0,0,0,236.460276983651,54.4602769836512,FALSE
10839,529.99,1,0,1,1,474.270421362347,55.7195786376531,FALSE
10842,119.99,1,0,1,1,68.7831520895461,51.2068479104538,FALSE
10845,649.99,1,0,1,1,413.888492553445,236.101507446555,FALSE
10847,299,1,1,0,0,385.777557355422,86.7775573554219,FALSE
10849,258.98,0,0,1,0,249.238450782335,9.74154921766475,FALSE
10850,279.99,1,0,1,1,198.965276080037,81.0247239199629,FALSE
10851,150,0,0,0,0,219.630208586746,69.6302085867461,FALSE
10852,350,0,0,0,0,346.495080793747,3.50491920625285,FALSE
10856,249.99,1,0,1,1,196.785584503744,53.2044154962561,FALSE
10857,200,0,0,0,0,134.832696797619,65.1673032023807,FALSE
10862,250,0,0,0,0,195.054838203967,54.9451617960333,FALSE
10865,579.99,1,0,1,1,498.668130400595,81.3218695994046,FALSE
10873,279.99,1,0,1,1,186.348764283738,93.6412357162616,FALSE
10874,276.99,0,0,1,1,181.331197165076,95.6588028349242,FALSE
10877,379.99,1,0,1,1,267.596635517627,112.393364482373,FALSE
10878,275,0,0,0,0,170.323056024979,104.676943975021,FALSE
10883,439,1,0,0,0,359.780005459163,79.2199945408374,FALSE
10884,379,1,0,0,0,302.623737472077,76.3762625279226,FALSE
10886,350,0,0,0,0,357.874305132298,7.87430513229816,FALSE
10888,194.85,0,1,0,0,227.552960919703,32.7029609197033,FALSE
10889,360,0,0,0,0,339.542350670316,20.4576493296838,FALSE
10890,500,0,0,0,0,386.772433020394,113.227566979606,FALSE
10891,463.26,0,0,0,0,230.205170757969,233.054829242031,FALSE
10893,99,1,1,0,0,220.72544717701,121.72544717701,FALSE
10894,795.99,0,1,1,1,490.293793335962,305.696206664038,FALSE
10903,244.97,0,0,1,0,248.57418050867,3.60418050866951,FALSE
10906,199.99,1,1,1,1,166.015330242147,33.9746697578534,FALSE
10909,660,0,0,0,0,483.06940292329,176.93059707671,FALSE
10910,359.99,1,0,1,1,375.525823538578,15.5358235385776,FALSE
10911,525,0,0,0,0,486.447674066861,38.5523259331386,FALSE
10914,209.85,1,0,0,0,188.755331886055,21.0946681139451,FALSE
10915,299.99,1,1,1,1,220.669661606852,79.3203383931476,FALSE
10916,149.97,1,0,1,0,172.331623306005,22.3616233060047,FALSE
10921,349.99,1,0,1,1,278.040013634463,71.9499863655368,FALSE
10924,449.95,1,0,1,0,455.415965377628,5.46596537762781,FALSE
10925,350.25,0,0,0,0,262.545229614384,87.7047703856165,FALSE
10927,479.99,1,0,1,1,193.190891086553,286.799108913447,FALSE
10928,154,0,0,0,0,230.836022580125,76.8360225801252,FALSE
10930,376,0,0,0,0,272.356519923455,103.643480076545,FALSE
10932,385,0,0,0,0,375.40950040194,9.59049959805952,FALSE
10933,322.99,0,0,1,1,281.523199325793,41.4668006742073,FALSE
10934,162,0,0,0,0,212.820392341464,50.8203923414642,FALSE
10940,350,0,0,0,0,184.965297331654,165.034702668346,FALSE
10945,449.99,1,0,1,1,391.433791412978,58.5562085870221,FALSE
10946,318,0,0,0,0,214.800224904722,103.199775095278,FALSE
10947,400,0,0,0,0,345.808342552986,54.1916574470139,FALSE
10948,110,0,0,0,0,89.3470102728552,20.6529897271448,FALSE
10949,200.29,0,0,0,1,117.34562684091,82.9443731590899,FALSE
10951,829.99,1,0,1,1,681.853725169757,148.136274830243,FALSE
10953,529.99,1,0,1,1,366.397128169052,163.592871830948,FALSE
10954,300,0,0,0,0,208.770633254623,91.2293667453773,FALSE
10956,279.99,1,0,1,1,248.21916495482,31.7708350451803,FALSE
10959,115,0,0,0,0,140.44154918647,25.4415491864696,FALSE
10964,193,0,1,0,0,293.734422880612,100.734422880612,FALSE
10968,174.99,0,0,1,1,231.376296576228,56.3862965762276,FALSE
10969,159.99,1,0,1,1,143.810800678408,16.1791993215924,FALSE
10975,359,1,0,0,0,400.77350028747,41.7735002874704,FALSE
10977,279.99,1,0,1,1,234.517517351603,45.4724826483971,FALSE
10978,139.5,1,0,0,0,135.786929265095,3.71307073490462,FALSE
10980,334.99,0,0,1,1,302.766685274172,32.2233147258284,FALSE
10981,279.99,1,0,1,1,185.484229958995,94.5057700410052,FALSE
10982,900,0,0,0,0,604.470167285436,295.529832714564,FALSE
10983,510,0,0,0,0,449.29067651432,60.7093234856798,FALSE
10984,235,0,0,0,0,284.013379180805,49.0133791808049,FALSE
10985,389.99,1,0,1,1,495.139957062539,105.149957062539,FALSE
10987,462.89,0,0,0,1,332.059206981177,130.830793018823,FALSE
10989,299.99,1,1,1,1,367.97724379223,67.9872437922302,FALSE
10990,239.99,1,0,1,1,148.931012060728,91.058987939272,FALSE
10994,150,0,0,0,0,155.099526733924,5.09952673392377,FALSE
10995,379.95,1,0,1,0,373.142383554324,6.80761644567571,FALSE
10996,227,0,0,0,0,112.761808245266,114.238191754734,FALSE
10999,387,0,0,0,0,206.009645993577,180.990354006423,FALSE
11001,249.99,1,0,1,1,222.256385148485,27.7336148515148,FALSE
11002,179.95,1,0,1,0,264.332316867428,84.3823168674279,FALSE
11003,589.99,1,0,1,1,406.205501602646,183.784498397354,FALSE
11007,80,0,0,0,0,66.6961377395384,13.3038622604616,FALSE
11008,165,0,0,0,0,67.6046382752364,97.3953617247636,FALSE
11010,388.3,0,0,0,0,237.263396311471,151.036603688529,FALSE
11011,179.95,1,0,1,0,168.968932821859,10.9810671781412,FALSE
11012,429.99,1,0,1,1,352.129492250891,77.8605077491092,FALSE
11013,500,0,0,0,0,392.301783712416,107.698216287584,FALSE
11014,460,0,0,0,0,381.004891534899,78.9951084651013,FALSE
11018,249.99,1,0,1,1,227.876696312894,22.1133036871062,FALSE
11019,720.12,0,0,0,0,236.99829629639,483.12170370361,FALSE
11020,300,0,0,0,0,232.959586051914,67.0404139480863,FALSE
11021,500,0,0,0,0,345.102851407397,154.897148592603,FALSE
11022,289.99,1,0,1,1,227.4303108079,62.5596891920997,FALSE
11023,200,0,0,0,0,191.10956710263,8.89043289736961,FALSE
11029,108,0,0,0,0,289.938538997019,181.938538997019,FALSE
11031,229.99,1,0,1,1,215.487856590091,14.5021434099087,FALSE
11032,234.99,0,0,1,1,135.582613760665,99.4073862393353,FALSE
11034,699,1,1,0,0,561.580541621367,137.419458378633,FALSE
11035,475,0,0,0,0,430.65003103564,44.3499689643596,FALSE
11037,90,0,1,0,0,115.002615731757,25.002615731757,FALSE
11038,85.95,0,0,1,0,71.3254417538983,14.6245582461017,FALSE
11040,320.99,0,0,1,1,291.932584170822,29.057415829178,FALSE
11041,339,1,0,0,0,288.517805298255,50.4821947017447,FALSE
11044,146.99,0,0,1,1,162.723761021651,15.7337610216507,FALSE
11045,539.95,1,0,1,0,539.655111836003,0.294888163997257,FALSE
11046,92,0,1,0,0,164.053398575292,72.0533985752919,FALSE
11047,199.99,1,1,1,1,169.495206847285,30.4947931527147,FALSE
11048,160,0,0,0,0,172.701293084264,12.7012930842638,FALSE
11050,84.99,0,0,1,1,52.0867586461915,32.9032413538085,FALSE
11051,225,0,0,0,0,152.751824251083,72.2481757489165,FALSE
11058,517.89,0,0,0,1,331.544305651216,186.345694348784,FALSE
11060,397.75,0,1,0,0,224.653985556098,173.096014443902,FALSE
11063,259.99,1,0,1,1,186.506135898796,73.4838641012041,FALSE
11068,294.99,0,1,1,1,208.133372761184,86.8566272388159,FALSE
11069,189.99,1,0,1,1,241.424124522983,51.4341245229832,FALSE
11070,398.99,0,1,1,1,234.937497610531,164.052502389469,FALSE
11071,429.99,1,0,1,1,241.046948715509,188.943051284491,FALSE
11073,495.49,0,1,0,1,376.036250964459,119.453749035541,FALSE
11074,249.59,1,0,0,1,232.815111875279,16.7748881247214,FALSE
11075,250,0,0,0,0,217.139711753793,32.8602882462069,FALSE
11076,99,1,1,0,0,172.088575274836,73.0885752748356,FALSE
11077,108,0,0,0,0,299.798200314114,191.798200314114,FALSE
11079,350,0,0,0,0,197.176243758856,152.823756241144,FALSE
11080,82.98,0,0,1,0,79.7720228269455,3.20797717305453,FALSE
11081,190.45,0,1,0,0,208.120600933386,17.6706009333865,FALSE
11082,101,0,0,0,0,185.790125720492,84.7901257204922,FALSE
11083,415,0,0,0,0,429.724672171624,14.7246721716235,FALSE
11084,469,1,0,0,0,486.106597130347,17.1065971303469,FALSE
11087,227.88,0,0,0,0,154.812876651335,73.0671233486652,FALSE
11088,350,0,0,0,0,293.60455929015,56.3954407098497,FALSE
11089,199.97,1,1,1,0,227.910395417997,27.9403954179968,FALSE
11090,280,0,0,0,0,233.078977169802,46.9210228301981,FALSE
11091,172,0,0,0,0,209.69456449199,37.6945644919904,FALSE
11093,199.99,1,1,1,1,172.4659944431,27.5240055568997,FALSE
11094,449,1,0,0,0,465.652770227654,16.6527702276543,FALSE
11098,310,0,0,0,0,203.637715297081,106.362284702919,FALSE
11103,170,0,0,0,0,171.795227436665,1.79522743666524,FALSE
11104,257.83,0,0,0,0,275.697502589418,17.8675025894184,FALSE
11105,303.67,0,0,0,0,285.660178364841,18.0098216351593,FALSE
11106,258.88,0,0,0,0,209.357536016077,49.5224639839235,FALSE
11108,196,0,1,0,0,178.061453956581,17.9385460434192,FALSE
11109,174.99,0,0,1,1,41.5815988375397,133.40840116246,FALSE
11110,550,0,0,0,0,485.466261927738,64.5337380722624,FALSE
11111,100,0,0,0,0,69.5558160874136,30.4441839125864,FALSE
11112,424.95,0,0,1,0,496.217150883018,71.2671508830184,FALSE
11113,500,0,0,0,0,385.238298450498,114.761701549502,FALSE
11114,120.02,0,0,0,0,133.723709831763,13.7037098317632,FALSE
11116,110,0,0,0,0,97.0488544180872,12.9511455819128,FALSE
11118,469.99,1,0,1,1,476.451974089887,6.46197408988741,FALSE
11120,325,0,0,0,0,199.743982178899,125.256017821101,FALSE
11123,449.99,1,0,1,1,360.652324778871,89.3376752211288,FALSE
11124,198,0,1,0,0,177.181289061749,20.8187109382513,FALSE
11126,419.99,1,0,1,1,289.399195369832,130.590804630168,FALSE
11130,495.99,0,1,1,1,433.850194053777,62.1398059462233,FALSE
11133,300,0,0,0,0,196.471312089089,103.528687910911,FALSE
11135,289.95,1,0,1,0,375.31528129722,85.3652812972196,FALSE
11136,549.95,1,0,1,0,517.041360593761,32.9086394062386,FALSE
11137,229,1,0,0,0,249.725576060748,20.7255760607478,FALSE
11140,649.95,1,0,1,0,561.304691443538,88.6453085564621,FALSE
11141,615.99,0,0,1,1,479.868739366832,136.121260633168,FALSE
11143,270.99,0,0,1,1,274.842105688998,3.85210568899754,FALSE
11145,430,0,0,0,0,387.251287852635,42.7487121473649,FALSE
11146,379.99,1,0,1,1,318.266888825027,61.7231111749733,FALSE
11147,299.95,1,1,1,0,265.261232826072,34.6887671739285,FALSE
11148,600,0,0,0,0,379.497023969532,220.502976030468,FALSE
11149,275,0,0,0,0,200.844504893812,74.1554951061876,FALSE
11150,585.99,0,0,1,1,451.667365677557,134.322634322443,FALSE
11151,550,0,0,0,0,476.523518539416,73.4764814605839,FALSE
11152,245,0,0,0,0,151.514885077716,93.4851149222836,FALSE
11153,180,0,0,0,0,184.365380751768,4.36538075176841,FALSE
11154,329.99,1,0,1,1,266.496548857786,63.4934511422139,FALSE
11155,250,0,0,0,0,188.82298853003,61.1770114699701,FALSE
11159,260,0,0,0,0,223.778240431272,36.2217595687277,FALSE
11160,340,0,0,0,0,271.678733629336,68.3212663706641,FALSE
11161,174.99,0,0,1,1,131.884575315957,43.1054246840428,FALSE
11162,388.99,0,0,1,1,435.565231168066,46.5752311680655,FALSE
11163,90,0,1,0,0,94.1784723262656,4.17847232626563,FALSE
11164,349.99,1,0,1,1,256.625953765105,93.3640462348954,FALSE
11168,443.09,0,0,0,1,423.983418382547,19.1065816174528,FALSE
11169,155,0,0,0,0,156.043274457832,1.04327445783173,FALSE
11170,128,0,0,0,0,214.381819133722,86.381819133722,FALSE
11171,275,0,0,0,0,203.40214296293,71.5978570370703,FALSE
11172,149.99,1,0,1,1,181.415466539019,31.4254665390194,FALSE
11174,209.99,1,0,1,1,179.013301641039,30.9766983589607,FALSE
11176,789,1,0,0,0,690.850104446489,98.1498955535105,FALSE
11177,224,0,0,0,0,300.824667695926,76.8246676959257,FALSE
11178,239.88,1,0,0,0,232.487007415243,7.39299258475674,FALSE
11179,252.88,0,0,0,0,205.677983187084,47.2020168129159,FALSE
11182,639,1,0,0,0,637.564313144544,1.43568685545586,FALSE
11183,619.99,1,0,1,1,558.938504905424,61.0514950945764,FALSE
11184,499.99,1,1,1,1,459.513823974049,40.4761760259514,FALSE
11185,429.95,1,0,1,0,443.586763076283,13.6367630762829,FALSE
11187,535,0,0,0,0,311.893171316641,223.106828683359,FALSE
11188,289.99,1,0,1,1,232.968821468205,57.0211785317954,FALSE
11189,454.68,0,0,0,0,464.477556811313,9.79755681131331,FALSE
11191,649.99,1,0,1,1,283.869711240675,366.120288759325,FALSE
11192,450,0,0,0,0,446.701255469133,3.29874453086671,FALSE
11193,155,0,0,0,0,150.702476255306,4.29752374469393,FALSE
11194,310,0,0,0,0,237.643161856713,72.3568381432871,FALSE
11197,679.95,1,0,1,0,625.772326767942,54.1776732320585,FALSE
11198,396,0,1,0,0,272.926543995347,123.073456004653,FALSE
11201,105,0,0,0,0,106.646268926631,1.64626892663119,FALSE
11202,119,1,0,0,0,97.7762874514114,21.2237125485886,FALSE
11203,379.99,1,0,1,1,261.767438732091,118.222561267909,FALSE
11204,15,0,0,0,0,225.122172613962,210.122172613962,FALSE
11205,549,1,0,0,0,513.073897823881,35.926102176119,FALSE
11206,439.98,1,0,1,0,478.567673447764,38.5876734477641,FALSE
11207,124.95,0,0,1,0,78.7627857177664,46.1872142822336,FALSE
11208,263.99,0,0,1,1,234.710703792547,29.2792962074529,FALSE
11209,400,0,0,0,0,192.759858145434,207.240141854566,FALSE
11210,575,0,0,0,0,508.502565757761,66.497434242239,FALSE
11211,454,0,0,0,0,434.804880385813,19.1951196141866,FALSE
11214,749,1,0,0,0,782.913881312465,33.9138813124647,FALSE
11215,550,0,0,0,0,451.023210684959,98.9767893150411,FALSE
11219,430,0,0,0,0,313.776457217353,116.223542782647,FALSE
11220,449,1,0,0,0,431.993033355412,17.0069666445884,FALSE
11222,367.97,0,0,1,0,246.072023276117,121.897976723883,FALSE
11224,679.99,1,0,1,1,620.193232381624,59.7967676183756,FALSE
11226,375,0,0,0,0,357.289548316246,17.7104516837539,FALSE
11227,558.17,0,0,0,0,275.045595168279,283.124404831721,FALSE
11228,159.94,1,0,1,0,263.797954934465,103.857954934465,FALSE
11229,425,0,0,0,0,235.267025612462,189.732974387538,FALSE
11230,248,0,0,0,0,248.145046875928,0.145046875927562,FALSE
11238,639,1,0,0,0,429.891351887066,209.108648112934,FALSE
11240,119.99,1,0,1,1,59.7460464803655,60.2439535196345,FALSE
11242,393,0,1,0,0,303.054425715018,89.9455742849823,FALSE
11244,159.99,1,0,1,1,210.235778202555,50.2457782025549,FALSE
11246,259.99,1,0,1,1,214.638256728127,45.351743271873,FALSE
11247,349,1,0,0,0,352.806230638218,3.80623063821758,FALSE
11248,184.99,0,0,1,1,119.83135820163,65.1586417983697,FALSE
11251,153.99,0,0,1,1,181.596350373271,27.606350373271,FALSE
11252,389.99,1,0,1,1,488.339353031093,98.3493530310935,FALSE
11253,384.99,0,0,1,1,445.510622919799,60.5206229197993,FALSE
11254,579.99,1,0,1,1,426.785047475629,153.204952524371,FALSE
11255,599.99,1,1,1,1,432.321555546173,167.668444453827,FALSE
11257,198.98,0,1,1,0,184.645246387276,14.334753612724,FALSE
11259,490.95,0,1,1,0,405.05344272215,85.8965572778504,FALSE
11261,179,1,0,0,0,267.952948006713,88.9529480067129,FALSE
11263,200,0,0,0,0,179.953083764867,20.0469162351333,FALSE
11264,670,0,0,0,0,484.11486099093,185.88513900907,FALSE
11265,380,0,0,0,0,225.767606270241,154.232393729759,FALSE
11266,350,0,0,0,0,273.861408337299,76.1385916627014,FALSE
11267,215.99,0,0,1,1,184.065767913437,31.9242320865629,FALSE
11268,439.99,1,0,1,1,450.468714314847,10.4787143148474,FALSE
11269,358.87,0,0,0,0,176.047753139195,182.822246860805,FALSE
11270,939,1,0,0,0,707.633474648788,231.366525351212,FALSE
11271,279.99,1,0,1,1,225.248093064479,54.7419069355212,FALSE
11272,575,0,0,0,0,459.740824192294,115.259175807706,FALSE
11273,544.49,0,0,0,1,200.613845175425,343.876154824575,FALSE
11275,142.25,0,0,0,0,181.434468788771,39.1844687887711,FALSE
11276,349.99,1,0,1,1,222.977398539533,127.012601460467,FALSE
11280,95,0,1,0,0,138.457049082768,43.4570490827678,FALSE
11282,561.53,0,0,0,0,305.240919917836,256.289080082164,FALSE
11283,948.98,0,0,1,0,618.839030891132,330.140969108868,FALSE
11287,540,0,0,0,0,255.914689777778,284.085310222222,FALSE
11288,300,0,0,0,0,194.939254385743,105.060745614257,FALSE
11290,349.99,1,0,1,1,184.781392079283,165.208607920717,FALSE
11291,299.99,1,1,1,1,242.227250857662,57.7627491423379,FALSE
11292,799.99,1,1,1,1,642.246306655175,157.743693344825,FALSE
11294,165,0,0,0,0,221.871815373719,56.8718153737187,FALSE
11297,349,1,0,0,0,387.972740764772,38.9727407647716,FALSE
11298,280,0,0,0,0,272.585727151156,7.41427284884412,FALSE
11299,499,1,1,0,0,481.669221129294,17.3307788707061,FALSE
11301,314.99,0,0,1,1,201.90705792383,113.08294207617,FALSE
11303,149.99,1,0,1,1,216.605791140888,66.6157911408884,FALSE
11304,220,0,0,0,0,155.537531007602,64.4624689923983,FALSE
11305,199.99,1,1,1,1,50.6703672497922,149.319632750208,FALSE
11306,798,0,1,0,0,542.10169054082,255.89830945918,FALSE
11308,520,0,0,0,0,424.180391410693,95.8196085893072,FALSE
11309,95,0,1,0,0,87.4629151414674,7.53708485853257,FALSE
11310,351,0,0,0,0,215.326124889046,135.673875110954,FALSE
11312,189.99,1,0,1,1,149.583759056165,40.406240943835,FALSE
11314,259,1,0,0,0,221.770096134596,37.2299038654037,FALSE
11315,399,1,1,0,0,333.462731529236,65.5372684707639,FALSE
11316,104.99,0,0,1,1,69.6352894810608,35.3547105189392,FALSE
11317,569,1,0,0,0,576.77347532063,7.77347532062981,FALSE
11318,214.99,0,0,1,1,170.039560977638,44.9504390223624,FALSE
11320,199,1,1,0,0,214.065767891644,15.0657678916438,FALSE
11322,134.34,0,0,0,0,161.771077894959,27.4310778949595,FALSE
11327,141.09,0,0,0,1,184.937034561625,43.8470345616246,FALSE
11328,375,0,0,0,0,275.514622535221,99.4853774647788,FALSE
11331,650,0,0,0,0,512.401740665299,137.598259334701,FALSE
11333,295,0,1,0,0,233.992710566135,61.0072894338646,FALSE
11334,560,0,0,0,0,493.806296322759,66.1937036772408,FALSE
11336,599.99,1,1,1,1,639.070771602517,39.0807716025168,FALSE
11337,395,0,1,0,0,278.48270601098,116.51729398902,FALSE
11338,379,1,0,0,0,360.82024034483,18.1797596551705,FALSE
11339,389.99,1,0,1,1,360.478858715504,29.5111412844963,FALSE
11340,609.99,1,0,1,1,590.965690005466,19.0243099945336,FALSE
11341,187.89,0,0,0,1,123.513930187109,64.3760698128913,FALSE
11342,175,0,0,0,0,151.070184524305,23.9298154756954,FALSE
11343,280.99,0,0,1,1,246.907660055259,34.0823399447406,FALSE
11345,99,1,1,0,0,132.041582302347,33.0415823023474,FALSE
11347,200,0,0,0,0,186.182333372823,13.8176666271767,FALSE
11348,295,0,1,0,0,263.779511803757,31.2204881962427,FALSE
11352,425,0,0,0,0,237.335249285227,187.664750714773,FALSE
11355,589,1,0,0,0,596.718798426853,7.7187984268528,FALSE
11356,575,0,0,0,0,316.383647715255,258.616352284745,FALSE
11357,24.99,0,0,1,1,194.730495783951,169.740495783951,FALSE
11358,320,0,0,0,0,253.85279738348,66.1472026165201,FALSE
11362,285,0,0,0,0,206.410159984576,78.5898400154236,FALSE
11363,498.88,0,1,0,0,408.18020739052,90.6997926094803,FALSE
11364,350,0,0,0,0,173.386019886762,176.613980113238,FALSE
11365,204,0,0,0,0,252.025463889534,48.0254638895343,FALSE
11367,276.99,0,0,1,1,194.706775295847,82.2832247041535,FALSE
11370,459.95,1,0,1,0,471.803537508165,11.8535375081651,FALSE
11371,529.95,1,0,1,0,446.497037003518,83.4529629964816,FALSE
11372,265,0,0,0,0,217.203847556446,47.7961524435538,FALSE
11373,459.99,1,0,1,1,428.531720473721,31.4582795262789,FALSE
11374,360.24,0,0,0,0,402.28220625949,42.0422062594899,FALSE
11375,261.99,0,0,1,1,191.139193292168,70.8508067078319,FALSE
11376,573.74,0,0,0,0,326.968235966452,246.771764033548,FALSE
11378,340,0,0,0,0,218.512320792855,121.487679207145,FALSE
11379,440,0,0,0,0,458.280436992263,18.2804369922628,FALSE
11380,180,0,0,0,0,156.289847034953,23.7101529650468,FALSE
11381,237.99,0,0,1,1,187.639109259558,50.3508907404422,FALSE
11383,395,0,1,0,0,294.040669168947,100.959330831053,FALSE
11384,598.98,0,1,1,0,473.213121698084,125.766878301916,FALSE
11385,240,0,0,0,0,215.133455475206,24.8665445247942,FALSE
11387,300,0,0,0,0,214.759885456776,85.2401145432244,FALSE
11388,300,0,0,0,0,142.787276778535,157.212723221465,FALSE
11389,168,0,0,0,0,242.492318931883,74.4923189318832,FALSE
11390,212.99,0,0,1,1,154.641476113327,58.3485238866731,FALSE
11392,639.99,1,0,1,1,494.357880278607,145.632119721393,FALSE
11393,350,0,0,0,0,358.737830318795,8.73783031879452,FALSE
11394,498.88,0,1,0,0,410.96772520677,87.9122747932303,FALSE
11395,400,0,0,0,0,222.788680006406,177.211319993594,FALSE
11396,279.5,1,0,0,0,209.75998397817,69.7400160218297,FALSE
11397,999,1,1,0,0,221.50813365035,777.49186634965,FALSE
11398,298,0,1,0,0,182.341099844476,115.658900155524,FALSE
11399,499.99,1,1,1,1,447.684672089767,52.3053279102328,FALSE
11401,125,0,0,0,0,153.866287508514,28.8662875085142,FALSE
11402,275,0,0,0,0,194.026965063077,80.9730349369229,FALSE
11403,473.6,0,0,0,0,268.86996069558,204.73003930442,FALSE
11404,520.9,0,0,1,0,311.357845353052,209.542154646948,FALSE
11405,339.99,1,0,1,1,227.639159946927,112.350840053073,FALSE
11407,648,0,0,0,0,384.669239813462,263.330760186538,FALSE
11408,648,0,0,0,0,387.336062326452,260.663937673548,FALSE
11410,220,0,0,0,0,217.495059729946,2.50494027005445,FALSE
11412,195,0,1,0,0,232.44298651391,37.4429865139095,FALSE
11413,695,0,1,0,0,475.1626454668,219.8373545332,FALSE
11415,175,0,0,0,0,159.111915638149,15.888084361851,FALSE
11417,99,1,1,0,0,266.904334874563,167.904334874563,FALSE
11418,375,0,0,0,0,210.83777775793,164.16222224207,FALSE
11423,700,0,0,0,0,336.93143840345,363.06856159655,FALSE
11424,200,0,0,0,0,211.122082262371,11.1220822623708,FALSE
11425,599,1,1,0,0,317.158418237936,281.841581762064,FALSE
11426,525,0,0,0,0,381.942590832005,143.057409167995,FALSE
11428,300,0,0,0,0,321.782918758215,21.7829187582147,FALSE
11429,290,0,1,0,0,269.768713316314,20.2312866836859,FALSE
11431,325,0,0,0,0,297.891063782225,27.1089362177748,FALSE
11433,150,0,0,0,0,224.669804698682,74.6698046986822,FALSE
11434,325,0,0,0,0,216.584419255246,108.415580744754,FALSE
11436,399,1,1,0,0,388.214259121352,10.7857408786479,FALSE
11438,109.99,1,0,1,1,215.977331308151,105.987331308151,FALSE
11439,110,0,0,0,0,67.5217462769486,42.4782537230514,FALSE
11440,51.99,0,0,1,1,253.785133194264,201.795133194264,FALSE
11443,30.99,0,0,1,1,195.212887956084,164.222887956084,FALSE
11444,3.99,0,0,1,1,248.035052282852,244.045052282852,FALSE
11445,8.99,0,0,1,1,246.742475766221,237.752475766221,FALSE
11446,127.95,0,0,1,0,281.550113828374,153.600113828374,FALSE
11447,220,0,0,0,0,57.616558791873,162.383441208127,FALSE
11449,9.99,1,0,1,1,209.176261421123,199.186261421123,FALSE
11450,139.99,1,0,1,1,260.25953420698,120.26953420698,FALSE
11451,69.99,1,0,1,0,218.976749960014,148.986749960014,FALSE
11452,139,1,0,0,0,209.694173447024,70.6941734470239,FALSE
11454,39.99,1,0,1,1,262.172806888595,222.182806888595,FALSE
11455,9.95,1,0,1,0,295.86871912416,285.91871912416,FALSE
11456,28,0,0,0,0,276.060849844176,248.060849844176,FALSE
11457,70.99,0,0,1,0,226.538516604184,155.548516604184,FALSE
11458,255,0,0,0,0,210.719326012168,44.280673987832,FALSE
11459,28.75,0,0,0,0,272.35568329994,243.60568329994,FALSE
11460,339.98,1,0,1,0,381.325033247484,41.3450332474841,FALSE
11461,750,0,0,0,0,569.986751823857,180.013248176143,FALSE
11463,250,0,0,0,0,200.725129881443,49.2748701185566,FALSE
11464,332.5,0,0,0,0,386.509694874901,54.0096948749013,FALSE
11465,118.95,0,0,1,0,312.527379537998,193.577379537998,FALSE
11466,149.99,1,0,1,1,238.419452302915,88.4294523029146,FALSE
11468,199.99,1,1,1,1,196.273554316014,3.71644568398625,FALSE
11475,509,1,0,0,0,332.983831755391,176.016168244609,FALSE
11479,199.99,1,1,1,1,218.951349733963,18.9613497339627,FALSE
11480,289,1,0,0,0,241.364924340076,47.6350756599238,FALSE
11481,645,0,0,0,0,638.073364070493,6.9266359295068,FALSE
11487,749,1,0,0,0,695.828037855323,53.1719621446771,FALSE
11490,225,0,0,0,0,202.96359744001,22.0364025599905,FALSE
11495,300,0,0,0,0,284.162908156319,15.8370918436814,FALSE
11498,425.99,0,0,1,1,291.275212510716,134.714787489284,FALSE
11502,180,0,0,0,0,153.612554147452,26.3874458525481,FALSE
11510,235,0,0,0,0,293.996328105706,58.9963281057056,FALSE
11512,235,0,0,0,0,211.914223646227,23.0857763537733,FALSE
11515,299,1,1,0,0,355.369815152991,56.3698151529908,FALSE
11517,330,0,0,0,0,222.704854415676,107.295145584324,FALSE
11519,500,0,0,0,0,517.246651782086,17.2466517820856,FALSE
11523,165,0,0,0,0,68.3807570651171,96.6192429348829,FALSE
11526,347,0,0,0,0,342.83058360545,4.16941639455047,FALSE
11527,175,0,0,0,0,108.991115411488,66.0088845885115,FALSE
11528,400,0,0,0,0,253.446300538975,146.553699461025,FALSE
11529,730,0,0,0,0,704.162697838246,25.8373021617543,FALSE
11531,225,0,0,0,0,197.229513968185,27.7704860318147,FALSE
11532,325,0,0,0,0,227.045475649418,97.9545243505818,FALSE
11533,749.99,1,0,1,1,661.50157139277,88.4884286072304,FALSE
11534,225,0,0,0,0,210.97092314357,14.0290768564296,FALSE
11537,105,0,0,0,0,101.087542191168,3.91245780883209,FALSE
11538,175,0,0,0,0,157.831090438468,17.1689095615323,FALSE
11539,550,0,0,0,0,395.783251533216,154.216748466784,FALSE
11541,250,0,0,0,0,153.478027593398,96.521972406602,FALSE
11542,145,0,0,0,0,144.820516506023,0.179483493977216,FALSE
11543,210,0,0,0,0,154.297873609785,55.7021263902147,FALSE
11545,100,0,0,0,0,65.2952037819405,34.7047962180595,FALSE
11546,331.99,0,0,1,1,347.911982345361,15.9219823453607,FALSE
11547,348.6,0,0,0,0,223.425512089949,125.174487910051,FALSE
11548,308,0,0,0,0,206.607132916089,101.392867083911,FALSE
11549,349,1,0,0,0,318.56542095514,30.4345790448598,FALSE
11550,70,0,0,0,0,219.384231795049,149.384231795049,FALSE
11551,350,0,0,0,0,149.913839607324,200.086160392676,FALSE
11552,710,0,0,0,0,631.039308486211,78.9606915137888,FALSE
11553,230,0,0,0,0,154.796913293033,75.2030867069666,FALSE
11554,275,0,0,0,0,163.667638337754,111.332361662246,FALSE
11556,399.99,1,1,1,1,365.677408814038,34.3125911859624,FALSE
11557,280,0,0,0,0,231.963885338382,48.0361146616178,FALSE
11558,220,0,0,0,0,151.387661478221,68.6123385217794,FALSE
11559,525,0,0,0,0,169.128074879785,355.871925120215,FALSE
11560,149,1,0,0,0,104.365303727079,44.6346962729206,FALSE
11562,275,0,0,0,0,202.661222168278,72.3387778317217,FALSE
11563,300,0,0,0,0,279.85713410995,20.1428658900501,FALSE
11564,327.58,0,0,0,0,229.688553313163,97.8914466868374,FALSE
11565,250,0,0,0,0,147.291737430418,102.708262569582,FALSE
11566,400,0,0,0,0,346.638032562397,53.3619674376032,FALSE
11568,289,1,0,0,0,163.046576135603,125.953423864397,FALSE
11569,375,0,0,0,0,296.310714072483,78.6892859275173,FALSE
11571,525,0,0,0,0,447.463065849235,77.5369341507647,FALSE
11572,269.95,1,0,1,0,172.893560338686,97.0564396613136,FALSE
11573,455,0,0,0,0,329.023880506175,125.976119493825,FALSE
11574,200,0,0,0,0,254.730394661736,54.7303946617357,FALSE
11575,149.99,1,0,1,1,98.1615685940673,51.8284314059327,FALSE
11576,400,0,0,0,0,355.280231537366,44.7197684626345,FALSE
11577,315,0,0,0,0,163.55884704904,151.44115295096,FALSE
11578,500,0,0,0,0,355.809892668432,144.190107331568,FALSE
11579,70,0,0,0,0,89.6572292853522,19.6572292853522,FALSE
11580,450,0,0,0,0,189.861595884471,260.138404115529,FALSE
11584,259.99,1,0,1,1,230.815924168482,29.1740758315179,FALSE
11585,100,0,0,0,0,192.438653739679,92.4386537396789,FALSE
11586,350,0,0,0,0,295.975161978106,54.0248380218943,FALSE
11587,380,0,0,0,0,186.849870305233,193.150129694767,FALSE
11588,200,0,0,0,0,148.127270678566,51.8727293214336,FALSE
11591,2.99,0,0,1,1,246.647931715664,243.657931715663,FALSE
11592,350,0,0,0,0,247.871403307816,102.128596692184,FALSE
11594,480,0,0,0,0,221.348007504016,258.651992495984,FALSE
11595,175,0,0,0,0,157.14932914609,17.8506708539099,FALSE
11597,175,0,0,0,0,214.444127958011,39.4441279580114,FALSE
11599,119.88,1,0,0,0,177.309560085967,57.4295600859675,FALSE
11600,225,0,0,0,0,106.497679812272,118.502320187728,FALSE
11604,150,0,0,0,0,118.160336891015,31.8396631089852,FALSE
11606,199,1,1,0,0,232.648846311602,33.6488463116016,FALSE
11610,129.99,1,0,1,1,87.6670097153541,42.3229902846459,FALSE
11612,229.98,1,0,1,0,313.056197012118,83.0761970121181,FALSE
11614,69.95,1,0,1,0,88.8658515908058,18.9158515908058,FALSE
11629,59.99,1,0,1,1,123.805458551103,63.8154585511034,FALSE
11631,100,0,0,0,0,191.967564818392,91.9675648183924,FALSE
11633,209,1,0,0,0,172.723162639443,36.2768373605574,FALSE
11640,89.99,1,0,1,1,83.4077309819048,6.58226901809523,FALSE
11642,550,0,0,0,0,498.713167355128,51.286832644872,FALSE
11643,128,0,0,0,0,126.652565151004,1.34743484899617,FALSE
11649,209,1,0,0,0,171.324461443139,37.6755385568608,FALSE
11658,128,0,0,0,0,125.91573729566,2.08426270434015,FALSE
11659,200,0,0,0,0,143.023795673529,56.9762043264709,FALSE
11668,119.99,1,0,1,1,65.4301557292086,54.5598442707914,FALSE
11673,129.95,1,0,1,0,82.1472550451612,47.8027449548388,FALSE
11675,129.95,1,0,1,0,154.399825736771,24.4498257367711,FALSE
11677,189.99,1,0,1,1,174.308667259603,15.681332740397,FALSE
11682,399.99,1,1,1,1,386.631226969211,13.3587730307887,FALSE
11684,157,0,0,0,0,93.7048653794588,63.2951346205412,FALSE
11687,100,0,0,0,0,69.5920697331307,30.4079302668693,FALSE
11692,150,0,0,0,0,141.302793611381,8.69720638861924,FALSE
11696,55,0,0,0,0,-23.1174550342855,78.1174550342855,FALSE
11698,89.99,1,0,1,1,63.8198797401759,26.1701202598241,FALSE
11703,74.95,0,0,1,0,67.5285272276636,7.4214727723364,FALSE
11719,196.79,0,1,0,1,122.342456596423,74.4475434035771,FALSE
11724,209.9,1,0,1,0,7.08892560606101,202.811074393939,FALSE
11728,60,0,0,0,0,64.2021750128076,4.20217501280757,FALSE
11733,59.99,1,0,1,1,-39.2665310523706,99.2565310523706,FALSE
11739,128,0,0,0,0,127.066141802636,0.933858197363804,FALSE
11742,100,0,0,0,0,83.8100114508036,16.1899885491964,FALSE
11743,130,0,0,0,0,69.8237703671443,60.1762296328557,FALSE
11745,99.99,1,1,1,1,123.043906076929,23.0539060769294,FALSE
11747,119.99,1,0,1,1,105.116141378139,14.8738586218614,FALSE
11749,65,0,0,0,0,89.5902611982897,24.5902611982897,FALSE
11750,165,0,0,0,0,34.1274377664682,130.872562233532,FALSE
11751,66.99,0,0,1,0,76.5847686052849,9.59476860528487,FALSE
11752,199,1,1,0,0,104.396409942768,94.6035900572318,FALSE
11754,79,1,0,0,0,67.8595678576371,11.1404321423629,FALSE
11755,142.49,0,0,0,1,30.942563391855,111.547436608145,FALSE
11756,85,0,0,0,0,53.8482034458874,31.1517965541126,FALSE
11760,99.95,1,1,1,0,327.882926328419,227.932926328419,FALSE
11761,100,0,0,0,0,137.048115198166,37.0481151981661,FALSE
11763,100,0,0,0,0,131.465788226092,31.4657882260922,FALSE
11767,19.99,1,0,1,0,145.774029746818,125.784029746818,FALSE
11768,155,0,0,0,0,139.665264497215,15.3347355027851,FALSE
11770,150,0,0,0,0,108.684312614936,41.3156873850643,FALSE
11771,415,0,0,0,0,351.429356848053,63.5706431519467,FALSE
11772,319.99,1,0,1,1,237.876137034651,82.1138629653485,FALSE
11774,179.95,1,0,1,0,203.015579033865,23.0655790338654,FALSE
11775,104.99,0,0,1,1,122.966305842158,17.9763058421585,FALSE
11779,379.99,1,0,1,1,168.084954567056,211.905045432944,FALSE
11780,279,1,0,0,0,76.2938122991897,202.70618770081,FALSE
11781,264.99,0,0,1,1,212.805044448201,52.1849555517993,FALSE
11782,579.99,1,0,1,1,527.599509028937,52.3904909710633,FALSE
11786,379.99,1,0,1,1,457.960546875553,77.9705468755525,FALSE
11788,149.95,1,0,1,0,238.889937494627,88.9399374946273,FALSE
11789,309.95,1,0,1,0,347.261273780058,37.3112737800582,FALSE
11790,324.9,0,0,1,1,232.0153462919,92.8846537081002,FALSE
11792,375,0,0,0,0,362.026488419444,12.9735115805559,FALSE
11793,319.98,1,0,1,0,291.287156811078,28.6928431889215,FALSE
11794,374.95,0,0,1,0,402.699861446487,27.7498614464871,FALSE
11795,379.99,1,0,1,1,304.402641154616,75.5873588453841,FALSE
11798,509,1,0,0,0,477.299203571002,31.7007964289983,FALSE
11799,229,1,0,0,0,294.595744523418,65.5957445234175,FALSE
11800,299.99,1,1,1,1,195.047898554485,104.942101445515,FALSE
11801,74.99,0,0,1,0,78.2978680052841,3.30786800528415,FALSE
11803,124.99,0,0,1,1,110.856573553557,14.1334264464427,FALSE
11806,100,0,0,0,0,66.8073098699718,33.1926901300282,FALSE
11811,199.99,1,1,1,1,266.627488573018,66.6374885730175,FALSE
11813,298,0,1,0,0,270.922694937144,27.0773050628558,FALSE
11815,209,1,0,0,0,163.924160166905,45.0758398330945,FALSE
11818,249,1,0,0,0,286.938717515542,37.9387175155421,FALSE
11819,249,1,0,0,0,226.623921696808,22.376078303192,FALSE
11822,279.99,1,0,1,1,283.703331630224,3.71333163022393,FALSE
11824,129.95,1,0,1,0,127.126656787408,2.82334321259185,FALSE
11825,244.95,0,0,1,0,233.137147511915,11.8128524880846,FALSE
11826,319,1,0,0,0,221.696040358781,97.3039596412185,FALSE
11827,289,1,0,0,0,230.540890358282,58.4591096417176,FALSE
11828,249.99,1,0,1,1,171.108164961935,78.8818350380648,FALSE
11832,629,1,0,0,0,647.469680399169,18.4696803991694,FALSE
11833,429,1,0,0,0,472.876399936617,43.8763999366167,FALSE
11834,529,1,0,0,0,547.99311539132,18.9931153913203,FALSE
11835,430,0,0,0,0,368.587021439984,61.4129785600163,FALSE
11837,90,0,1,0,0,174.625992418712,84.6259924187117,FALSE
11838,87,0,0,0,0,220.085431888182,133.085431888182,FALSE
11841,139,1,0,0,0,193.40492095707,54.4049209570704,FALSE
11842,219.99,1,0,1,1,180.609464081812,39.3805359181883,FALSE
11843,329.99,1,0,1,1,242.109132859238,87.880867140762,FALSE
11845,400,0,0,0,0,384.458305106361,15.5416948936391,FALSE
11846,250,0,0,0,0,205.289331282094,44.7106687179059,FALSE
11847,164.99,0,0,1,1,158.714951382685,6.27504861731524,FALSE
11848,129.99,1,0,1,1,82.0482024219088,47.9417975780912,FALSE
11849,164.99,0,0,1,1,157.522714178444,7.46728582155566,FALSE
11851,219.95,1,0,1,0,201.137151075877,18.8128489241225,FALSE
11853,279,1,0,0,0,281.802622919755,2.80262291975453,FALSE
11854,319,1,0,0,0,263.441244671391,55.5587553286089,FALSE
11856,89.5,1,0,0,0,100.221519470206,10.7215194702064,FALSE
11858,329.99,1,0,1,1,282.404446993268,47.5855530067324,FALSE
11859,400,0,0,0,0,368.946622759314,31.0533772406858,FALSE
11861,119.99,1,0,1,1,142.168938758741,22.1789387587415,FALSE
11862,105,0,0,0,0,119.166241996773,14.1662419967734,FALSE
11863,195,0,1,0,0,214.04591587069,19.0459158706903,FALSE
11864,219.99,1,0,1,1,229.518869669824,9.52886966982416,FALSE
11866,210.99,0,0,1,1,150.600297439606,60.3897025603941,FALSE
11867,514.95,0,0,1,0,482.406399637224,32.5436003627763,FALSE
11868,79.99,1,0,1,0,117.940506964838,37.9505069648382,FALSE
11869,250,0,0,0,0,200.98830487717,49.0116951228303,FALSE
11870,149.99,1,0,1,1,145.127060267912,4.86293973208797,FALSE
11872,145.49,0,0,0,1,125.131328865863,20.3586711341367,FALSE
11873,249,1,0,0,0,229.569845859386,19.4301541406143,FALSE
11874,153.95,0,0,1,0,177.889073200199,23.9390732001994,FALSE
11876,274,0,0,0,0,299.802435530413,25.8024355304133,FALSE
11879,130,0,0,0,0,152.41584897417,22.4158489741704,FALSE
11880,229.99,1,0,1,1,207.385100938961,22.6048990610393,FALSE
11882,303.99,0,0,1,1,285.027442514517,18.9625574854834,FALSE
11883,279.5,1,0,0,0,243.722668689432,35.7773313105685,FALSE
11884,239.99,1,0,1,1,157.873827367681,82.1161726323195,FALSE
11885,80,0,0,0,0,88.9894039044108,8.98940390441081,FALSE
11886,345,0,0,0,0,375.7971032897,30.7971032896999,FALSE
11887,239.99,1,0,1,1,239.200469330673,0.789530669327263,FALSE
11888,269.85,1,0,0,0,280.673419701274,10.8234197012739,FALSE
11889,280,0,0,0,0,312.165182742494,32.1651827424935,FALSE
11890,212.99,0,0,1,1,194.53275486599,18.4572451340096,FALSE
11892,139,1,0,0,0,197.3072621289,58.3072621288997,FALSE
11894,129.95,1,0,1,0,205.315917091865,75.3659170918646,FALSE
11895,559,1,0,0,0,481.535857099044,77.4641429009562,FALSE
11896,499,1,1,0,0,465.728167140017,33.2718328599831,FALSE
11897,245,0,0,0,0,193.630508839827,51.369491160173,FALSE
11898,250,0,0,0,0,196.362916564681,53.6370834353191,FALSE
11899,79.94,1,0,1,0,152.076085620797,72.1360856207974,FALSE
11900,219.85,1,0,0,0,282.505018015334,62.6550180153342,FALSE
11903,295,0,1,0,0,234.581808227535,60.418191772465,FALSE
11904,359.99,1,0,1,1,456.933747345765,96.9437473457652,FALSE
11905,256.24,0,0,0,0,277.064046748853,20.8240467488525,FALSE
11907,299.99,1,1,1,1,311.193166306361,11.2031663063606,FALSE
11908,199.99,1,1,1,1,227.653039463236,27.6630394632357,FALSE
11909,640,0,0,0,0,271.611163256491,368.388836743509,FALSE
11910,145,0,0,0,0,230.88900920331,85.8890092033097,FALSE
11911,170,0,0,0,0,69.9862065403184,100.013793459682,FALSE
11912,284.99,0,0,1,1,253.948027685576,31.0419723144242,FALSE
11915,235,0,0,0,0,270.971756937556,35.9717569375559,FALSE
11916,619,1,0,0,0,636.199783308727,17.1997833087268,FALSE
11917,369.99,1,0,1,1,321.124287497774,48.8657125022264,FALSE
11919,169,1,0,0,0,263.851603248308,94.851603248308,FALSE
11920,219.99,1,0,1,1,173.554912429551,46.4350875704488,FALSE
11921,199.69,1,1,0,1,190.95282238955,8.73717761045017,FALSE
11926,199.99,1,1,1,1,210.870073223054,10.8800732230537,FALSE
11928,175,0,0,0,0,327.894258500137,152.894258500137,FALSE
11929,285,0,0,0,0,256.7965220868,28.2034779131995,FALSE
11931,150,0,0,0,0,151.729252244158,1.72925224415758,FALSE
11932,329,1,0,0,0,269.947937408151,59.0520625918493,FALSE
11934,246,0,0,0,0,237.663064740914,8.33693525908583,FALSE
11935,200,0,0,0,0,198.875925766364,1.12407423363646,FALSE
11936,285,0,0,0,0,278.694753280051,6.3052467199488,FALSE
11939,285,0,0,0,0,201.566369916996,83.4336300830045,FALSE
11943,310,0,0,0,0,356.793693070405,46.7936930704047,FALSE
11948,239.99,1,0,1,1,214.104476479047,25.8855235209532,FALSE
11951,269.99,1,0,1,1,257.388962161071,12.6010378389295,FALSE
11952,399,1,1,0,0,454.274080890457,55.2740808904574,FALSE
11954,223,0,0,0,0,193.611629396827,29.3883706031729,FALSE
11958,275,0,0,0,0,220.469045117874,54.5309548821262,FALSE
11962,239.88,1,0,0,0,261.672511883099,21.7925118830995,FALSE
11963,199.99,1,1,1,1,161.502539264258,38.4874607357421,FALSE
11964,84.99,0,0,1,1,75.1457683415746,9.84423165842543,FALSE
11965,269.99,1,0,1,1,260.879794378278,9.11020562172166,FALSE
11986,179.99,1,0,1,1,180.44109228963,0.451092289629798,FALSE
11988,225,0,0,0,0,218.047221486602,6.95277851339847,FALSE
11994,419,1,0,0,0,438.262219786508,19.2622197865083,FALSE
11998,135,0,0,0,0,174.738416855936,39.7384168559362,FALSE
11999,115,0,0,0,0,146.584506612651,31.584506612651,FALSE
12012,179.99,1,0,1,1,269.589863327854,89.5998633278541,FALSE
12013,235.99,0,0,1,1,136.212400271283,99.7775997287165,FALSE
12014,239.99,1,0,1,1,238.013969776379,1.97603022362134,FALSE
12016,190,0,1,0,0,189.955451023005,0.0445489769945766,FALSE
12024,160,0,0,0,0,170.686851776512,10.6868517765115,FALSE
12035,291.99,0,1,1,1,295.672456784893,3.68245678489274,FALSE
12036,289.79,1,0,0,1,295.714074511697,5.92407451169703,FALSE
12037,90,0,1,0,0,168.015742784591,78.0157427845907,FALSE
12038,199.99,1,1,1,1,181.640669866226,18.3493301337743,FALSE
12040,259,1,0,0,0,268.974314687658,9.97431468765774,FALSE
12043,499.99,1,1,1,1,416.442644073429,83.5473559265708,FALSE
12047,520,0,0,0,0,497.566518138686,22.4334818613138,FALSE
12050,249.99,1,0,1,1,217.801488946831,32.1885110531687,FALSE
12052,175,0,0,0,0,184.721674737169,9.72167473716851,FALSE
12054,169,1,0,0,0,274.358775501706,105.358775501706,FALSE
12057,230,0,0,0,0,219.675567762573,10.3244322374268,FALSE
12060,145,0,0,0,0,142.084839700538,2.91516029946226,FALSE
12069,559.99,1,0,1,1,270.446228398278,289.543771601722,FALSE
12070,290,0,1,0,0,182.174617808847,107.825382191153,FALSE
12071,92.14,0,1,0,0,86.0806062882972,6.05939371170282,FALSE
12077,171.95,0,0,1,0,164.521887292017,7.42811270798276,FALSE
12078,189.99,1,0,1,1,152.08018237813,37.9098176218697,FALSE
12085,230,0,0,0,0,205.212102726863,24.7878972731374,FALSE
12086,92.14,0,1,0,0,92.0446040970792,0.0953959029208136,FALSE
12088,215,0,0,0,0,172.756553164091,42.2434468359091,FALSE
12095,144.99,0,0,1,1,125.642152599432,19.3478474005682,FALSE
12096,9,1,0,0,0,438.382740817877,429.382740817877,FALSE
12098,150,0,0,0,0,159.331432540166,9.33143254016642,FALSE
12100,204,0,0,0,0,213.403004461401,9.40300446140122,FALSE
12101,189.99,1,0,1,1,163.252899708014,26.7371002919858,FALSE
12103,367.97,0,0,1,0,246.228424380577,121.741575619423,FALSE
12104,370,0,0,0,0,313.15413378549,56.8458662145099,FALSE
12106,290,0,1,0,0,284.530644872327,5.469355127673,FALSE
12109,259.99,1,0,1,1,262.027544092133,2.03754409213263,FALSE
12110,374.99,0,0,1,1,310.303986893255,64.6860131067455,FALSE
12119,181,0,0,0,0,147.473378259868,33.5266217401324,FALSE
12120,259.99,1,0,1,1,191.205929518876,68.7840704811238,FALSE
12128,165,0,0,0,0,151.724369665227,13.2756303347732,FALSE
12131,389.99,1,0,1,1,357.366864286656,32.6231357133435,FALSE
12133,144.99,0,0,1,1,134.023891701128,10.9661082988717,FALSE
12135,275,0,0,0,0,302.858075940437,27.858075940437,FALSE
12137,74,0,0,0,0,80.8521188413333,6.85211884133329,FALSE
12142,185,0,0,0,0,152.381736344343,32.6182636556568,FALSE
12143,211.5,0,0,0,0,174.825073733789,36.6749262662107,FALSE
12144,314.99,0,0,1,1,130.534566572262,184.455433427738,FALSE
12148,124.99,0,0,1,1,193.040984314941,68.0509843149411,FALSE
12150,417,0,0,0,0,250.869701324244,166.130298675756,FALSE
12153,310,0,0,0,0,163.414990990974,146.585009009026,FALSE
12158,189.99,1,0,1,1,147.098415569192,42.8915844308084,FALSE
12159,379,1,0,0,0,295.031822819716,83.9681771802845,FALSE
12164,50,0,0,0,0,256.235026984995,206.235026984995,FALSE
12165,265,0,0,0,0,272.364401219138,7.36440121913819,FALSE
12170,200,0,0,0,0,202.047103575809,2.04710357580933,FALSE
12171,179,1,0,0,0,269.960972823563,90.9609728235626,FALSE
12175,199,1,1,0,0,210.732071789227,11.7320717892266,FALSE
12176,369.99,1,0,1,1,359.961645132614,10.028354867386,FALSE
12178,410,0,0,0,0,233.282189044354,176.717810955646,FALSE
12179,168,0,0,0,0,152.832955573659,15.167044426341,FALSE
12184,50,0,0,0,0,248.463643720561,198.463643720561,FALSE
12193,214.98,0,0,1,0,241.121585351343,26.1415853513428,FALSE
12194,150.99,0,0,1,1,133.99045381993,16.99954618007,FALSE
12195,199.99,1,1,1,1,184.563436459532,15.4265635404677,FALSE
12197,299.99,1,1,1,1,215.944013125789,84.0459868742111,FALSE
12198,90,0,1,0,0,108.655590127551,18.6555901275509,FALSE
12202,300,0,0,0,0,172.832899148911,127.167100851089,FALSE
12207,179.99,1,0,1,1,143.571672375432,36.4183276245677,FALSE
12210,109,1,0,0,0,103.985153364552,5.01484663544845,FALSE
12211,199.99,1,1,1,1,229.339060213678,29.349060213678,FALSE
12216,162,0,0,0,0,211.714087503007,49.7140875030067,FALSE
12218,172,0,0,0,0,197.453997005086,25.4539970050865,FALSE
12220,150,0,0,0,0,221.139498251942,71.1394982519416,FALSE
12222,300,0,0,0,0,252.231197604975,47.768802395025,FALSE
12223,350,0,0,0,0,217.812247346291,132.187752653709,FALSE
12225,149.99,1,0,1,1,189.262802956906,39.2728029569061,FALSE
12233,79.99,1,0,1,0,92.3673462066239,12.377346206624,FALSE
12235,98,0,1,0,0,111.794900992653,13.7949009926535,FALSE
12238,350,0,0,0,0,311.672200233388,38.327799766612,FALSE
12242,315,0,0,0,0,236.026726199722,78.9732738002785,FALSE
12243,100,0,0,0,0,61.6266821290834,38.3733178709166,FALSE
12246,275,0,0,0,0,372.545245159017,97.5452451590173,FALSE
12247,255,0,0,0,0,218.784428898827,36.2155711011732,FALSE
12250,344,0,0,0,0,285.236137128663,58.7638628713372,FALSE
12251,199,1,1,0,0,192.347835786984,6.65216421301557,FALSE
12255,588.18,0,0,0,0,371.439584860247,216.740415139753,FALSE
12256,375.99,0,0,1,1,346.431151683983,29.5588483160172,FALSE
12258,494.5,0,1,0,0,178.283479654067,316.216520345933,FALSE
12259,155,0,0,0,0,71.4885534992222,83.5114465007778,FALSE
12262,559.99,1,0,1,1,495.024295169595,64.9657048304051,FALSE
12266,370,0,0,0,0,208.989171638304,161.010828361696,FALSE
12267,450,0,0,0,0,433.959693766886,16.0403062331143,FALSE
12269,158.99,0,0,1,1,153.595465562762,5.39453443723824,FALSE
12276,249.99,1,0,1,1,151.629191124967,98.3608088750332,FALSE
12277,399.99,1,1,1,1,350.932614793865,49.0573852061349,FALSE
12279,175,0,0,0,0,156.789596810527,18.2104031894728,FALSE
12281,449.99,1,0,1,1,340.323810158405,109.666189841595,FALSE
12282,588.18,0,0,0,0,372.286231535952,215.893768464048,FALSE
12284,625,0,0,0,0,498.184281892548,126.815718107452,FALSE
12287,199,1,1,0,0,222.035095630351,23.0350956303507,FALSE
12288,334.95,0,0,1,0,242.25875059944,92.6912494005598,FALSE
12290,175,0,0,0,0,148.882497738135,26.1175022618652,FALSE
12292,347.24,0,0,0,0,367.677692461712,20.4376924617123,FALSE
12293,214.95,0,0,1,0,225.787696876269,10.8376968762695,FALSE
12294,300,0,0,0,0,198.194556383596,101.805443616404,FALSE
12295,160,0,0,0,0,161.633123493155,1.63312349315507,FALSE
12296,549.99,1,0,1,1,449.345891786494,100.644108213506,FALSE
12298,249.99,1,0,1,1,199.984318484877,50.0056815151226,FALSE
12299,150,0,0,0,0,147.28639066523,2.71360933477038,FALSE
12300,509.99,1,0,1,1,375.502384885279,134.487615114722,FALSE
12301,100,0,0,0,0,190.973449616442,90.9734496164415,FALSE
12302,429.99,1,0,1,1,279.986237584498,150.003762415502,FALSE
12304,320.99,0,0,1,1,254.094405036588,66.8955949634118,FALSE
12306,450,0,0,0,0,203.126036843257,246.873963156743,FALSE
12307,99,1,1,0,0,107.658819749984,8.65881974998398,FALSE
12309,164.99,0,0,1,1,155.724989549723,9.26501045027675,FALSE
12311,499.99,1,1,1,1,521.638510206358,21.6485102063581,FALSE
12312,319.99,1,0,1,1,260.216233309037,59.7737666909628,FALSE
12313,590,0,1,0,0,540.524601319603,49.4753986803969,FALSE
12314,258.98,0,0,1,0,214.601473221846,44.3785267781542,FALSE
12317,645.99,0,0,1,1,536.277296517282,109.712703482718,FALSE
12318,211.95,0,0,1,0,183.367018608385,28.5829813916151,FALSE
12319,245.19,0,0,0,1,171.748777818055,73.4412221819454,FALSE
12320,445.95,0,0,1,0,427.268242568776,18.6817574312236,FALSE
12321,419.95,1,0,1,0,369.565512185105,50.3844878148954,FALSE
12323,389,1,0,0,0,487.97714266483,98.97714266483,FALSE
12325,112.99,0,0,1,1,78.9385699302552,34.0514300697448,FALSE
12326,375,0,0,0,0,222.104482683,152.895517317,FALSE
12327,217,0,0,0,0,222.613343002738,5.61334300273808,FALSE
12328,499.99,1,1,1,1,453.16254639866,46.8274536013404,FALSE
12329,299.99,1,1,1,1,230.899276790553,69.0907232094473,FALSE
12330,549,1,0,0,0,509.838963594746,39.161036405254,FALSE
12333,279.99,1,0,1,1,169.418236115074,110.571763884926,FALSE
12334,438.99,0,0,1,1,399.652810642609,39.3371893573906,FALSE
12335,370,0,0,0,0,327.395136331851,42.6048636681487,FALSE
12336,415,0,0,0,0,221.467866444436,193.532133555564,FALSE
12337,96,0,1,0,0,138.89276419691,42.8927641969103,FALSE
12338,385,0,0,0,0,201.93374594706,183.06625405294,FALSE
12341,175,0,0,0,0,94.5346315875493,80.4653684124507,FALSE
12342,215,0,0,0,0,220.963648141146,5.96364814114634,FALSE
12343,285,0,0,0,0,232.737294732835,52.2627052671645,FALSE
12345,399.94,1,1,1,0,448.007328605726,48.0673286057261,FALSE
12347,101,0,0,0,0,186.439468049212,85.439468049212,FALSE
12349,329,1,0,0,0,336.752576360528,7.75257636052811,FALSE
12350,280,0,0,0,0,227.920399384301,52.0796006156986,FALSE
12351,649.99,1,0,1,1,492.939483210144,157.050516789856,FALSE
12355,325,0,0,0,0,492.532108163696,167.532108163696,FALSE
12356,265.99,0,0,1,1,183.448266846114,82.5417331538856,FALSE
12358,174.99,0,0,1,1,135.369119027771,39.6208809722289,FALSE
12359,159.99,1,0,1,1,175.597443537719,15.6074435377187,FALSE
12360,102,0,0,0,0,187.371567713695,85.3715677136952,FALSE
12362,165,0,0,0,0,215.602944550957,50.602944550957,FALSE
12363,799,1,1,0,0,709.090600735863,89.9093992641367,FALSE
12365,280,0,0,0,0,205.323037924514,74.6769620754862,FALSE
12368,190.45,0,1,0,0,175.720548940681,14.729451059319,FALSE
12369,419.99,1,0,1,1,354.420117720498,65.5698822795024,FALSE
12370,319.99,1,0,1,1,269.507750431164,50.4822495688356,FALSE
12371,399.95,1,1,1,0,414.825041155442,14.8750411554423,FALSE
12372,449,1,0,0,0,473.74741511345,24.7474151134504,FALSE
12373,91,0,1,0,0,149.969139983992,58.9691399839921,FALSE
12375,170,0,0,0,0,156.915745696221,13.0842543037795,FALSE
12376,228.88,0,0,0,0,177.067027784285,51.8129722157146,FALSE
12377,150.99,0,0,1,1,153.599627396467,2.60962739646737,FALSE
12379,147.72,0,0,0,0,194.264856346703,46.5448563467028,FALSE
12380,179.99,1,0,1,1,140.884148819171,39.1058511808286,FALSE
12381,115,0,0,0,0,178.025708782152,63.0257087821525,FALSE
12382,271,0,0,0,0,206.596514777987,64.4034852220125,FALSE
12383,200,0,0,0,0,242.680545360957,42.6805453609568,FALSE
12384,189.95,1,0,1,0,250.878066289549,60.9280662895493,FALSE
12385,400,0,0,0,0,303.332745544997,96.6672544550032,FALSE
12386,349.99,1,0,1,1,267.173891113681,82.8161088863191,FALSE
12387,650,0,0,0,0,485.672445625688,164.327554374312,FALSE
12389,315,0,0,0,0,231.985314419398,83.0146855806022,FALSE
12390,680,0,0,0,0,569.482678146398,110.517321853602,FALSE
12393,280,0,0,0,0,232.213946818827,47.7860531811733,FALSE
12394,599.99,1,1,1,1,587.049604047369,12.9403959526309,FALSE
12395,795,0,1,0,0,717.18105548196,77.8189445180399,FALSE
12396,329.99,1,0,1,1,276.115640901041,53.8743590989587,FALSE
12397,275,0,0,0,0,175.185608770129,99.814391229871,FALSE
12398,324.99,0,0,1,1,238.693565413633,86.296434586367,FALSE
12399,154,0,0,0,0,233.864794184447,79.8647941844466,FALSE
12400,299.95,1,1,1,0,275.274893471177,24.6751065288228,FALSE
12401,284,0,0,0,0,307.195549463525,23.195549463525,FALSE
12402,199.99,1,1,1,1,220.444958981608,20.4549589816077,FALSE
12404,499.99,1,1,1,1,437.41158449638,62.5784155036198,FALSE
12405,250,0,0,0,0,177.942422850888,72.0575771491116,FALSE
12407,159.99,1,0,1,1,187.059342575649,27.0693425756485,FALSE
12408,70,0,0,0,0,100.41291235359,30.4129123535896,FALSE
12409,165,0,0,0,0,153.817192632602,11.1828073673983,FALSE
12410,249.99,1,0,1,1,211.363013786601,38.6269862133986,FALSE
12411,229.99,1,0,1,1,175.081270830075,54.9087291699252,FALSE
12412,749.95,1,0,1,0,653.742914065541,96.2070859344595,FALSE
12414,740,0,0,0,0,554.170824649264,185.829175350736,FALSE
12416,149,1,0,0,0,193.717732694146,44.7177326941463,FALSE
12417,426.3,0,0,0,0,270.367772017816,155.932227982184,FALSE
12418,679.99,1,0,1,1,324.034056006886,355.955943993114,FALSE
12419,279.99,1,0,1,1,183.833187520874,96.1568124791257,FALSE
12420,200,0,0,0,0,218.944654998977,18.9446549989771,FALSE
12421,689.99,1,0,1,1,496.593089169033,193.396910830967,FALSE
12422,460,0,0,0,0,252.081142844535,207.918857155465,FALSE
12423,789.99,1,0,1,1,557.389947407407,232.600052592593,FALSE
12424,634.99,0,0,1,1,601.250482882839,33.739517117161,FALSE
12425,899.99,1,1,1,1,685.41940423404,214.57059576596,FALSE
12426,324.99,0,0,1,1,229.513149787765,95.4768502122354,FALSE
12427,549.99,1,0,1,1,528.002296186588,21.9877038134119,FALSE
12428,285,0,0,0,0,225.425418946569,59.5745810534313,FALSE
12430,295.95,0,1,1,0,346.602260121925,50.6522601219249,FALSE
12431,399.95,1,1,1,0,477.434277882843,77.4842778828432,FALSE
12433,300,0,0,0,0,223.513926734319,76.4860732656813,FALSE
12434,130,0,0,0,0,148.360041336605,18.3600413366053,FALSE
12436,424.65,0,0,0,0,438.415880295515,13.7658802955153,FALSE
12437,90,0,1,0,0,112.50306434517,22.5030643451703,FALSE
12438,475,0,0,0,0,420.482876684359,54.5171233156409,FALSE
12439,659.49,1,0,0,1,571.663064675558,87.8269353244423,FALSE
12440,177.99,0,0,1,1,197.720599427816,19.7305994278163,FALSE
12441,204,0,0,0,0,253.681963635943,49.6819636359431,FALSE
12442,406,0,0,0,0,249.923642545351,156.076357454649,FALSE
12443,285,0,0,0,0,193.762087356128,91.2379126438715,FALSE
12444,229,1,0,0,0,154.711332570041,74.2886674299591,FALSE
12445,394.99,0,1,1,1,360.993459551631,33.9965404483695,FALSE
12446,450,0,0,0,0,432.328112053642,17.6718879463577,FALSE
12449,465.99,0,0,1,1,444.422485123523,21.5675148764767,FALSE
12450,470,0,0,0,0,226.114522180247,243.885477819753,FALSE
12451,445,0,0,0,0,457.08056482691,12.08056482691,FALSE
12452,358.24,0,0,0,0,364.632734355173,6.39273435517259,FALSE
12453,749.95,1,0,1,0,648.881863427085,101.068136572915,FALSE
12454,320,0,0,0,0,198.649083665799,121.350916334201,FALSE
12455,639.99,1,0,1,1,293.036670815209,346.953329184791,FALSE
12457,399.99,1,1,1,1,379.710339743146,20.2796602568537,FALSE
12458,639.99,1,0,1,1,554.735567037553,85.2544329624475,FALSE
12459,154.99,0,0,1,1,201.303740413983,46.3137404139834,FALSE
12460,408.6,0,0,0,0,278.184660589844,130.415339410156,FALSE
12462,345,0,0,0,0,168.256404546407,176.743595453593,FALSE
12464,399,1,1,0,0,333.770968343813,65.2290316561874,FALSE
12465,249,1,0,0,0,227.591424486453,21.4085755135472,FALSE
12466,38.99,0,0,1,1,173.197396532139,134.207396532139,FALSE
12468,800,0,0,0,0,590.006334897843,209.993665102157,FALSE
12469,500,0,0,0,0,377.074075131633,122.925924868367,FALSE
12472,450,0,0,0,0,288.477272926624,161.522727073376,FALSE
12473,475,0,0,0,0,145.20271824259,329.79728175741,FALSE
12474,190,0,1,0,0,244.410557159618,54.4105571596183,FALSE
12475,43.2,0,0,0,0,279.1152294036,235.9152294036,FALSE
12476,450,0,0,0,0,219.593886541784,230.406113458216,FALSE
12477,118.84,0,0,0,0,266.805597836485,147.965597836485,FALSE
12478,99.46,1,1,0,0,298.601108721008,199.141108721008,FALSE
12479,5.65,0,0,0,0,270.347151427296,264.697151427296,FALSE
12480,14.99,0,0,1,1,247.164896388238,232.174896388238,FALSE
12481,7.99,0,0,1,1,246.146346222643,238.156346222643,FALSE
12482,137.95,0,0,1,0,283.479604832637,145.529604832637,FALSE
12483,79.95,1,0,1,0,295.485806153861,215.535806153861,FALSE
12485,116.33,0,0,0,0,270.480564499794,154.150564499794,FALSE
12488,334,0,0,0,0,359.693803360363,25.6938033603627,FALSE
12489,339.5,1,0,0,0,383.914593638248,44.4145936382478,FALSE
12494,400,0,0,0,0,469.595887000978,69.5958870009785,FALSE
12495,485,0,0,0,0,421.406797593157,63.5932024068431,FALSE
12505,160,0,0,0,0,152.235925121571,7.76407487842869,FALSE
12510,189.99,1,0,1,1,149.069559666909,40.9204403330911,FALSE
12511,310,0,0,0,0,273.029061126685,36.9709388733149,FALSE
12512,95,0,1,0,0,94.7492529483399,0.250747051660085,FALSE
12513,204.95,0,0,1,0,241.093316064234,36.143316064234,FALSE
12514,399.99,1,1,1,1,395.23419844583,4.75580155417032,FALSE
12515,100,0,0,0,0,154.71360001032,54.7136000103195,FALSE
12516,155,0,0,0,0,149.503149103806,5.49685089619354,FALSE
12517,250,0,0,0,0,214.69401508679,35.3059849132097,FALSE
12518,250,0,0,0,0,202.034365175758,47.9656348242417,FALSE
12519,275,0,0,0,0,311.018753347816,36.0187533478157,FALSE
12520,235,0,0,0,0,95.3183199875931,139.681680012407,FALSE
12521,309.98,1,0,1,0,287.642892600347,22.3371073996533,FALSE
12522,500,0,0,0,0,506.519102652239,6.5191026522387,FALSE
12523,275,0,0,0,0,250.460223562737,24.539776437263,FALSE
12524,250,0,0,0,0,288.153839556533,38.1538395565328,FALSE
12525,300,0,0,0,0,227.851715187673,72.1482848123269,FALSE
12526,300,0,0,0,0,225.279922564239,74.7200774357609,FALSE
12527,550,0,0,0,0,306.492381950098,243.507618049902,FALSE
12528,255,0,0,0,0,153.149590120275,101.850409879725,FALSE
12529,299,1,1,0,0,295.869887456284,3.13011254371622,FALSE
12530,750,0,0,0,0,363.009811622492,386.990188377508,FALSE
12531,180,0,0,0,0,188.594933441393,8.59493344139312,FALSE
12532,225,0,0,0,0,94.7395994925693,130.260400507431,FALSE
12533,420,0,0,0,0,380.871239620169,39.1287603798306,FALSE
12534,239,1,0,0,0,208.630604156493,30.3693958435067,FALSE
12535,182.77,0,0,0,0,225.360081618288,42.5900816182882,FALSE
12536,279,1,0,0,0,254.880872170377,24.1191278296233,FALSE
12537,299.99,1,1,1,1,236.136304670145,63.8536953298549,FALSE
12538,280,0,0,0,0,201.573877857745,78.4261221422547,FALSE
12539,350,0,0,0,0,279.600483081769,70.3995169182314,FALSE
12540,220,0,0,0,0,187.619894435367,32.3801055646328,FALSE
12541,579.99,1,0,1,1,491.026529518319,88.9634704816807,FALSE
12542,120,0,0,0,0,31.2428618158888,88.7571381841112,FALSE
12543,190,0,1,0,0,252.730133487041,62.7301334870413,FALSE
12544,510,0,0,0,0,337.498243321403,172.501756678597,FALSE
12545,250,0,0,0,0,153.24334549508,96.7566545049202,FALSE
12546,300,0,0,0,0,216.249504551251,83.7504954487493,FALSE
12547,400,0,0,0,0,259.080233809654,140.919766190346,FALSE
12548,820,0,0,0,0,493.725486665839,326.274513334161,FALSE
12549,149.99,1,0,1,1,114.791928705498,35.1980712945024,FALSE
12550,105,0,0,0,0,89.0236993296167,15.9763006703833,FALSE
12552,119,1,0,0,0,118.351820990304,0.64817900969642,FALSE
12553,69,1,0,0,0,-3.16223472993727,72.1622347299373,FALSE
12554,80,0,0,0,0,62.472843599389,17.527156400611,FALSE
12557,150,0,0,0,0,168.497315608314,18.4973156083135,FALSE
12560,79.95,1,0,1,0,151.167251690718,71.2172516907181,FALSE
12561,119.99,1,0,1,1,104.066778870716,15.9232211292836,FALSE
12562,99.99,1,1,1,1,102.509341219891,2.51934121989126,FALSE
12565,99.95,1,1,1,0,233.694680873377,133.744680873377,FALSE
12574,139.99,1,0,1,1,63.8804691125091,76.1095308874909,FALSE
12576,229,1,0,0,0,173.05800421145,55.9419957885505,FALSE
12578,63,0,0,0,0,182.07138331488,119.07138331488,FALSE
12580,65,0,0,0,0,60.8206766795872,4.17932332041285,FALSE
12583,30,0,0,0,0,-35.6759293604104,65.6759293604104,FALSE
12593,350,0,0,0,0,246.737605887441,103.262394112559,FALSE
12598,106.95,0,0,1,0,68.7000147711315,38.2499852288685,FALSE
12600,220,0,0,0,0,141.527836946787,78.4721630532128,FALSE
12602,49.99,1,0,1,1,128.034962246261,78.0449622462614,FALSE
12603,99.99,1,1,1,1,110.808509668424,10.8185096684237,FALSE
12604,125,0,0,0,0,59.9804619853371,65.0195380146629,FALSE
12607,79.99,1,0,1,0,116.848538932214,36.8585389322139,FALSE
12610,114.48,0,0,0,0,128.793742082235,14.3137420822352,FALSE
12613,200,0,0,0,0,115.684375430793,84.3156245692074,FALSE
12614,99.99,1,1,1,1,106.221532555884,6.23153255588375,FALSE
12615,150,0,0,0,0,56.6281809211056,93.3718190788944,FALSE
12616,69.99,1,0,1,0,84.0981875168469,14.1081875168469,FALSE
12617,139.99,1,0,1,1,58.5535660039023,81.4364339960977,FALSE
12618,119.99,1,0,1,1,53.7048670203134,66.2851329796866,FALSE
12620,49.99,1,0,1,1,47.4931432496867,2.49685675031328,FALSE
12622,145,0,0,0,0,101.983280158824,43.0167198411757,FALSE
12624,109.99,1,0,1,1,120.596179415935,10.6061794159346,FALSE
12625,999.99,1,1,1,1,179.808356844203,820.181643155797,FALSE
12626,85,0,0,0,0,59.2843751538543,25.7156248461457,FALSE
12627,85,0,0,0,0,66.4614443328335,18.5385556671665,FALSE
12628,99.99,1,1,1,1,75.8067145760237,24.1832854239763,FALSE
12629,249.99,1,0,1,1,223.675846482279,26.314153517721,FALSE
12631,109.99,1,0,1,1,88.2161636269184,21.7738363730816,FALSE
12632,554.77,0,0,0,0,266.079970846749,288.690029153251,FALSE
12633,549.99,1,0,1,1,511.544252409394,38.4457475906062,FALSE
12634,700,0,0,0,0,204.700114809413,495.299885190587,FALSE
12636,229,1,0,0,0,227.757711341584,1.24228865841644,FALSE
12637,179,1,0,0,0,268.984429466901,89.9844294669006,FALSE
12638,219.99,1,0,1,1,203.61408936706,16.3759106329401,FALSE
12640,149.95,1,0,1,0,235.445412746098,85.4954127460985,FALSE
12641,289.98,1,0,1,0,213.077023508024,76.9029764919759,FALSE
12642,72,0,0,0,0,67.4168153270462,4.58318467295378,FALSE
12644,89.95,1,0,1,0,183.598164638813,93.6481646388131,FALSE
12645,199,1,1,0,0,246.888918817172,47.888918817172,FALSE
12646,100,0,0,0,0,137.282843680173,37.2828436801732,FALSE
12647,199,1,1,0,0,253.397651945229,54.3976519452287,FALSE
12650,169.99,1,0,1,1,210.931568565157,40.9415685651566,FALSE
12651,188.88,0,0,0,0,166.53891523367,22.3410847663301,FALSE
12652,439.99,1,0,1,1,392.791457730768,47.1985422692318,FALSE
12654,104,0,0,0,0,113.415323176322,9.41532317632179,FALSE
12655,95,0,1,0,0,176.217111027603,81.2171110276034,FALSE
12657,149.99,1,0,1,1,140.753053128119,9.236946871881,FALSE
12658,7.99,0,0,1,1,188.001218629057,180.011218629057,FALSE
12659,139,1,0,0,0,304.649085883363,165.649085883363,FALSE
