"UniqueID","sold.fctr","sold.fctr.predict.CSM.X.glmnet.prob","sold.fctr.predict.CSM.X.glmnet","sold.fctr.predict.CSM.X.glmnet.err","sold.fctr.predict.CSM.X.glmnet.err.abs","sold.fctr.predict.CSM.X.glmnet.accurate"
10066,"N",0.0195896136325698,"N",FALSE,0.0195896136325698,TRUE
10094,"N",0.468488401326374,"Y",TRUE,0.468488401326374,FALSE
10199,"N",0.989801068668657,"Y",TRUE,0.989801068668657,FALSE
10244,"N",0.0881827565478195,"N",FALSE,0.0881827565478195,TRUE
10386,"N",0.194979423541441,"N",FALSE,0.194979423541441,TRUE
10451,"N",0.455933754859135,"Y",TRUE,0.455933754859135,FALSE
10537,"N",0.217504639586278,"N",FALSE,0.217504639586278,TRUE
10602,"N",0.0682392083083432,"N",FALSE,0.0682392083083432,TRUE
10651,"N",0.0153445388393859,"N",FALSE,0.0153445388393859,TRUE
10676,"N",0.131595511803474,"N",FALSE,0.131595511803474,TRUE
10690,"N",0.393334056065433,"N",FALSE,0.393334056065433,TRUE
10807,"N",0.485979061749179,"Y",TRUE,0.485979061749179,FALSE
10829,"N",0.0163433721107231,"N",FALSE,0.0163433721107231,TRUE
10921,"N",0.0116996331103288,"N",FALSE,0.0116996331103288,TRUE
11000,"N",0.0960444588914391,"N",FALSE,0.0960444588914391,TRUE
11029,"N",0.0275243461012876,"N",FALSE,0.0275243461012876,TRUE
11031,"N",0.247332756128485,"N",FALSE,0.247332756128485,TRUE
11077,"N",0.0259459697180526,"N",FALSE,0.0259459697180526,TRUE
11159,"N",0.135167513537767,"N",FALSE,0.135167513537767,TRUE
11187,"N",0.022214343348625,"N",FALSE,0.022214343348625,TRUE
11266,"N",0.0263274037855948,"N",FALSE,0.0263274037855948,TRUE
11282,"N",0.0395907147335066,"N",FALSE,0.0395907147335066,TRUE
11294,"N",0.0850573138512034,"N",FALSE,0.0850573138512034,TRUE
11307,"N",0.0611071389239199,"N",FALSE,0.0611071389239199,TRUE
11335,"N",0.135068489736611,"N",FALSE,0.135068489736611,TRUE
11357,"N",0.201311645319734,"N",FALSE,0.201311645319734,TRUE
11386,"N",0.330048680801926,"N",FALSE,0.330048680801926,TRUE
11389,"N",0.446302357296918,"Y",TRUE,0.446302357296918,FALSE
11403,"N",0.154483418592425,"N",FALSE,0.154483418592425,TRUE
11404,"N",0.164583509084756,"N",FALSE,0.164583509084756,TRUE
11418,"N",0.0525851032211671,"N",FALSE,0.0525851032211671,TRUE
11419,"N",0.0576279031950278,"N",FALSE,0.0576279031950278,TRUE
11423,"N",0.0288368239022679,"N",FALSE,0.0288368239022679,TRUE
11437,"N",0.292575120487116,"N",FALSE,0.292575120487116,TRUE
11449,"N",0.209647109971146,"N",FALSE,0.209647109971146,TRUE
11450,"N",0.0298284490641819,"N",FALSE,0.0298284490641819,TRUE
11454,"N",0.0941401443717786,"N",FALSE,0.0941401443717786,TRUE
11465,"N",0.0375256773422926,"N",FALSE,0.0375256773422926,TRUE
11466,"N",0.0275987894484411,"N",FALSE,0.0275987894484411,TRUE
11478,"N",0.0917935339612698,"N",FALSE,0.0917935339612698,TRUE
11550,"N",0.106909751003116,"N",FALSE,0.106909751003116,TRUE
11574,"N",0.361741932152906,"N",FALSE,0.361741932152906,TRUE
11587,"N",0.00898864486160772,"N",FALSE,0.00898864486160772,TRUE
11591,"N",0.293142140034638,"N",FALSE,0.293142140034638,TRUE
11597,"N",0.471460906187786,"Y",TRUE,0.471460906187786,FALSE
11602,"N",0.587627667107393,"Y",TRUE,0.587627667107393,FALSE
11606,"N",0.0591021805774303,"N",FALSE,0.0591021805774303,TRUE
11700,"N",0.893759081934288,"Y",TRUE,0.893759081934288,FALSE
11748,"N",0.706002191744269,"Y",TRUE,0.706002191744269,FALSE
11761,"N",0.529752943095426,"Y",TRUE,0.529752943095426,FALSE
11765,"N",0.0594995585742255,"N",FALSE,0.0594995585742255,TRUE
11767,"N",0.552575013682471,"Y",TRUE,0.552575013682471,FALSE
11796,"N",0.585216680029881,"Y",TRUE,0.585216680029881,FALSE
11811,"N",0.562667924979996,"Y",TRUE,0.562667924979996,FALSE
11836,"N",0.881117499119268,"Y",TRUE,0.881117499119268,FALSE
10012,"N",0.0511885992204388,"N",FALSE,0.0511885992204388,TRUE
10054,"N",0.531607978009216,"Y",TRUE,0.531607978009216,FALSE
10082,"N",0.322834482692724,"N",FALSE,0.322834482692724,TRUE
10106,"N",0.0642056222073786,"N",FALSE,0.0642056222073786,TRUE
10127,"N",0.697015364668719,"Y",TRUE,0.697015364668719,FALSE
10168,"N",0.0655610303690167,"N",FALSE,0.0655610303690167,TRUE
10283,"N",0.977778465274232,"Y",TRUE,0.977778465274232,FALSE
10317,"N",0.280377637065513,"N",FALSE,0.280377637065513,TRUE
10366,"N",0.452960965796675,"Y",TRUE,0.452960965796675,FALSE
10382,"N",0.394501129320146,"N",FALSE,0.394501129320146,TRUE
10466,"N",0.199495047983764,"N",FALSE,0.199495047983764,TRUE
10512,"N",0.572300815227531,"Y",TRUE,0.572300815227531,FALSE
10526,"N",0.588701290596411,"Y",TRUE,0.588701290596411,FALSE
10564,"N",0.775755987877225,"Y",TRUE,0.775755987877225,FALSE
10568,"N",0.568147697918139,"Y",TRUE,0.568147697918139,FALSE
10581,"N",0.945832844192045,"Y",TRUE,0.945832844192045,FALSE
10603,"N",0.594769601623378,"Y",TRUE,0.594769601623378,FALSE
10645,"N",0.418500971657622,"Y",TRUE,0.418500971657622,FALSE
10687,"N",0.824246022259931,"Y",TRUE,0.824246022259931,FALSE
10735,"N",0.602145430369907,"Y",TRUE,0.602145430369907,FALSE
10743,"N",0.901674792868009,"Y",TRUE,0.901674792868009,FALSE
10801,"N",0.16048560660022,"N",FALSE,0.16048560660022,TRUE
10841,"N",0.500734818473238,"Y",TRUE,0.500734818473238,FALSE
10955,"N",0.672171989164806,"Y",TRUE,0.672171989164806,FALSE
10959,"N",0.241675354981972,"N",FALSE,0.241675354981972,TRUE
10996,"N",0.0264474405910727,"N",FALSE,0.0264474405910727,TRUE
11009,"N",0.479179741989134,"Y",TRUE,0.479179741989134,FALSE
11050,"N",0.523158110917787,"Y",TRUE,0.523158110917787,FALSE
11076,"N",0.460795098939541,"Y",TRUE,0.460795098939541,FALSE
11080,"N",0.567369360678118,"Y",TRUE,0.567369360678118,FALSE
11082,"N",0.337884251122876,"N",FALSE,0.337884251122876,TRUE
11114,"N",0.235459047103977,"N",FALSE,0.235459047103977,TRUE
11116,"N",0.151192926044585,"N",FALSE,0.151192926044585,TRUE
11152,"N",0.0115377505537781,"N",FALSE,0.0115377505537781,TRUE
11163,"N",0.565112795040501,"Y",TRUE,0.565112795040501,FALSE
11202,"N",0.0607729053374026,"N",FALSE,0.0607729053374026,TRUE
11240,"N",0.0846891252813432,"N",FALSE,0.0846891252813432,TRUE
11280,"N",0.367803488533835,"N",FALSE,0.367803488533835,TRUE
11305,"N",0.00455629425350355,"N",FALSE,0.00455629425350355,TRUE
11309,"N",0.152069239010783,"N",FALSE,0.152069239010783,TRUE
11316,"N",0.369697838520495,"N",FALSE,0.369697838520495,TRUE
11439,"N",0.158582898556774,"N",FALSE,0.158582898556774,TRUE
11447,"N",0.0518886502407876,"N",FALSE,0.0518886502407876,TRUE
11575,"N",0.0776921296387718,"N",FALSE,0.0776921296387718,TRUE
11622,"N",0.77887862705202,"Y",TRUE,0.77887862705202,FALSE
11696,"N",0.409143594116872,"Y",TRUE,0.409143594116872,FALSE
11724,"N",0.0156302823618106,"N",FALSE,0.0156302823618106,TRUE
11775,"N",0.38259438784606,"N",FALSE,0.38259438784606,TRUE
11806,"N",0.206555172177335,"N",FALSE,0.206555172177335,TRUE
11848,"N",0.0619769607059229,"N",FALSE,0.0619769607059229,TRUE
10023,"N",0.291544702230709,"N",FALSE,0.291544702230709,TRUE
10088,"N",0.113463452653595,"N",FALSE,0.113463452653595,TRUE
10129,"N",0.34057984678265,"N",FALSE,0.34057984678265,TRUE
10132,"N",0.387068665611676,"N",FALSE,0.387068665611676,TRUE
10149,"N",0.408708766769051,"Y",TRUE,0.408708766769051,FALSE
10191,"N",0.147188341482174,"N",FALSE,0.147188341482174,TRUE
10235,"N",0.337245111038736,"N",FALSE,0.337245111038736,TRUE
10252,"N",0.276411125090836,"N",FALSE,0.276411125090836,TRUE
10274,"N",0.399254607434898,"N",FALSE,0.399254607434898,TRUE
10282,"N",0.22692388429854,"N",FALSE,0.22692388429854,TRUE
10409,"N",0.468763344737903,"Y",TRUE,0.468763344737903,FALSE
10432,"N",0.109049177593454,"N",FALSE,0.109049177593454,TRUE
10503,"N",0.320241526093049,"N",FALSE,0.320241526093049,TRUE
10518,"N",0.313355197412767,"N",FALSE,0.313355197412767,TRUE
10522,"N",0.294378652657694,"N",FALSE,0.294378652657694,TRUE
10539,"N",0.310189782597745,"N",FALSE,0.310189782597745,TRUE
10560,"N",0.0251859283252221,"N",FALSE,0.0251859283252221,TRUE
10567,"N",0.784947235822931,"Y",TRUE,0.784947235822931,FALSE
10591,"N",0.347410779675396,"N",FALSE,0.347410779675396,TRUE
10596,"N",0.418658425696766,"Y",TRUE,0.418658425696766,FALSE
10649,"N",0.0452952471840906,"N",FALSE,0.0452952471840906,TRUE
10665,"N",0.195085629550161,"N",FALSE,0.195085629550161,TRUE
10673,"N",0.106101873923854,"N",FALSE,0.106101873923854,TRUE
10681,"N",0.46765115599905,"Y",TRUE,0.46765115599905,FALSE
10709,"N",0.100350557138232,"N",FALSE,0.100350557138232,TRUE
10751,"N",0.110303288098631,"N",FALSE,0.110303288098631,TRUE
10785,"N",0.598389297911497,"Y",TRUE,0.598389297911497,FALSE
10836,"N",0.387488728292363,"N",FALSE,0.387488728292363,TRUE
10893,"N",0.601017912212843,"Y",TRUE,0.601017912212843,FALSE
10916,"N",0.486434055415094,"Y",TRUE,0.486434055415094,FALSE
10928,"N",0.309775399492723,"N",FALSE,0.309775399492723,TRUE
10978,"N",0.126513550765349,"N",FALSE,0.126513550765349,TRUE
11022,"N",0.062327129067358,"N",FALSE,0.062327129067358,TRUE
11024,"N",0.0797222180503088,"N",FALSE,0.0797222180503088,TRUE
11032,"N",0.0662223846191144,"N",FALSE,0.0662223846191144,TRUE
11044,"N",0.330284773697523,"N",FALSE,0.330284773697523,TRUE
11048,"N",0.586874340510443,"Y",TRUE,0.586874340510443,FALSE
11081,"N",0.449388038049675,"Y",TRUE,0.449388038049675,FALSE
11091,"N",0.264601439699863,"N",FALSE,0.264601439699863,TRUE
11103,"N",0.115142583118319,"N",FALSE,0.115142583118319,TRUE
11157,"N",0.549564150855666,"Y",TRUE,0.549564150855666,FALSE
11161,"N",0.112160993398855,"N",FALSE,0.112160993398855,TRUE
11198,"N",0.0272515725573196,"N",FALSE,0.0272515725573196,TRUE
11232,"N",0.516199955889829,"Y",TRUE,0.516199955889829,FALSE
11261,"N",0.312167176489786,"N",FALSE,0.312167176489786,TRUE
11275,"N",0.343312467480733,"N",FALSE,0.343312467480733,TRUE
11322,"N",0.337127883168239,"N",FALSE,0.337127883168239,TRUE
11327,"N",0.384352638809497,"N",FALSE,0.384352638809497,TRUE
11349,"N",0.551613914310045,"Y",TRUE,0.551613914310045,FALSE
11365,"N",0.267920411373259,"N",FALSE,0.267920411373259,TRUE
11380,"N",0.567849552066731,"Y",TRUE,0.567849552066731,FALSE
11390,"N",0.0659832373843594,"N",FALSE,0.0659832373843594,TRUE
11415,"N",0.0321642913628621,"N",FALSE,0.0321642913628621,TRUE
11468,"N",0.0910851720737525,"N",FALSE,0.0910851720737525,TRUE
11471,"N",0.991897275521097,"Y",TRUE,0.991897275521097,FALSE
11502,"N",0.128028338035521,"N",FALSE,0.128028338035521,TRUE
11551,"N",0.0391106691379949,"N",FALSE,0.0391106691379949,TRUE
11559,"N",0.0138300535089011,"N",FALSE,0.0138300535089011,TRUE
11610,"N",0.0580442024479729,"N",FALSE,0.0580442024479729,TRUE
11644,"N",0.665761067951574,"Y",TRUE,0.665761067951574,FALSE
11673,"N",0.0916614360033317,"N",FALSE,0.0916614360033317,TRUE
11675,"N",0.0519316847286056,"N",FALSE,0.0519316847286056,TRUE
11684,"N",0.0956350852971985,"N",FALSE,0.0956350852971985,TRUE
11685,"N",0.132394678838854,"N",FALSE,0.132394678838854,TRUE
11698,"N",0.0992325556738026,"N",FALSE,0.0992325556738026,TRUE
11747,"N",0.10790519680336,"N",FALSE,0.10790519680336,TRUE
11751,"N",0.518681835284936,"Y",TRUE,0.518681835284936,FALSE
11780,"N",0.0233341161835313,"N",FALSE,0.0233341161835313,TRUE
11841,"N",0.374804704742397,"N",FALSE,0.374804704742397,TRUE
10133,"N",0.165453371402757,"N",FALSE,0.165453371402757,TRUE
10193,"N",0.0855261412958823,"N",FALSE,0.0855261412958823,TRUE
10299,"N",0.621014757362637,"Y",TRUE,0.621014757362637,FALSE
10369,"N",0.0553155333985157,"N",FALSE,0.0553155333985157,TRUE
10416,"N",0.69970082121076,"Y",TRUE,0.69970082121076,FALSE
10433,"N",0.0411744935444344,"N",FALSE,0.0411744935444344,TRUE
10455,"N",0.732484847612011,"Y",TRUE,0.732484847612011,FALSE
10469,"N",0.705432391885726,"Y",TRUE,0.705432391885726,FALSE
10485,"N",0.0256511115537336,"N",FALSE,0.0256511115537336,TRUE
10583,"N",0.186307189730651,"N",FALSE,0.186307189730651,TRUE
10629,"N",0.094460232955306,"N",FALSE,0.094460232955306,TRUE
10733,"N",0.463684023985342,"Y",TRUE,0.463684023985342,FALSE
10765,"N",0.106882889485796,"N",FALSE,0.106882889485796,TRUE
10791,"N",0.0989023920243898,"N",FALSE,0.0989023920243898,TRUE
10809,"N",0.255716267508599,"N",FALSE,0.255716267508599,TRUE
10900,"N",0.161626331067396,"N",FALSE,0.161626331067396,TRUE
10940,"N",0.056165233195254,"N",FALSE,0.056165233195254,TRUE
10990,"N",0.10057934525419,"N",FALSE,0.10057934525419,TRUE
11137,"N",0.409627295042949,"Y",TRUE,0.409627295042949,FALSE
11153,"N",0.389666089322631,"N",FALSE,0.389666089322631,TRUE
11178,"N",0.165359904124373,"N",FALSE,0.165359904124373,TRUE
11191,"N",0.0214962547921845,"N",FALSE,0.0214962547921845,TRUE
11230,"N",0.173903462554187,"N",FALSE,0.173903462554187,TRUE
11301,"N",0.0428966191294818,"N",FALSE,0.0428966191294818,TRUE
11304,"N",0.212565144556536,"N",FALSE,0.212565144556536,TRUE
11318,"N",0.427425687216248,"Y",TRUE,0.427425687216248,FALSE
11360,"N",0.773066336748616,"Y",TRUE,0.773066336748616,FALSE
11572,"N",0.122817990304797,"N",FALSE,0.122817990304797,TRUE
11580,"N",0.0471599515681334,"N",FALSE,0.0471599515681334,TRUE
11631,"N",0.186118002484691,"N",FALSE,0.186118002484691,TRUE
11658,"N",0.133512113229149,"N",FALSE,0.133512113229149,TRUE
11774,"N",0.427871175378494,"Y",TRUE,0.427871175378494,FALSE
11842,"N",0.339190092854348,"N",FALSE,0.339190092854348,TRUE
10059,"N",0.00736639024508576,"N",FALSE,0.00736639024508576,TRUE
10063,"N",0.00973796957929545,"N",FALSE,0.00973796957929545,TRUE
10126,"N",0.00663934152819312,"N",FALSE,0.00663934152819312,TRUE
10188,"N",0.0568808062124406,"N",FALSE,0.0568808062124406,TRUE
10222,"N",0.00304156816453692,"N",FALSE,0.00304156816453692,TRUE
10302,"N",0.269791183180622,"N",FALSE,0.269791183180622,TRUE
10414,"N",0.170549123871423,"N",FALSE,0.170549123871423,TRUE
10424,"N",0.0280890847293999,"N",FALSE,0.0280890847293999,TRUE
10426,"N",0.0492411349915207,"N",FALSE,0.0492411349915207,TRUE
10489,"N",0.293929163127076,"N",FALSE,0.293929163127076,TRUE
10508,"N",0.452287278120238,"Y",TRUE,0.452287278120238,FALSE
10559,"N",0.0414167940317052,"N",FALSE,0.0414167940317052,TRUE
10700,"N",0.22618923433521,"N",FALSE,0.22618923433521,TRUE
10722,"N",0.154756645606585,"N",FALSE,0.154756645606585,TRUE
10747,"N",0.71465307442879,"Y",TRUE,0.71465307442879,FALSE
10771,"N",0.128067478622894,"N",FALSE,0.128067478622894,TRUE
10850,"N",0.161389697955515,"N",FALSE,0.161389697955515,TRUE
10862,"N",0.246906356662774,"N",FALSE,0.246906356662774,TRUE
10890,"N",0.0360764336501863,"N",FALSE,0.0360764336501863,TRUE
10981,"N",0.0753214354681319,"N",FALSE,0.0753214354681319,TRUE
11006,"N",0.236317235224161,"N",FALSE,0.236317235224161,TRUE
11018,"N",0.158629063011993,"N",FALSE,0.158629063011993,TRUE
11020,"N",0.0182804797408015,"N",FALSE,0.0182804797408015,TRUE
11113,"N",0.0215466489859241,"N",FALSE,0.0215466489859241,TRUE
11126,"N",0.185208769985607,"N",FALSE,0.185208769985607,TRUE
11149,"N",0.271573559200175,"N",FALSE,0.271573559200175,TRUE
11208,"N",0.00381681962728542,"N",FALSE,0.00381681962728542,TRUE
11287,"N",0.0254144195846757,"N",FALSE,0.0254144195846757,TRUE
11308,"N",0.00327349152263745,"N",FALSE,0.00327349152263745,TRUE
11358,"N",0.080595377879334,"N",FALSE,0.080595377879334,TRUE
11385,"N",0.339050147141753,"N",FALSE,0.339050147141753,TRUE
11391,"N",0.996224758912352,"Y",TRUE,0.996224758912352,FALSE
11395,"N",0.210225491264587,"N",FALSE,0.210225491264587,TRUE
11577,"N",0.0730795708521499,"N",FALSE,0.0730795708521499,TRUE
11599,"N",0.296614128651867,"N",FALSE,0.296614128651867,TRUE
11683,"N",0.121181122252674,"N",FALSE,0.121181122252674,TRUE
11693,"N",0.206841909906404,"N",FALSE,0.206841909906404,TRUE
11699,"N",0.971537456089343,"Y",TRUE,0.971537456089343,FALSE
11781,"N",0.022065701934138,"N",FALSE,0.022065701934138,TRUE
11790,"N",0.0702581499321692,"N",FALSE,0.0702581499321692,TRUE
11825,"N",0.0844286609077949,"N",FALSE,0.0844286609077949,TRUE
10016,"N",0.106555355108798,"N",FALSE,0.106555355108798,TRUE
10025,"N",0.0758784532736006,"N",FALSE,0.0758784532736006,TRUE
10055,"N",0.0502873235825699,"N",FALSE,0.0502873235825699,TRUE
10067,"N",0.112345866797268,"N",FALSE,0.112345866797268,TRUE
10072,"N",0.190899037257848,"N",FALSE,0.190899037257848,TRUE
10136,"N",0.0898116073051719,"N",FALSE,0.0898116073051719,TRUE
10163,"N",0.108055018011384,"N",FALSE,0.108055018011384,TRUE
10197,"N",0.109933726675965,"N",FALSE,0.109933726675965,TRUE
10215,"N",0.130475983346201,"N",FALSE,0.130475983346201,TRUE
10239,"N",0.0503997667933147,"N",FALSE,0.0503997667933147,TRUE
10320,"N",0.157789499063131,"N",FALSE,0.157789499063131,TRUE
10613,"N",0.191233037322445,"N",FALSE,0.191233037322445,TRUE
10647,"N",0.0467178378266286,"N",FALSE,0.0467178378266286,TRUE
10682,"N",0.0692635737188791,"N",FALSE,0.0692635737188791,TRUE
10865,"N",0.0349641923621624,"N",FALSE,0.0349641923621624,TRUE
10883,"N",0.0985768533200389,"N",FALSE,0.0985768533200389,TRUE
10894,"N",0.00487870979864391,"N",FALSE,0.00487870979864391,TRUE
10956,"N",0.100501784645176,"N",FALSE,0.100501784645176,TRUE
10980,"N",0.104691476312673,"N",FALSE,0.104691476312673,TRUE
10987,"N",0.046692381597031,"N",FALSE,0.046692381597031,TRUE
11034,"N",0.0363147192893163,"N",FALSE,0.0363147192893163,TRUE
11040,"N",0.128900977917224,"N",FALSE,0.128900977917224,TRUE
11058,"N",0.0629496268884727,"N",FALSE,0.0629496268884727,TRUE
11083,"N",0.127155912216137,"N",FALSE,0.127155912216137,TRUE
11118,"N",0.0424786449931987,"N",FALSE,0.0424786449931987,TRUE
11123,"N",0.0869252467258245,"N",FALSE,0.0869252467258245,TRUE
11168,"N",0.0116005192975928,"N",FALSE,0.0116005192975928,TRUE
11252,"N",0.117463714927033,"N",FALSE,0.117463714927033,TRUE
11255,"N",0.0354429955984658,"N",FALSE,0.0354429955984658,TRUE
11331,"N",0.0413490504342509,"N",FALSE,0.0413490504342509,TRUE
11338,"N",0.113777590389047,"N",FALSE,0.113777590389047,TRUE
11408,"N",0.0375942101585521,"N",FALSE,0.0375942101585521,TRUE
11409,"N",0.155007520711002,"N",FALSE,0.155007520711002,TRUE
11431,"N",0.0622650264603219,"N",FALSE,0.0622650264603219,TRUE
11506,"N",0.757699442283511,"Y",TRUE,0.757699442283511,FALSE
11519,"N",0.0516740475488927,"N",FALSE,0.0516740475488927,TRUE
11576,"N",0.208125253066526,"N",FALSE,0.208125253066526,TRUE
11586,"N",0.111159873529949,"N",FALSE,0.111159873529949,TRUE
11651,"N",0.298909762143458,"N",FALSE,0.298909762143458,TRUE
11772,"N",0.0230634030874126,"N",FALSE,0.0230634030874126,TRUE
11782,"N",0.0751418054508988,"N",FALSE,0.0751418054508988,TRUE
11792,"N",0.077071335700049,"N",FALSE,0.077071335700049,TRUE
11799,"N",0.50998605967471,"Y",TRUE,0.50998605967471,FALSE
11822,"N",0.124125954471736,"N",FALSE,0.124125954471736,TRUE
10035,"N",0.162755541762147,"N",FALSE,0.162755541762147,TRUE
10044,"N",0.101973025705342,"N",FALSE,0.101973025705342,TRUE
10087,"N",0.183479932160306,"N",FALSE,0.183479932160306,TRUE
10153,"N",0.0332607711989835,"N",FALSE,0.0332607711989835,TRUE
10221,"N",0.052868720960933,"N",FALSE,0.052868720960933,TRUE
10266,"N",0.176968620920797,"N",FALSE,0.176968620920797,TRUE
10523,"N",0.398419855075022,"N",FALSE,0.398419855075022,TRUE
10590,"N",0.56270120087397,"Y",TRUE,0.56270120087397,FALSE
10637,"N",0.207990862317763,"N",FALSE,0.207990862317763,TRUE
10738,"N",0.96184397291401,"Y",TRUE,0.96184397291401,FALSE
10793,"N",0.085334246815828,"N",FALSE,0.085334246815828,TRUE
10951,"N",0.0192012542230585,"N",FALSE,0.0192012542230585,TRUE
11035,"N",0.202416002968531,"N",FALSE,0.202416002968531,TRUE
11065,"N",0.182119723988771,"N",FALSE,0.182119723988771,TRUE
11094,"N",0.183128805125815,"N",FALSE,0.183128805125815,TRUE
11095,"N",0.199746874779811,"N",FALSE,0.199746874779811,TRUE
11151,"N",0.124509393258794,"N",FALSE,0.124509393258794,TRUE
11192,"N",0.183475943982665,"N",FALSE,0.183475943982665,TRUE
11205,"N",0.134303152343071,"N",FALSE,0.134303152343071,TRUE
11220,"N",0.126057740616818,"N",FALSE,0.126057740616818,TRUE
11224,"N",0.0462742637076001,"N",FALSE,0.0462742637076001,TRUE
11238,"N",0.129328728424738,"N",FALSE,0.129328728424738,TRUE
11259,"N",0.0932770423694985,"N",FALSE,0.0932770423694985,TRUE
11262,"N",0.229538315962339,"N",FALSE,0.229538315962339,TRUE
11268,"N",0.13136476560106,"N",FALSE,0.13136476560106,TRUE
11299,"N",0.520985259118347,"Y",TRUE,0.520985259118347,FALSE
11321,"N",0.88406256559342,"Y",TRUE,0.88406256559342,FALSE
11334,"N",0.208465264374388,"N",FALSE,0.208465264374388,TRUE
11355,"N",0.103380126649736,"N",FALSE,0.103380126649736,TRUE
11371,"N",0.0392980074376495,"N",FALSE,0.0392980074376495,TRUE
11384,"N",0.0514311765543541,"N",FALSE,0.0514311765543541,TRUE
11552,"N",0.0827637015173605,"N",FALSE,0.0827637015173605,TRUE
11612,"N",0.0615919661747667,"N",FALSE,0.0615919661747667,TRUE
11642,"N",0.0776913485260356,"N",FALSE,0.0776913485260356,TRUE
11794,"N",0.411509194748043,"Y",TRUE,0.411509194748043,FALSE
11798,"N",0.0851940060711217,"N",FALSE,0.0851940060711217,TRUE
11835,"N",0.0490294413631751,"N",FALSE,0.0490294413631751,TRUE
10060,"N",0.512220437088721,"Y",TRUE,0.512220437088721,FALSE
10296,"N",0.914996083363003,"Y",TRUE,0.914996083363003,FALSE
10404,"N",0.118692414441163,"N",FALSE,0.118692414441163,TRUE
10473,"N",0.0724672735455922,"N",FALSE,0.0724672735455922,TRUE
10483,"N",0.402595876930624,"Y",TRUE,0.402595876930624,FALSE
10491,"N",0.995873517121684,"Y",TRUE,0.995873517121684,FALSE
10495,"N",0.533328126080963,"Y",TRUE,0.533328126080963,FALSE
10498,"N",0.348396603292156,"N",FALSE,0.348396603292156,TRUE
10529,"N",0.609828919639336,"Y",TRUE,0.609828919639336,FALSE
10595,"N",0.921979740329955,"Y",TRUE,0.921979740329955,FALSE
10622,"N",0.207071344125915,"N",FALSE,0.207071344125915,TRUE
10705,"N",0.448634912935018,"Y",TRUE,0.448634912935018,FALSE
10707,"N",0.0259637828808978,"N",FALSE,0.0259637828808978,TRUE
10711,"N",0.297783223266258,"N",FALSE,0.297783223266258,TRUE
10764,"N",0.0318439887996143,"N",FALSE,0.0318439887996143,TRUE
10770,"N",0.0436210706193384,"N",FALSE,0.0436210706193384,TRUE
10818,"N",0.113842435007023,"N",FALSE,0.113842435007023,TRUE
10831,"N",0.0575226040438389,"N",FALSE,0.0575226040438389,TRUE
10878,"N",0.0328826842305254,"N",FALSE,0.0328826842305254,TRUE
10903,"N",0.15089321735038,"N",FALSE,0.15089321735038,TRUE
10906,"N",0.100690071279909,"N",FALSE,0.100690071279909,TRUE
10914,"N",0.177350563566174,"N",FALSE,0.177350563566174,TRUE
10972,"N",0.110122895920401,"N",FALSE,0.110122895920401,TRUE
11010,"N",0.035759009268734,"N",FALSE,0.035759009268734,TRUE
11016,"N",0.0824565932204758,"N",FALSE,0.0824565932204758,TRUE
11070,"N",0.0300229304887513,"N",FALSE,0.0300229304887513,TRUE
11087,"N",0.0480950283015127,"N",FALSE,0.0480950283015127,TRUE
11089,"N",0.0984664177337146,"N",FALSE,0.0984664177337146,TRUE
11147,"N",0.018134465298295,"N",FALSE,0.018134465298295,TRUE
11169,"N",0.541255123234992,"Y",TRUE,0.541255123234992,FALSE
11174,"N",0.0552030820258137,"N",FALSE,0.0552030820258137,TRUE
11188,"N",0.199593642395733,"N",FALSE,0.199593642395733,TRUE
11193,"N",0.541629261927557,"Y",TRUE,0.541629261927557,FALSE
11209,"N",0.02354855339779,"N",FALSE,0.02354855339779,TRUE
11223,"N",0.136400243222581,"N",FALSE,0.136400243222581,TRUE
11263,"N",0.140910795743798,"N",FALSE,0.140910795743798,TRUE
11267,"N",0.0361756231360888,"N",FALSE,0.0361756231360888,TRUE
11278,"N",0.103307075440972,"N",FALSE,0.103307075440972,TRUE
11285,"N",0.145992096624285,"N",FALSE,0.145992096624285,TRUE
11310,"N",0.0709407719178936,"N",FALSE,0.0709407719178936,TRUE
11312,"N",0.098964507915002,"N",FALSE,0.098964507915002,TRUE
11342,"N",0.160148610175502,"N",FALSE,0.160148610175502,TRUE
11348,"N",0.066130111753906,"N",FALSE,0.066130111753906,TRUE
11362,"N",0.305702344776533,"N",FALSE,0.305702344776533,TRUE
11398,"N",0.047495950729212,"N",FALSE,0.047495950729212,TRUE
11429,"N",0.0840557165956362,"N",FALSE,0.0840557165956362,TRUE
11438,"N",0.0194154406633684,"N",FALSE,0.0194154406633684,TRUE
11482,"N",0.10789515356299,"N",FALSE,0.10789515356299,TRUE
11496,"N",0.0178494932960182,"N",FALSE,0.0178494932960182,TRUE
11528,"N",0.177426879719973,"N",FALSE,0.177426879719973,TRUE
11541,"N",0.109821692565939,"N",FALSE,0.109821692565939,TRUE
11557,"N",0.469865393616059,"Y",TRUE,0.469865393616059,FALSE
11562,"N",0.242827547176878,"N",FALSE,0.242827547176878,TRUE
11626,"N",0.126695856456353,"N",FALSE,0.126695856456353,TRUE
11668,"N",0.0922907977885219,"N",FALSE,0.0922907977885219,TRUE
11674,"N",0.954344719157619,"Y",TRUE,0.954344719157619,FALSE
11703,"N",0.148831813913309,"N",FALSE,0.148831813913309,TRUE
11704,"N",0.457623104038598,"Y",TRUE,0.457623104038598,FALSE
11712,"N",0.887107927062066,"Y",TRUE,0.887107927062066,FALSE
11728,"N",0.171135228368057,"N",FALSE,0.171135228368057,TRUE
11750,"N",0.0264256282301015,"N",FALSE,0.0264256282301015,TRUE
11752,"N",0.0439650011364536,"N",FALSE,0.0439650011364536,TRUE
11779,"N",0.0234433240333238,"N",FALSE,0.0234433240333238,TRUE
11800,"N",0.0988276765446588,"N",FALSE,0.0988276765446588,TRUE
11824,"N",0.0547688160972222,"N",FALSE,0.0547688160972222,TRUE
11828,"N",0.0147163193350084,"N",FALSE,0.0147163193350084,TRUE
10004,"N",0.414158646993589,"Y",TRUE,0.414158646993589,FALSE
10103,"N",0.932551854482117,"Y",TRUE,0.932551854482117,FALSE
10170,"N",0.189409264490092,"N",FALSE,0.189409264490092,TRUE
10172,"N",0.719585154536214,"Y",TRUE,0.719585154536214,FALSE
10207,"N",0.713635406538225,"Y",TRUE,0.713635406538225,FALSE
10229,"N",0.4840104731273,"Y",TRUE,0.4840104731273,FALSE
10315,"N",0.218279282729835,"N",FALSE,0.218279282729835,TRUE
10316,"N",0.48981348263853,"Y",TRUE,0.48981348263853,FALSE
10413,"N",0.981921036967217,"Y",TRUE,0.981921036967217,FALSE
10506,"N",0.349872252284501,"N",FALSE,0.349872252284501,TRUE
10614,"N",0.130000945202311,"N",FALSE,0.130000945202311,TRUE
10674,"N",0.666719483238613,"Y",TRUE,0.666719483238613,FALSE
10748,"N",0.557049907038378,"Y",TRUE,0.557049907038378,FALSE
10886,"N",0.176296501805823,"N",FALSE,0.176296501805823,TRUE
10895,"N",0.154387821668976,"N",FALSE,0.154387821668976,TRUE
10925,"N",0.171935258370832,"N",FALSE,0.171935258370832,TRUE
11084,"N",0.0628747350704588,"N",FALSE,0.0628747350704588,TRUE
11090,"N",0.361913020442146,"N",FALSE,0.361913020442146,TRUE
11145,"N",0.0658115456710012,"N",FALSE,0.0658115456710012,TRUE
11164,"N",0.0519680577436806,"N",FALSE,0.0519680577436806,TRUE
11171,"N",0.185840686089664,"N",FALSE,0.185840686089664,TRUE
11203,"N",0.0303090870404694,"N",FALSE,0.0303090870404694,TRUE
11484,"N",0.0373394907194137,"N",FALSE,0.0373394907194137,TRUE
11531,"N",0.222629531999292,"N",FALSE,0.222629531999292,TRUE
11564,"N",0.2216484441285,"N",FALSE,0.2216484441285,TRUE
11569,"N",0.582481067695908,"Y",TRUE,0.582481067695908,FALSE
11592,"N",0.126590408597048,"N",FALSE,0.126590408597048,TRUE
11793,"N",0.13545231053523,"N",FALSE,0.13545231053523,TRUE
11843,"N",0.163251996938776,"N",FALSE,0.163251996938776,TRUE
10267,"N",0.355150094418416,"N",FALSE,0.355150094418416,TRUE
10308,"N",0.285814273401464,"N",FALSE,0.285814273401464,TRUE
10660,"N",0.20352869420773,"N",FALSE,0.20352869420773,TRUE
10691,"N",0.0387733931897214,"N",FALSE,0.0387733931897214,TRUE
10762,"N",0.126386162423661,"N",FALSE,0.126386162423661,TRUE
10767,"N",0.0150468001088849,"N",FALSE,0.0150468001088849,TRUE
10924,"N",0.0359712734079673,"N",FALSE,0.0359712734079673,TRUE
10975,"N",0.100914363230566,"N",FALSE,0.100914363230566,TRUE
10989,"N",0.025051068827849,"N",FALSE,0.025051068827849,TRUE
11013,"N",0.179276488601073,"N",FALSE,0.179276488601073,TRUE
11184,"N",0.0736442441606657,"N",FALSE,0.0736442441606657,TRUE
11215,"N",0.0496557604745061,"N",FALSE,0.0496557604745061,TRUE
11216,"N",0.193118027817959,"N",FALSE,0.193118027817959,TRUE
11292,"N",0.00789007119431392,"N",FALSE,0.00789007119431392,TRUE
11297,"N",0.515687327702723,"Y",TRUE,0.515687327702723,FALSE
11460,"N",0.243326861244971,"N",FALSE,0.243326861244971,TRUE
11489,"N",0.0754288612674355,"N",FALSE,0.0754288612674355,TRUE
11491,"N",0.0622130914114687,"N",FALSE,0.0622130914114687,TRUE
11493,"N",0.0347811894362081,"N",FALSE,0.0347811894362081,TRUE
11515,"N",0.165723163718656,"N",FALSE,0.165723163718656,TRUE
11546,"N",0.227227264858113,"N",FALSE,0.227227264858113,TRUE
11556,"N",0.35339060891658,"N",FALSE,0.35339060891658,TRUE
11795,"N",0.0393781580373685,"N",FALSE,0.0393781580373685,TRUE
10130,"Y",0.981023618558397,"Y",FALSE,0.0189763814416029,TRUE
10225,"Y",0.773630880016387,"Y",FALSE,0.226369119983613,TRUE
10262,"Y",0.779347864419202,"Y",FALSE,0.220652135580798,TRUE
10341,"Y",0.859055560154742,"Y",FALSE,0.140944439845258,TRUE
10389,"Y",0.907418273418155,"Y",FALSE,0.0925817265818455,TRUE
10420,"Y",0.995937022004797,"Y",FALSE,0.0040629779952035,TRUE
10421,"Y",0.99261057525424,"Y",FALSE,0.0073894247457601,TRUE
10478,"Y",0.973247592613633,"Y",FALSE,0.0267524073863671,TRUE
10557,"Y",0.486015676066916,"Y",FALSE,0.513984323933084,TRUE
10582,"Y",0.799809570222965,"Y",FALSE,0.200190429777035,TRUE
10759,"Y",0.987944708254808,"Y",FALSE,0.0120552917451916,TRUE
10854,"Y",0.99598361000555,"Y",FALSE,0.0040163899944502,TRUE
10869,"Y",0.820541779152966,"Y",FALSE,0.179458220847034,TRUE
10897,"Y",0.775812967180881,"Y",FALSE,0.224187032819119,TRUE
10986,"Y",0.15439530527222,"N",TRUE,0.84560469472778,FALSE
10993,"Y",0.394056726127415,"N",TRUE,0.605943273872585,FALSE
11055,"Y",0.968287780620169,"Y",FALSE,0.0317122193798309,TRUE
11056,"Y",0.19585949004232,"N",TRUE,0.804140509957679,FALSE
11142,"Y",0.996611964518224,"Y",FALSE,0.00338803548177635,TRUE
11199,"Y",0.996673613338798,"Y",FALSE,0.00332638666120166,TRUE
11284,"Y",0.110926410123228,"N",TRUE,0.889073589876772,FALSE
11302,"Y",0.774076881211979,"Y",FALSE,0.225923118788021,TRUE
11326,"Y",0.991829037451372,"Y",FALSE,0.00817096254862781,TRUE
11361,"Y",0.989865169524674,"Y",FALSE,0.0101348304753258,TRUE
11369,"Y",0.975964908832162,"Y",FALSE,0.024035091167838,TRUE
11448,"Y",0.325164953971603,"N",TRUE,0.674835046028397,FALSE
11589,"Y",0.526512568834175,"Y",FALSE,0.473487431165825,TRUE
11623,"Y",0.993518288549037,"Y",FALSE,0.00648171145096332,TRUE
11637,"Y",0.994635635229458,"Y",FALSE,0.00536436477054214,TRUE
11663,"Y",0.27060178966689,"N",TRUE,0.72939821033311,FALSE
11664,"Y",0.917950980845656,"Y",FALSE,0.0820490191543443,TRUE
11665,"Y",0.462470563949906,"Y",FALSE,0.537529436050094,TRUE
11695,"Y",0.325182042226138,"N",TRUE,0.674817957773862,FALSE
11705,"Y",0.010787041753077,"N",TRUE,0.989212958246923,FALSE
11708,"Y",0.997236098196735,"Y",FALSE,0.00276390180326513,TRUE
11714,"Y",0.961799595865751,"Y",FALSE,0.038200404134249,TRUE
11729,"Y",0.994622007129187,"Y",FALSE,0.00537799287081298,TRUE
11731,"Y",0.178807884485864,"N",TRUE,0.821192115514136,FALSE
11816,"Y",0.213380249554793,"N",TRUE,0.786619750445207,FALSE
11817,"Y",0.0503954463787674,"N",TRUE,0.949604553621233,FALSE
11821,"Y",0.523655013695207,"Y",FALSE,0.476344986304793,TRUE
10014,"Y",0.670626082703052,"Y",FALSE,0.329373917296948,TRUE
10027,"Y",0.169293055319475,"N",TRUE,0.830706944680525,FALSE
10068,"Y",0.247216644604544,"N",TRUE,0.752783355395456,FALSE
10095,"Y",0.922381163865435,"Y",FALSE,0.0776188361345647,TRUE
10138,"Y",0.971537981631395,"Y",FALSE,0.028462018368605,TRUE
10169,"Y",0.948866162424337,"Y",FALSE,0.0511338375756634,TRUE
10192,"Y",0.922529611455154,"Y",FALSE,0.0774703885448456,TRUE
10256,"Y",0.972211194818296,"Y",FALSE,0.0277888051817037,TRUE
10285,"Y",0.998822435242925,"Y",FALSE,0.00117756475707453,TRUE
10294,"Y",0.929876782851026,"Y",FALSE,0.0701232171489743,TRUE
10300,"Y",0.853270236866821,"Y",FALSE,0.146729763133179,TRUE
10306,"Y",0.590492196674242,"Y",FALSE,0.409507803325758,TRUE
10324,"Y",0.703392368698957,"Y",FALSE,0.296607631301043,TRUE
10328,"Y",0.542020905126102,"Y",FALSE,0.457979094873898,TRUE
10340,"Y",0.969188102373625,"Y",FALSE,0.030811897626375,TRUE
10349,"Y",0.913291971879618,"Y",FALSE,0.0867080281203818,TRUE
10360,"Y",0.914655399102173,"Y",FALSE,0.0853446008978272,TRUE
10364,"Y",0.942084025689617,"Y",FALSE,0.0579159743103834,TRUE
10387,"Y",0.773521694860066,"Y",FALSE,0.226478305139934,TRUE
10441,"Y",0.955677044250474,"Y",FALSE,0.0443229557495265,TRUE
10448,"Y",0.968573777303833,"Y",FALSE,0.0314262226961672,TRUE
10450,"Y",0.968461366714159,"Y",FALSE,0.0315386332858409,TRUE
10458,"Y",0.0565893700339605,"N",TRUE,0.943410629966039,FALSE
10480,"Y",0.995582857041203,"Y",FALSE,0.00441714295879725,TRUE
10712,"Y",0.992795513780044,"Y",FALSE,0.00720448621995606,TRUE
10713,"Y",0.925757428068413,"Y",FALSE,0.0742425719315875,TRUE
10732,"Y",0.535419436144202,"Y",FALSE,0.464580563855798,TRUE
10763,"Y",0.412603675375091,"Y",FALSE,0.587396324624909,TRUE
10769,"Y",0.992426142971619,"Y",FALSE,0.00757385702838065,TRUE
10853,"Y",0.843291153683074,"Y",FALSE,0.156708846316926,TRUE
10866,"Y",0.99256687393831,"Y",FALSE,0.00743312606169,TRUE
10876,"Y",0.982618358832242,"Y",FALSE,0.0173816411677579,TRUE
10942,"Y",0.520604212724961,"Y",FALSE,0.479395787275039,TRUE
11430,"Y",0.985574611700335,"Y",FALSE,0.0144253882996649,TRUE
11535,"Y",0.197481659196931,"N",TRUE,0.802518340803069,FALSE
11617,"Y",0.890044467625081,"Y",FALSE,0.109955532374919,TRUE
11621,"Y",0.959469119731948,"Y",FALSE,0.0405308802680516,TRUE
11676,"Y",0.401067297552863,"Y",FALSE,0.598932702447137,TRUE
11707,"Y",0.422828239630388,"Y",FALSE,0.577171760369612,TRUE
11721,"Y",0.500786471024399,"Y",FALSE,0.499213528975601,TRUE
11738,"Y",0.50425552301791,"Y",FALSE,0.49574447698209,TRUE
11776,"Y",0.124116029819755,"N",TRUE,0.875883970180245,FALSE
11812,"Y",0.50747426194802,"Y",FALSE,0.49252573805198,TRUE
11830,"Y",0.65186425768788,"Y",FALSE,0.34813574231212,TRUE
11860,"Y",0.283946749627445,"N",TRUE,0.716053250372555,FALSE
10021,"Y",0.587640828906629,"Y",FALSE,0.412359171093371,TRUE
10045,"Y",0.227077674237324,"N",TRUE,0.772922325762676,FALSE
10073,"Y",0.792874050029547,"Y",FALSE,0.207125949970453,TRUE
10089,"Y",0.0709070498129188,"N",TRUE,0.929092950187081,FALSE
10131,"Y",0.55661847993837,"Y",FALSE,0.44338152006163,TRUE
10151,"Y",0.877652085209956,"Y",FALSE,0.122347914790044,TRUE
10185,"Y",0.756495766393056,"Y",FALSE,0.243504233606944,TRUE
10189,"Y",0.994597750690544,"Y",FALSE,0.00540224930945576,TRUE
10223,"Y",0.993471492669651,"Y",FALSE,0.00652850733034893,TRUE
10233,"Y",0.995110929617082,"Y",FALSE,0.00488907038291808,TRUE
10255,"Y",0.995151273345196,"Y",FALSE,0.00484872665480385,TRUE
10258,"Y",0.993004630633264,"Y",FALSE,0.0069953693667355,TRUE
10265,"Y",0.898506797660519,"Y",FALSE,0.101493202339481,TRUE
10276,"Y",0.907634551533014,"Y",FALSE,0.0923654484669859,TRUE
10323,"Y",0.908874692190065,"Y",FALSE,0.091125307809935,TRUE
10330,"Y",0.991050063949815,"Y",FALSE,0.00894993605018513,TRUE
10336,"Y",0.954536122589666,"Y",FALSE,0.0454638774103343,TRUE
10372,"Y",0.965078782143052,"Y",FALSE,0.0349212178569477,TRUE
10391,"Y",0.966268661151401,"Y",FALSE,0.0337313388485986,TRUE
10396,"Y",0.576210450777603,"Y",FALSE,0.423789549222397,TRUE
10402,"Y",0.998765713163766,"Y",FALSE,0.00123428683623439,TRUE
10407,"Y",0.801401902772562,"Y",FALSE,0.198598097227438,TRUE
10418,"Y",0.945089601130069,"Y",FALSE,0.0549103988699308,TRUE
10444,"Y",0.990329261998028,"Y",FALSE,0.00967073800197238,TRUE
10464,"Y",0.919385347054199,"Y",FALSE,0.0806146529458007,TRUE
10479,"Y",0.942804701445886,"Y",FALSE,0.0571952985541139,TRUE
10487,"Y",0.899064165389712,"Y",FALSE,0.100935834610288,TRUE
10493,"Y",0.892360139937048,"Y",FALSE,0.107639860062952,TRUE
10496,"Y",0.604333721657057,"Y",FALSE,0.395666278342943,TRUE
10505,"Y",0.965118121334913,"Y",FALSE,0.0348818786650874,TRUE
10515,"Y",0.411508108322769,"Y",FALSE,0.588491891677231,TRUE
10561,"Y",0.999112704825341,"Y",FALSE,0.000887295174659242,TRUE
10562,"Y",0.455203144198996,"Y",FALSE,0.544796855801004,TRUE
10588,"Y",0.676460168339916,"Y",FALSE,0.323539831660084,TRUE
10589,"Y",0.687747433695313,"Y",FALSE,0.312252566304687,TRUE
10599,"Y",0.835832777889864,"Y",FALSE,0.164167222110136,TRUE
10620,"Y",0.989022437402776,"Y",FALSE,0.0109775625972238,TRUE
10623,"Y",0.981356113733923,"Y",FALSE,0.018643886266077,TRUE
10627,"Y",0.756823146266718,"Y",FALSE,0.243176853733282,TRUE
10631,"Y",0.998631577893172,"Y",FALSE,0.0013684221068283,TRUE
10659,"Y",0.998744123307987,"Y",FALSE,0.00125587669201255,TRUE
10666,"Y",0.999163558767091,"Y",FALSE,0.00083644123290938,TRUE
10701,"Y",0.465101796724408,"Y",FALSE,0.534898203275592,TRUE
10714,"Y",0.70028164769729,"Y",FALSE,0.29971835230271,TRUE
10758,"Y",0.995229270133236,"Y",FALSE,0.00477072986676386,TRUE
10781,"Y",0.998942064133702,"Y",FALSE,0.0010579358662981,TRUE
10802,"Y",0.995056623229717,"Y",FALSE,0.00494337677028345,TRUE
10844,"Y",0.995444206587517,"Y",FALSE,0.00455579341248313,TRUE
10863,"Y",0.992436656972062,"Y",FALSE,0.00756334302793826,TRUE
10899,"Y",0.993439394853991,"Y",FALSE,0.00656060514600909,TRUE
10902,"Y",0.200745076854092,"N",TRUE,0.799254923145908,FALSE
10918,"Y",0.192717557382253,"N",TRUE,0.807282442617748,FALSE
10937,"Y",0.848611988616796,"Y",FALSE,0.151388011383204,TRUE
10971,"Y",0.146000598129539,"N",TRUE,0.853999401870461,FALSE
11025,"Y",0.482889349963054,"Y",FALSE,0.517110650036946,TRUE
11036,"Y",0.109890598701172,"N",TRUE,0.890109401298828,FALSE
11107,"Y",0.610794103077548,"Y",FALSE,0.389205896922452,TRUE
11158,"Y",0.0912655139865959,"N",TRUE,0.908734486013404,FALSE
11289,"Y",0.993468598768631,"Y",FALSE,0.00653140123136853,TRUE
11313,"Y",0.990852051762803,"Y",FALSE,0.00914794823719689,TRUE
11353,"Y",0.986108370651655,"Y",FALSE,0.0138916293483452,TRUE
11400,"Y",0.394560578734608,"N",TRUE,0.605439421265392,FALSE
11476,"Y",0.343235010335458,"N",TRUE,0.656764989664542,FALSE
11607,"Y",0.656023801483293,"Y",FALSE,0.343976198516707,TRUE
11620,"Y",0.987533397005909,"Y",FALSE,0.0124666029940913,TRUE
11630,"Y",0.798076743877021,"Y",FALSE,0.201923256122979,TRUE
11648,"Y",0.451493880930024,"Y",FALSE,0.548506119069976,TRUE
11650,"Y",0.971846173999823,"Y",FALSE,0.0281538260001766,TRUE
11681,"Y",0.991173027893758,"Y",FALSE,0.00882697210624217,TRUE
11725,"Y",0.531326830404465,"Y",FALSE,0.468673169595535,TRUE
11737,"Y",0.89228438493556,"Y",FALSE,0.10771561506444,TRUE
11810,"Y",0.936104742353115,"Y",FALSE,0.0638952576468849,TRUE
11852,"Y",0.542016558968334,"Y",FALSE,0.457983441031666,TRUE
10031,"Y",0.662282742078757,"Y",FALSE,0.337717257921243,TRUE
10037,"Y",0.214384076671747,"N",TRUE,0.785615923328253,FALSE
10098,"Y",0.981680167343597,"Y",FALSE,0.0183198326564035,TRUE
10147,"Y",0.4204070525287,"Y",FALSE,0.5795929474713,TRUE
10214,"Y",0.933472130996862,"Y",FALSE,0.0665278690031382,TRUE
10218,"Y",0.703975752196915,"Y",FALSE,0.296024247803085,TRUE
10247,"Y",0.998161990877031,"Y",FALSE,0.00183800912296939,TRUE
10268,"Y",0.947726061061821,"Y",FALSE,0.0522739389381789,TRUE
10271,"Y",0.756245714432315,"Y",FALSE,0.243754285567685,TRUE
10289,"Y",0.94353163056346,"Y",FALSE,0.0564683694365401,TRUE
10292,"Y",0.997369164003631,"Y",FALSE,0.00263083599636937,TRUE
10356,"Y",0.960177254137937,"Y",FALSE,0.0398227458620632,TRUE
10579,"Y",0.991041232023686,"Y",FALSE,0.00895876797631434,TRUE
10624,"Y",0.996110291445397,"Y",FALSE,0.00388970855460269,TRUE
10678,"Y",0.755908812551481,"Y",FALSE,0.244091187448519,TRUE
10686,"Y",0.348303521941639,"N",TRUE,0.651696478058361,FALSE
10715,"Y",0.948210314755866,"Y",FALSE,0.0517896852441341,TRUE
10720,"Y",0.99091485835875,"Y",FALSE,0.00908514164124996,TRUE
10729,"Y",0.995770222839044,"Y",FALSE,0.00422977716095552,TRUE
10756,"Y",0.385303728563605,"N",TRUE,0.614696271436395,FALSE
10761,"Y",0.99731892575211,"Y",FALSE,0.00268107424789044,TRUE
10880,"Y",0.558283803982712,"Y",FALSE,0.441716196017288,TRUE
10901,"Y",0.801873002159015,"Y",FALSE,0.198126997840985,TRUE
10974,"Y",0.226497578241474,"N",TRUE,0.773502421758526,FALSE
11100,"Y",0.996784115356265,"Y",FALSE,0.00321588464373523,TRUE
11125,"Y",0.0611003367383088,"N",TRUE,0.938899663261691,FALSE
11627,"Y",0.674810189753475,"Y",FALSE,0.325189810246525,TRUE
11635,"Y",0.995676428161575,"Y",FALSE,0.00432357183842524,TRUE
10011,"Y",0.667394067011423,"Y",FALSE,0.332605932988577,TRUE
10049,"Y",0.988240497758084,"Y",FALSE,0.0117595022419165,TRUE
10125,"Y",0.910574666710099,"Y",FALSE,0.0894253332899011,TRUE
10137,"Y",0.786299892335174,"Y",FALSE,0.213700107664826,TRUE
10311,"Y",0.944178752548845,"Y",FALSE,0.0558212474511547,TRUE
10332,"Y",0.119023900991879,"N",TRUE,0.880976099008121,FALSE
10425,"Y",0.921916894705468,"Y",FALSE,0.0780831052945323,TRUE
10445,"Y",0.979605563967702,"Y",FALSE,0.0203944360322983,TRUE
10501,"Y",0.697900768330114,"Y",FALSE,0.302099231669886,TRUE
10502,"Y",0.97090577666052,"Y",FALSE,0.0290942233394802,TRUE
10633,"Y",0.951749637040664,"Y",FALSE,0.048250362959336,TRUE
10669,"Y",0.997865276212663,"Y",FALSE,0.00213472378733703,TRUE
10702,"Y",0.986883431405128,"Y",FALSE,0.0131165685948722,TRUE
10703,"Y",0.741153310777012,"Y",FALSE,0.258846689222988,TRUE
10704,"Y",0.997885073231802,"Y",FALSE,0.00211492676819813,TRUE
10790,"Y",0.971996833981921,"Y",FALSE,0.0280031660180792,TRUE
10858,"Y",0.786493858975164,"Y",FALSE,0.213506141024836,TRUE
10920,"Y",0.295175971149193,"N",TRUE,0.704824028850807,FALSE
11086,"Y",0.803056639543122,"Y",FALSE,0.196943360456878,TRUE
11236,"Y",0.998094101392117,"Y",FALSE,0.00190589860788326,TRUE
11421,"Y",0.223907282556007,"N",TRUE,0.776092717443993,FALSE
11477,"Y",0.983393965762,"Y",FALSE,0.0166060342379996,TRUE
11581,"Y",0.471219625827479,"Y",FALSE,0.528780374172521,TRUE
11582,"Y",0.298185734573422,"N",TRUE,0.701814265426578,FALSE
11603,"Y",0.996871202642674,"Y",FALSE,0.00312879735732574,TRUE
11638,"Y",0.962163385431517,"Y",FALSE,0.0378366145684831,TRUE
11655,"Y",0.957162718233416,"Y",FALSE,0.0428372817665836,TRUE
11744,"Y",0.993366550636495,"Y",FALSE,0.00663344936350529,TRUE
11784,"Y",0.0920090317734204,"N",TRUE,0.90799096822658,FALSE
11805,"Y",0.474371257948858,"Y",FALSE,0.525628742051142,TRUE
11808,"Y",0.998516517793649,"Y",FALSE,0.00148348220635119,TRUE
11831,"Y",0.985550655915851,"Y",FALSE,0.014449344084149,TRUE
10030,"Y",0.186836056334619,"N",TRUE,0.813163943665381,FALSE
10034,"Y",0.989291801505771,"Y",FALSE,0.0107081984942285,TRUE
10050,"Y",0.728288882940832,"Y",FALSE,0.271711117059168,TRUE
10080,"Y",0.423677813469154,"Y",FALSE,0.576322186530846,TRUE
10109,"Y",0.0992312087820181,"N",TRUE,0.900768791217982,FALSE
10114,"Y",0.762598432395688,"Y",FALSE,0.237401567604312,TRUE
10119,"Y",0.974379733695488,"Y",FALSE,0.0256202663045119,TRUE
10183,"Y",0.240925861088402,"N",TRUE,0.759074138911598,FALSE
10205,"Y",0.195123776805216,"N",TRUE,0.804876223194784,FALSE
10208,"Y",0.196101644688023,"N",TRUE,0.803898355311977,FALSE
10277,"Y",0.173651696076766,"N",TRUE,0.826348303923234,FALSE
10304,"Y",0.332607860503306,"N",TRUE,0.667392139496694,FALSE
10353,"Y",0.574187299779707,"Y",FALSE,0.425812700220293,TRUE
10363,"Y",0.973935492359554,"Y",FALSE,0.0260645076404461,TRUE
10449,"Y",0.831062617831997,"Y",FALSE,0.168937382168003,TRUE
10468,"Y",0.720918900167842,"Y",FALSE,0.279081099832158,TRUE
10486,"Y",0.998879259194366,"Y",FALSE,0.00112074080563396,TRUE
10490,"Y",0.111095713103861,"N",TRUE,0.888904286896139,FALSE
10533,"Y",0.986121514233251,"Y",FALSE,0.0138784857667494,TRUE
10571,"Y",0.942252007528901,"Y",FALSE,0.0577479924710993,TRUE
10576,"Y",0.850639425041729,"Y",FALSE,0.149360574958271,TRUE
10580,"Y",0.967377263914119,"Y",FALSE,0.0326227360858811,TRUE
10584,"Y",0.77354301869072,"Y",FALSE,0.22645698130928,TRUE
10656,"Y",0.739856511019316,"Y",FALSE,0.260143488980684,TRUE
10755,"Y",0.875473654182948,"Y",FALSE,0.124526345817052,TRUE
10768,"Y",0.998492233142835,"Y",FALSE,0.00150776685716503,TRUE
10812,"Y",0.935996781576343,"Y",FALSE,0.0640032184236567,TRUE
10830,"Y",0.947212319912948,"Y",FALSE,0.0527876800870518,TRUE
10912,"Y",0.995726772285249,"Y",FALSE,0.00427322771475058,TRUE
11017,"Y",0.274757740524198,"N",TRUE,0.725242259475802,FALSE
11099,"Y",0.998687840280893,"Y",FALSE,0.00131215971910714,TRUE
11231,"Y",0.99876950847996,"Y",FALSE,0.00123049152003984,TRUE
11416,"Y",0.994949265117506,"Y",FALSE,0.00505073488249397,TRUE
11422,"Y",0.998445340040367,"Y",FALSE,0.00155465995963255,TRUE
11474,"Y",0.995885225062491,"Y",FALSE,0.00411477493750911,TRUE
11605,"Y",0.0675581867055105,"N",TRUE,0.932441813294489,FALSE
11645,"Y",0.997883150855231,"Y",FALSE,0.00211684914476917,TRUE
11730,"Y",0.991419568351337,"Y",FALSE,0.00858043164866318,TRUE
10019,"Y",0.436445766302037,"Y",FALSE,0.563554233697963,TRUE
10051,"Y",0.107434580259908,"N",TRUE,0.892565419740092,FALSE
10253,"Y",0.985367867401933,"Y",FALSE,0.0146321325980673,TRUE
10297,"Y",0.967294921529649,"Y",FALSE,0.0327050784703506,TRUE
10381,"Y",0.284291074705693,"N",TRUE,0.715708925294307,FALSE
10535,"Y",0.265398649442095,"N",TRUE,0.734601350557905,FALSE
10773,"Y",0.995235763514119,"Y",FALSE,0.00476423648588087,TRUE
10778,"Y",0.996707459366967,"Y",FALSE,0.00329254063303297,TRUE
10792,"Y",0.214441159656953,"N",TRUE,0.785558840343047,FALSE
10794,"Y",0.548127785473577,"Y",FALSE,0.451872214526423,TRUE
10803,"Y",0.292524850532099,"N",TRUE,0.707475149467901,FALSE
10814,"Y",0.979897160398049,"Y",FALSE,0.0201028396019507,TRUE
10827,"Y",0.835634480017111,"Y",FALSE,0.164365519982889,TRUE
10926,"Y",0.926323587642679,"Y",FALSE,0.0736764123573213,TRUE
10935,"Y",0.0856252757480893,"N",TRUE,0.914374724251911,FALSE
10976,"Y",0.829623981941227,"Y",FALSE,0.170376018058773,TRUE
11053,"Y",0.959212145632755,"Y",FALSE,0.0407878543672452,TRUE
11064,"Y",0.981034768045379,"Y",FALSE,0.0189652319546206,TRUE
11066,"Y",0.985553896113834,"Y",FALSE,0.014446103886166,TRUE
11115,"Y",0.999525648285482,"Y",FALSE,0.00047435171451804,TRUE
11165,"Y",0.953981942394918,"Y",FALSE,0.0460180576050822,TRUE
11225,"Y",0.136571991565752,"N",TRUE,0.863428008434248,FALSE
11249,"Y",0.995630291275474,"Y",FALSE,0.00436970872452602,TRUE
11286,"Y",0.586989826202891,"Y",FALSE,0.413010173797109,TRUE
11293,"Y",0.795273873379903,"Y",FALSE,0.204726126620097,TRUE
11295,"Y",0.586575271522023,"Y",FALSE,0.413424728477977,TRUE
11300,"Y",0.121365770537717,"N",TRUE,0.878634229462283,FALSE
11350,"Y",0.379225134906947,"N",TRUE,0.620774865093053,FALSE
11414,"Y",0.994045810933417,"Y",FALSE,0.00595418906658296,TRUE
11688,"Y",0.998674660057902,"Y",FALSE,0.00132533994209827,TRUE
11759,"Y",0.802115894102417,"Y",FALSE,0.197884105897583,TRUE
11855,"Y",0.127503631449389,"N",TRUE,0.872496368550611,FALSE
10007,"Y",0.93407525944486,"Y",FALSE,0.0659247405551401,TRUE
10075,"Y",0.87679973593586,"Y",FALSE,0.12320026406414,TRUE
10113,"Y",0.563703817617498,"Y",FALSE,0.436296182382502,TRUE
10123,"Y",0.427393294915625,"Y",FALSE,0.572606705084375,TRUE
10159,"Y",0.330086832609638,"N",TRUE,0.669913167390362,FALSE
10179,"Y",0.576179932879156,"Y",FALSE,0.423820067120844,TRUE
10196,"Y",0.756190445915205,"Y",FALSE,0.243809554084795,TRUE
10248,"Y",0.272862731092942,"N",TRUE,0.727137268907058,FALSE
10273,"Y",0.49388510390506,"Y",FALSE,0.50611489609494,TRUE
10310,"Y",0.724818728863688,"Y",FALSE,0.275181271136312,TRUE
10326,"Y",0.942833524629848,"Y",FALSE,0.0571664753701515,TRUE
10354,"Y",0.971617290669583,"Y",FALSE,0.0283827093304168,TRUE
10368,"Y",0.550828901674083,"Y",FALSE,0.449171098325917,TRUE
10375,"Y",0.0658156020467278,"N",TRUE,0.934184397953272,FALSE
10392,"Y",0.921691714420857,"Y",FALSE,0.0783082855791433,TRUE
10460,"Y",0.994914557875247,"Y",FALSE,0.0050854421247527,TRUE
10476,"Y",0.975515047284999,"Y",FALSE,0.0244849527150012,TRUE
10481,"Y",0.966281711749171,"Y",FALSE,0.0337182882508292,TRUE
10492,"Y",0.939848616265843,"Y",FALSE,0.0601513837341571,TRUE
10558,"Y",0.994876307180932,"Y",FALSE,0.00512369281906844,TRUE
10618,"Y",0.94200376571356,"Y",FALSE,0.0579962342864402,TRUE
10662,"Y",0.653793735998119,"Y",FALSE,0.346206264001881,TRUE
10689,"Y",0.191801949813337,"N",TRUE,0.808198050186663,FALSE
10693,"Y",0.173876546936477,"N",TRUE,0.826123453063523,FALSE
10734,"Y",0.868271132763533,"Y",FALSE,0.131728867236467,TRUE
10799,"Y",0.169021417111529,"N",TRUE,0.83097858288847,FALSE
10832,"Y",0.588388101707874,"Y",FALSE,0.411611898292126,TRUE
10870,"Y",0.11394645553087,"N",TRUE,0.88605354446913,FALSE
10872,"Y",0.224547563041318,"N",TRUE,0.775452436958682,FALSE
10905,"Y",0.814792858736575,"Y",FALSE,0.185207141263425,TRUE
10957,"Y",0.203611486096161,"N",TRUE,0.796388513903839,FALSE
11005,"Y",0.544516928563596,"Y",FALSE,0.455483071436404,TRUE
11061,"Y",0.381618271207144,"N",TRUE,0.618381728792856,FALSE
11085,"Y",0.976943717836495,"Y",FALSE,0.0230562821635053,TRUE
11173,"Y",0.52789928527568,"Y",FALSE,0.47210071472432,TRUE
11245,"Y",0.969500584804206,"Y",FALSE,0.0304994151957938,TRUE
11256,"Y",0.994382105632573,"Y",FALSE,0.00561789436742666,TRUE
11420,"Y",0.107564010843785,"N",TRUE,0.892435989156215,FALSE
11514,"Y",0.0346786732915595,"N",TRUE,0.965321326708441,FALSE
11518,"Y",0.0782160620360097,"N",TRUE,0.92178393796399,FALSE
11520,"Y",0.141954915768081,"N",TRUE,0.858045084231919,FALSE
11521,"Y",0.383921320557471,"N",TRUE,0.616078679442529,FALSE
11530,"Y",0.601237316199461,"Y",FALSE,0.398762683800539,TRUE
11601,"Y",0.56875482094905,"Y",FALSE,0.43124517905095,TRUE
11628,"Y",0.983698374563056,"Y",FALSE,0.016301625436944,TRUE
11632,"Y",0.896375367421097,"Y",FALSE,0.103624632578903,TRUE
11636,"Y",0.892695801454267,"Y",FALSE,0.107304198545733,TRUE
11653,"Y",0.991319523608222,"Y",FALSE,0.00868047639177816,TRUE
11656,"Y",0.98888971945428,"Y",FALSE,0.0111102805457202,TRUE
11660,"Y",0.986332307022229,"Y",FALSE,0.0136676929777708,TRUE
11701,"Y",0.600810469003339,"Y",FALSE,0.399189530996661,TRUE
11716,"Y",0.991736883225759,"Y",FALSE,0.00826311677424107,TRUE
11723,"Y",0.968234804587566,"Y",FALSE,0.0317651954124335,TRUE
11766,"Y",0.954591804520174,"Y",FALSE,0.0454081954798264,TRUE
11773,"Y",0.614678048626814,"Y",FALSE,0.385321951373186,TRUE
11820,"Y",0.200885763147082,"N",TRUE,0.799114236852918,FALSE
11829,"Y",0.860117388716378,"Y",FALSE,0.139882611283622,TRUE
10056,"Y",0.977005314729945,"Y",FALSE,0.0229946852700549,TRUE
10143,"Y",0.925110692608896,"Y",FALSE,0.0748893073911039,TRUE
10161,"Y",0.486744227800014,"Y",FALSE,0.513255772199986,TRUE
10337,"Y",0.989960975801687,"Y",FALSE,0.0100390241983134,TRUE
10447,"Y",0.806470424805627,"Y",FALSE,0.193529575194373,TRUE
10509,"Y",0.720234644756201,"Y",FALSE,0.279765355243799,TRUE
10524,"Y",0.384444098442864,"N",TRUE,0.615555901557136,FALSE
10538,"Y",0.823467615062478,"Y",FALSE,0.176532384937522,TRUE
10634,"Y",0.880462919731256,"Y",FALSE,0.119537080268744,TRUE
10636,"Y",0.716302490804304,"Y",FALSE,0.283697509195696,TRUE
10652,"Y",0.839349046811893,"Y",FALSE,0.160650953188107,TRUE
10653,"Y",0.414473279951858,"Y",FALSE,0.585526720048142,TRUE
10672,"Y",0.979090676596664,"Y",FALSE,0.0209093234033357,TRUE
10795,"Y",0.650466418528187,"Y",FALSE,0.349533581471813,TRUE
10823,"Y",0.959420614969397,"Y",FALSE,0.0405793850306025,TRUE
10843,"Y",0.802163082833028,"Y",FALSE,0.197836917166972,TRUE
10860,"Y",0.944571643991864,"Y",FALSE,0.0554283560081359,TRUE
10962,"Y",0.300115344205047,"N",TRUE,0.699884655794953,FALSE
11117,"Y",0.99316962056957,"Y",FALSE,0.00683037943042963,TRUE
11167,"Y",0.583532906356172,"Y",FALSE,0.416467093643828,TRUE
11368,"Y",0.995733722521952,"Y",FALSE,0.00426627747804775,TRUE
11555,"Y",0.223215465932321,"N",TRUE,0.776784534067679,FALSE
11652,"Y",0.996209893639883,"Y",FALSE,0.00379010636011712,TRUE
11736,"Y",0.999232678929739,"Y",FALSE,0.00076732107026134,TRUE
10177,"Y",0.902126785979207,"Y",FALSE,0.0978732140207925,TRUE
10227,"Y",0.554270651936909,"Y",FALSE,0.445729348063091,TRUE
10280,"Y",0.561547947512553,"Y",FALSE,0.438452052487447,TRUE
10410,"Y",0.135396045425635,"N",TRUE,0.864603954574365,FALSE
10459,"Y",0.997504470343298,"Y",FALSE,0.0024955296567023,TRUE
10462,"Y",0.918264497756312,"Y",FALSE,0.0817355022436876,TRUE
10635,"Y",0.984599551019518,"Y",FALSE,0.0154004489804821,TRUE
10816,"Y",0.994912298285851,"Y",FALSE,0.00508770171414896,TRUE
10846,"Y",0.0533132493820227,"N",TRUE,0.946686750617977,FALSE
10898,"Y",0.981850862139256,"Y",FALSE,0.0181491378607438,TRUE
10961,"Y",0.04636847401468,"N",TRUE,0.95363152598532,FALSE
11279,"Y",0.66572895319556,"Y",FALSE,0.33427104680444,TRUE
11525,"Y",0.326923457037606,"N",TRUE,0.673076542962394,FALSE
