"UniqueID","sold.fctr","sold.fctr.predict.CSM.X.bagEarth.prob","sold.fctr.predict.CSM.X.bagEarth","sold.fctr.predict.CSM.X.bagEarth.err","sold.fctr.predict.CSM.X.bagEarth.err.abs","sold.fctr.predict.CSM.X.bagEarth.accurate"
10066,"N",0.0279128749497541,"N",FALSE,0.0279128749497541,TRUE
10094,"N",0.34582719614729,"N",FALSE,0.34582719614729,TRUE
10199,"N",0.984554260562935,"Y",TRUE,0.984554260562935,FALSE
10244,"N",0.0113854338261373,"N",FALSE,0.0113854338261373,TRUE
10386,"N",0.243970116336969,"N",FALSE,0.243970116336969,TRUE
10451,"N",0.398677432177117,"N",FALSE,0.398677432177117,TRUE
10537,"N",0.0906543453355606,"N",FALSE,0.0906543453355606,TRUE
10602,"N",0.116497453914009,"N",FALSE,0.116497453914009,TRUE
10651,"N",0.0885004069894375,"N",FALSE,0.0885004069894375,TRUE
10676,"N",0.401398368692518,"N",FALSE,0.401398368692518,TRUE
10690,"N",0.562193355896365,"Y",TRUE,0.562193355896365,FALSE
10807,"N",0.397496090366181,"N",FALSE,0.397496090366181,TRUE
10829,"N",0.0721049728065774,"N",FALSE,0.0721049728065774,TRUE
10921,"N",0.0233310219005467,"N",FALSE,0.0233310219005467,TRUE
11000,"N",0.0752540783931267,"N",FALSE,0.0752540783931267,TRUE
11029,"N",0.00428813709345328,"N",FALSE,0.00428813709345328,TRUE
11031,"N",0.594249821960257,"Y",TRUE,0.594249821960257,FALSE
11077,"N",0.00428813709345328,"N",FALSE,0.00428813709345328,TRUE
11159,"N",0.131520433197555,"N",FALSE,0.131520433197555,TRUE
11187,"N",0.00626142458192423,"N",FALSE,0.00626142458192423,TRUE
11266,"N",0.0289124929808415,"N",FALSE,0.0289124929808415,TRUE
11282,"N",0.0442574943325084,"N",FALSE,0.0442574943325084,TRUE
11294,"N",0.0105566871101044,"N",FALSE,0.0105566871101044,TRUE
11307,"N",0.0932279491381907,"N",FALSE,0.0932279491381907,TRUE
11335,"N",0.0598398644754427,"N",FALSE,0.0598398644754427,TRUE
11357,"N",0.056859322992414,"N",FALSE,0.056859322992414,TRUE
11386,"N",0.190355816307555,"N",FALSE,0.190355816307555,TRUE
11389,"N",0.393218929959339,"N",FALSE,0.393218929959339,TRUE
11403,"N",0.217951682689866,"N",FALSE,0.217951682689866,TRUE
11404,"N",0.21002535143603,"N",FALSE,0.21002535143603,TRUE
11418,"N",0.0335748465513148,"N",FALSE,0.0335748465513148,TRUE
11419,"N",0.0951405522708158,"N",FALSE,0.0951405522708158,TRUE
11423,"N",0.00806131569567825,"N",FALSE,0.00806131569567825,TRUE
11437,"N",0.182175460980769,"N",FALSE,0.182175460980769,TRUE
11449,"N",0.0748406940178202,"N",FALSE,0.0748406940178202,TRUE
11450,"N",0.014431800477377,"N",FALSE,0.014431800477377,TRUE
11454,"N",0.0671784935396539,"N",FALSE,0.0671784935396539,TRUE
11465,"N",0.0266229632653684,"N",FALSE,0.0266229632653684,TRUE
11466,"N",0.0761943611191101,"N",FALSE,0.0761943611191101,TRUE
11478,"N",0.224206574112094,"N",FALSE,0.224206574112094,TRUE
11550,"N",0.0740372733164799,"N",FALSE,0.0740372733164799,TRUE
11574,"N",0.368477505628855,"N",FALSE,0.368477505628855,TRUE
11587,"N",0.0389948655303819,"N",FALSE,0.0389948655303819,TRUE
11591,"N",0.153952360647066,"N",FALSE,0.153952360647066,TRUE
11597,"N",0.387118243549669,"N",FALSE,0.387118243549669,TRUE
11602,"N",0.553937194979553,"Y",TRUE,0.553937194979553,FALSE
11606,"N",0.0155321487613405,"N",FALSE,0.0155321487613405,TRUE
11700,"N",0.943263484057697,"Y",TRUE,0.943263484057697,FALSE
11748,"N",0.710209403979475,"Y",TRUE,0.710209403979475,FALSE
11761,"N",0.270677232801769,"N",FALSE,0.270677232801769,TRUE
11765,"N",0.0551785592113372,"N",FALSE,0.0551785592113372,TRUE
11767,"N",0.242149451195591,"N",FALSE,0.242149451195591,TRUE
11796,"N",0.653323704458823,"Y",TRUE,0.653323704458823,FALSE
11811,"N",0.323870788839576,"N",FALSE,0.323870788839576,TRUE
11836,"N",0.906213151867342,"Y",TRUE,0.906213151867342,FALSE
10012,"N",0.0579417759630102,"N",FALSE,0.0579417759630102,TRUE
10054,"N",0.610591738223988,"Y",TRUE,0.610591738223988,FALSE
10082,"N",0.300924588851157,"N",FALSE,0.300924588851157,TRUE
10106,"N",0.0686060456125993,"N",FALSE,0.0686060456125993,TRUE
10127,"N",0.674318431911584,"Y",TRUE,0.674318431911584,FALSE
10168,"N",0.0686060456125993,"N",FALSE,0.0686060456125993,TRUE
10283,"N",0.886843264875455,"Y",TRUE,0.886843264875455,FALSE
10317,"N",0.158398109923632,"N",FALSE,0.158398109923632,TRUE
10366,"N",0.433694074405233,"N",FALSE,0.433694074405233,TRUE
10382,"N",0.787995446936871,"Y",TRUE,0.787995446936871,FALSE
10466,"N",0.665398098010342,"Y",TRUE,0.665398098010342,FALSE
10512,"N",0.578682643095733,"Y",TRUE,0.578682643095733,FALSE
10526,"N",0.804773380420179,"Y",TRUE,0.804773380420179,FALSE
10564,"N",0.694469366628523,"Y",TRUE,0.694469366628523,FALSE
10568,"N",0.510687750288498,"Y",TRUE,0.510687750288498,FALSE
10581,"N",0.856942918357255,"Y",TRUE,0.856942918357255,FALSE
10603,"N",0.518111554763329,"Y",TRUE,0.518111554763329,FALSE
10645,"N",0.415867601873628,"N",FALSE,0.415867601873628,TRUE
10687,"N",0.445430636885246,"N",FALSE,0.445430636885246,TRUE
10735,"N",0.566873848350328,"Y",TRUE,0.566873848350328,FALSE
10743,"N",0.943440201417827,"Y",TRUE,0.943440201417827,FALSE
10801,"N",0.0914945595220004,"N",FALSE,0.0914945595220004,TRUE
10841,"N",0.349137008758078,"N",FALSE,0.349137008758078,TRUE
10955,"N",0.7186599316793,"Y",TRUE,0.7186599316793,FALSE
10959,"N",0.13523008165119,"N",FALSE,0.13523008165119,TRUE
10996,"N",0.0010804902189234,"N",FALSE,0.0010804902189234,TRUE
11009,"N",0.439933785557531,"N",FALSE,0.439933785557531,TRUE
11050,"N",0.499522345647362,"N",FALSE,0.499522345647362,TRUE
11076,"N",0.335708651768797,"N",FALSE,0.335708651768797,TRUE
11080,"N",0.510444049271152,"Y",TRUE,0.510444049271152,FALSE
11082,"N",0.255872570762803,"N",FALSE,0.255872570762803,TRUE
11114,"N",0.114366548501827,"N",FALSE,0.114366548501827,TRUE
11116,"N",0.321751593819817,"N",FALSE,0.321751593819817,TRUE
11152,"N",0.041350298200965,"N",FALSE,0.041350298200965,TRUE
11163,"N",0.294266494170206,"N",FALSE,0.294266494170206,TRUE
11202,"N",0.026354854920112,"N",FALSE,0.026354854920112,TRUE
11240,"N",0.0857920277408251,"N",FALSE,0.0857920277408251,TRUE
11280,"N",0.174366425579527,"N",FALSE,0.174366425579527,TRUE
11305,"N",0.00518425489935824,"N",FALSE,0.00518425489935824,TRUE
11309,"N",0.134056212506058,"N",FALSE,0.134056212506058,TRUE
11316,"N",0.239248285062243,"N",FALSE,0.239248285062243,TRUE
11439,"N",0.0999371304859907,"N",FALSE,0.0999371304859907,TRUE
11447,"N",0.00922560930873669,"N",FALSE,0.00922560930873669,TRUE
11575,"N",0.0396911183692672,"N",FALSE,0.0396911183692672,TRUE
11622,"N",0.731660046218201,"Y",TRUE,0.731660046218201,FALSE
11696,"N",0.523554579018916,"Y",TRUE,0.523554579018916,FALSE
11724,"N",0.0280193134276403,"N",FALSE,0.0280193134276403,TRUE
11775,"N",0.369060798045872,"N",FALSE,0.369060798045872,TRUE
11806,"N",0.128494473423961,"N",FALSE,0.128494473423961,TRUE
11848,"N",0.0327389034212963,"N",FALSE,0.0327389034212963,TRUE
10023,"N",0.136880311863704,"N",FALSE,0.136880311863704,TRUE
10088,"N",0.0686915132651848,"N",FALSE,0.0686915132651848,TRUE
10129,"N",0.450147667933767,"N",FALSE,0.450147667933767,TRUE
10132,"N",0.266682678975097,"N",FALSE,0.266682678975097,TRUE
10149,"N",0.65254662098472,"Y",TRUE,0.65254662098472,FALSE
10191,"N",0.0863717631333132,"N",FALSE,0.0863717631333132,TRUE
10235,"N",0.448569131127935,"N",FALSE,0.448569131127935,TRUE
10252,"N",0.391402863015164,"N",FALSE,0.391402863015164,TRUE
10274,"N",0.473713854774215,"N",FALSE,0.473713854774215,TRUE
10282,"N",0.502019420871999,"Y",TRUE,0.502019420871999,FALSE
10409,"N",0.35857451270581,"N",FALSE,0.35857451270581,TRUE
10432,"N",0.018198232721092,"N",FALSE,0.018198232721092,TRUE
10503,"N",0.287186670107307,"N",FALSE,0.287186670107307,TRUE
10518,"N",0.0946147956620306,"N",FALSE,0.0946147956620306,TRUE
10522,"N",0.0662867005046477,"N",FALSE,0.0662867005046477,TRUE
10539,"N",0.649203397269841,"Y",TRUE,0.649203397269841,FALSE
10560,"N",0.146309531040419,"N",FALSE,0.146309531040419,TRUE
10567,"N",0.97460709800836,"Y",TRUE,0.97460709800836,FALSE
10591,"N",0.418518021663549,"N",FALSE,0.418518021663549,TRUE
10596,"N",0.140108528016677,"N",FALSE,0.140108528016677,TRUE
10649,"N",0.0446056163672114,"N",FALSE,0.0446056163672114,TRUE
10665,"N",0.123581001876221,"N",FALSE,0.123581001876221,TRUE
10673,"N",0.118458022036065,"N",FALSE,0.118458022036065,TRUE
10681,"N",0.441965802863601,"N",FALSE,0.441965802863601,TRUE
10709,"N",0.0605102676220907,"N",FALSE,0.0605102676220907,TRUE
10751,"N",0.092900909859751,"N",FALSE,0.092900909859751,TRUE
10785,"N",0.590743102293454,"Y",TRUE,0.590743102293454,FALSE
10836,"N",0.539621744502153,"Y",TRUE,0.539621744502153,FALSE
10893,"N",0.438104971530978,"N",FALSE,0.438104971530978,TRUE
10916,"N",0.553874630607809,"Y",TRUE,0.553874630607809,FALSE
10928,"N",0.696815237636005,"Y",TRUE,0.696815237636005,FALSE
10978,"N",0.266823571785688,"N",FALSE,0.266823571785688,TRUE
11022,"N",0.027548931056577,"N",FALSE,0.027548931056577,TRUE
11024,"N",0.139629638845248,"N",FALSE,0.139629638845248,TRUE
11032,"N",0.0615669215678187,"N",FALSE,0.0615669215678187,TRUE
11044,"N",0.35729979498122,"N",FALSE,0.35729979498122,TRUE
11048,"N",0.528649129974075,"Y",TRUE,0.528649129974075,FALSE
11081,"N",0.456196042418458,"N",FALSE,0.456196042418458,TRUE
11091,"N",0.0716944234568048,"N",FALSE,0.0716944234568048,TRUE
11103,"N",0.0802003528775093,"N",FALSE,0.0802003528775093,TRUE
11157,"N",0.612824848635654,"Y",TRUE,0.612824848635654,FALSE
11161,"N",0.0807460611065585,"N",FALSE,0.0807460611065585,TRUE
11198,"N",0.00498348347103062,"N",FALSE,0.00498348347103062,TRUE
11232,"N",0.547232323090681,"Y",TRUE,0.547232323090681,FALSE
11261,"N",0.616885737361619,"Y",TRUE,0.616885737361619,FALSE
11275,"N",0.190353351676771,"N",FALSE,0.190353351676771,TRUE
11322,"N",0.132386289513746,"N",FALSE,0.132386289513746,TRUE
11327,"N",0.301556121212727,"N",FALSE,0.301556121212727,TRUE
11349,"N",0.568626420262617,"Y",TRUE,0.568626420262617,FALSE
11365,"N",0.0672089773323415,"N",FALSE,0.0672089773323415,TRUE
11380,"N",0.588356331608483,"Y",TRUE,0.588356331608483,FALSE
11390,"N",0.0514364325596832,"N",FALSE,0.0514364325596832,TRUE
11415,"N",0.052575468619409,"N",FALSE,0.052575468619409,TRUE
11468,"N",0.055816619581859,"N",FALSE,0.055816619581859,TRUE
11471,"N",0.986178328715261,"Y",TRUE,0.986178328715261,FALSE
11502,"N",0.124298904212818,"N",FALSE,0.124298904212818,TRUE
11551,"N",0.0390581513714629,"N",FALSE,0.0390581513714629,TRUE
11559,"N",0.0356871169126502,"N",FALSE,0.0356871169126502,TRUE
11610,"N",0.202846511623152,"N",FALSE,0.202846511623152,TRUE
11644,"N",0.741775209316689,"Y",TRUE,0.741775209316689,FALSE
11673,"N",0.156213058147568,"N",FALSE,0.156213058147568,TRUE
11675,"N",0.0664365349032227,"N",FALSE,0.0664365349032227,TRUE
11684,"N",0.10171983212295,"N",FALSE,0.10171983212295,TRUE
11685,"N",0.224669088064203,"N",FALSE,0.224669088064203,TRUE
11698,"N",0.245323376333676,"N",FALSE,0.245323376333676,TRUE
11747,"N",0.0834213580741748,"N",FALSE,0.0834213580741748,TRUE
11751,"N",0.676342500433885,"Y",TRUE,0.676342500433885,FALSE
11780,"N",0.0179783453804409,"N",FALSE,0.0179783453804409,TRUE
11841,"N",0.40724464734467,"N",FALSE,0.40724464734467,TRUE
10133,"N",0.0892898174214431,"N",FALSE,0.0892898174214431,TRUE
10193,"N",0.129588714571327,"N",FALSE,0.129588714571327,TRUE
10299,"N",0.647112992776688,"Y",TRUE,0.647112992776688,FALSE
10369,"N",0.153470267322559,"N",FALSE,0.153470267322559,TRUE
10416,"N",0.740132675823901,"Y",TRUE,0.740132675823901,FALSE
10433,"N",0.0944910515223429,"N",FALSE,0.0944910515223429,TRUE
10455,"N",0.651859788702173,"Y",TRUE,0.651859788702173,FALSE
10469,"N",0.466250360702347,"N",FALSE,0.466250360702347,TRUE
10485,"N",0.0201345855884974,"N",FALSE,0.0201345855884974,TRUE
10583,"N",0.2670296537725,"N",FALSE,0.2670296537725,TRUE
10629,"N",0.0543024536431454,"N",FALSE,0.0543024536431454,TRUE
10733,"N",0.574952003110401,"Y",TRUE,0.574952003110401,FALSE
10765,"N",0.0890178332194064,"N",FALSE,0.0890178332194064,TRUE
10791,"N",0.230679349981661,"N",FALSE,0.230679349981661,TRUE
10809,"N",0.279506568140882,"N",FALSE,0.279506568140882,TRUE
10900,"N",0.261363864366207,"N",FALSE,0.261363864366207,TRUE
10940,"N",0.277215953505438,"N",FALSE,0.277215953505438,TRUE
10990,"N",0.0975594355903316,"N",FALSE,0.0975594355903316,TRUE
11137,"N",0.0801356271553453,"N",FALSE,0.0801356271553453,TRUE
11153,"N",0.461677008324507,"N",FALSE,0.461677008324507,TRUE
11178,"N",0.303193159760036,"N",FALSE,0.303193159760036,TRUE
11191,"N",0.00892229326078649,"N",FALSE,0.00892229326078649,TRUE
11230,"N",0.0383339053313665,"N",FALSE,0.0383339053313665,TRUE
11301,"N",0.21061027622618,"N",FALSE,0.21061027622618,TRUE
11304,"N",0.184063797031606,"N",FALSE,0.184063797031606,TRUE
11318,"N",0.419452722147307,"N",FALSE,0.419452722147307,TRUE
11360,"N",0.298198082886114,"N",FALSE,0.298198082886114,TRUE
11572,"N",0.493267522758045,"N",FALSE,0.493267522758045,TRUE
11580,"N",0.0239731182025944,"N",FALSE,0.0239731182025944,TRUE
11631,"N",0.151574344781264,"N",FALSE,0.151574344781264,TRUE
11658,"N",0.042921904635664,"N",FALSE,0.042921904635664,TRUE
11774,"N",0.423405574057475,"N",FALSE,0.423405574057475,TRUE
11842,"N",0.0878980384664334,"N",FALSE,0.0878980384664334,TRUE
10059,"N",0.0632524120816602,"N",FALSE,0.0632524120816602,TRUE
10063,"N",0.0295234384164555,"N",FALSE,0.0295234384164555,TRUE
10126,"N",0.0873506189000317,"N",FALSE,0.0873506189000317,TRUE
10188,"N",0.0648324678720758,"N",FALSE,0.0648324678720758,TRUE
10222,"N",0.0524808978393506,"N",FALSE,0.0524808978393506,TRUE
10302,"N",0.364389317779744,"N",FALSE,0.364389317779744,TRUE
10414,"N",0.154271229439231,"N",FALSE,0.154271229439231,TRUE
10424,"N",0.0628587334765272,"N",FALSE,0.0628587334765272,TRUE
10426,"N",0.0723173367716902,"N",FALSE,0.0723173367716902,TRUE
10489,"N",0.430091597976067,"N",FALSE,0.430091597976067,TRUE
10508,"N",0.319187734243057,"N",FALSE,0.319187734243057,TRUE
10559,"N",0.0755181695796961,"N",FALSE,0.0755181695796961,TRUE
10700,"N",0.175795952386343,"N",FALSE,0.175795952386343,TRUE
10722,"N",0.755683526558215,"Y",TRUE,0.755683526558215,FALSE
10747,"N",0.509553223209602,"Y",TRUE,0.509553223209602,FALSE
10771,"N",0.0600008523124349,"N",FALSE,0.0600008523124349,TRUE
10850,"N",0.125010450104888,"N",FALSE,0.125010450104888,TRUE
10862,"N",0.155896918592661,"N",FALSE,0.155896918592661,TRUE
10890,"N",0.0651998663871864,"N",FALSE,0.0651998663871864,TRUE
10981,"N",0.10618638058757,"N",FALSE,0.10618638058757,TRUE
11006,"N",0.268513201083418,"N",FALSE,0.268513201083418,TRUE
11018,"N",0.363661623969189,"N",FALSE,0.363661623969189,TRUE
11020,"N",0.00485909900054149,"N",FALSE,0.00485909900054149,TRUE
11113,"N",0.0179535359321537,"N",FALSE,0.0179535359321537,TRUE
11126,"N",0.285320754244033,"N",FALSE,0.285320754244033,TRUE
11149,"N",0.179349026035273,"N",FALSE,0.179349026035273,TRUE
11208,"N",0.00116023223711472,"N",FALSE,0.00116023223711472,TRUE
11287,"N",0.00822754437387784,"N",FALSE,0.00822754437387784,TRUE
11308,"N",0.0162885600115465,"N",FALSE,0.0162885600115465,TRUE
11358,"N",0.143243246133506,"N",FALSE,0.143243246133506,TRUE
11385,"N",0.146075981359569,"N",FALSE,0.146075981359569,TRUE
11391,"N",0.992696638843317,"Y",TRUE,0.992696638843317,FALSE
11395,"N",0.0937701519473734,"N",FALSE,0.0937701519473734,TRUE
11577,"N",0.146775198125678,"N",FALSE,0.146775198125678,TRUE
11599,"N",0.12734377170341,"N",FALSE,0.12734377170341,TRUE
11683,"N",0.206443775875986,"N",FALSE,0.206443775875986,TRUE
11693,"N",0.147971952592225,"N",FALSE,0.147971952592225,TRUE
11699,"N",0.959543706729978,"Y",TRUE,0.959543706729978,FALSE
11781,"N",0.13320081855895,"N",FALSE,0.13320081855895,TRUE
11790,"N",0.0193480469076914,"N",FALSE,0.0193480469076914,TRUE
11825,"N",0.079154629638484,"N",FALSE,0.079154629638484,TRUE
10016,"N",0.20049890509033,"N",FALSE,0.20049890509033,TRUE
10025,"N",0.046951111714479,"N",FALSE,0.046951111714479,TRUE
10055,"N",0.0267882406283151,"N",FALSE,0.0267882406283151,TRUE
10067,"N",0.212881944824801,"N",FALSE,0.212881944824801,TRUE
10072,"N",0.093395612932357,"N",FALSE,0.093395612932357,TRUE
10136,"N",0.0369972977567191,"N",FALSE,0.0369972977567191,TRUE
10163,"N",0.145009821494994,"N",FALSE,0.145009821494994,TRUE
10197,"N",0.0574405889929968,"N",FALSE,0.0574405889929968,TRUE
10215,"N",0.226105895763626,"N",FALSE,0.226105895763626,TRUE
10239,"N",0.0267882406283151,"N",FALSE,0.0267882406283151,TRUE
10320,"N",0.241374809446447,"N",FALSE,0.241374809446447,TRUE
10613,"N",0.116525245143896,"N",FALSE,0.116525245143896,TRUE
10647,"N",0.0312219229755402,"N",FALSE,0.0312219229755402,TRUE
10682,"N",0.0242137135844206,"N",FALSE,0.0242137135844206,TRUE
10865,"N",0.0135461896589323,"N",FALSE,0.0135461896589323,TRUE
10883,"N",0.104351721135513,"N",FALSE,0.104351721135513,TRUE
10894,"N",0.00655806620969561,"N",FALSE,0.00655806620969561,TRUE
10956,"N",0.288298800437762,"N",FALSE,0.288298800437762,TRUE
10980,"N",0.148666715510025,"N",FALSE,0.148666715510025,TRUE
10987,"N",0.0144671928859561,"N",FALSE,0.0144671928859561,TRUE
11034,"N",0.0272575472830465,"N",FALSE,0.0272575472830465,TRUE
11040,"N",0.187952110301253,"N",FALSE,0.187952110301253,TRUE
11058,"N",0.0107440945190309,"N",FALSE,0.0107440945190309,TRUE
11083,"N",0.191827214382386,"N",FALSE,0.191827214382386,TRUE
11118,"N",0.118538857346356,"N",FALSE,0.118538857346356,TRUE
11123,"N",0.0702668782065494,"N",FALSE,0.0702668782065494,TRUE
11168,"N",0.000774841001645351,"N",FALSE,0.000774841001645351,TRUE
11252,"N",0.217471936884154,"N",FALSE,0.217471936884154,TRUE
11255,"N",0.00989380598465713,"N",FALSE,0.00989380598465713,TRUE
11331,"N",0.0158381165258941,"N",FALSE,0.0158381165258941,TRUE
11338,"N",0.097488441272404,"N",FALSE,0.097488441272404,TRUE
11408,"N",0.0135916725460509,"N",FALSE,0.0135916725460509,TRUE
11409,"N",0.201247485490388,"N",FALSE,0.201247485490388,TRUE
11431,"N",0.352328860387875,"N",FALSE,0.352328860387875,TRUE
11506,"N",0.404929885680644,"N",FALSE,0.404929885680644,TRUE
11519,"N",0.0979113366057499,"N",FALSE,0.0979113366057499,TRUE
11576,"N",0.188737303597633,"N",FALSE,0.188737303597633,TRUE
11586,"N",0.100673731610265,"N",FALSE,0.100673731610265,TRUE
11651,"N",0.10091293890236,"N",FALSE,0.10091293890236,TRUE
11772,"N",0.0734831507756183,"N",FALSE,0.0734831507756183,TRUE
11782,"N",0.0634838821077334,"N",FALSE,0.0634838821077334,TRUE
11792,"N",0.0634069055854323,"N",FALSE,0.0634069055854323,TRUE
11799,"N",0.21559251097237,"N",FALSE,0.21559251097237,TRUE
11822,"N",0.280200024814252,"N",FALSE,0.280200024814252,TRUE
10035,"N",0.153248108144246,"N",FALSE,0.153248108144246,TRUE
10044,"N",0.0293004374296681,"N",FALSE,0.0293004374296681,TRUE
10087,"N",0.0825416555128628,"N",FALSE,0.0825416555128628,TRUE
10153,"N",0.0480721746444336,"N",FALSE,0.0480721746444336,TRUE
10221,"N",0.0380215194167502,"N",FALSE,0.0380215194167502,TRUE
10266,"N",0.389146972463519,"N",FALSE,0.389146972463519,TRUE
10523,"N",0.510139150722444,"Y",TRUE,0.510139150722444,FALSE
10590,"N",0.575848069358506,"Y",TRUE,0.575848069358506,FALSE
10637,"N",0.0913593545934078,"N",FALSE,0.0913593545934078,TRUE
10738,"N",0.989263071555279,"Y",TRUE,0.989263071555279,FALSE
10793,"N",0.113767938654456,"N",FALSE,0.113767938654456,TRUE
10951,"N",0.00786543236138213,"N",FALSE,0.00786543236138213,TRUE
11035,"N",0.119189436866514,"N",FALSE,0.119189436866514,TRUE
11065,"N",0.154755049532164,"N",FALSE,0.154755049532164,TRUE
11094,"N",0.15495474782399,"N",FALSE,0.15495474782399,TRUE
11095,"N",0.257866916606538,"N",FALSE,0.257866916606538,TRUE
11151,"N",0.0759685411320506,"N",FALSE,0.0759685411320506,TRUE
11192,"N",0.157211591074389,"N",FALSE,0.157211591074389,TRUE
11205,"N",0.0661759759959905,"N",FALSE,0.0661759759959905,TRUE
11220,"N",0.0447772842148369,"N",FALSE,0.0447772842148369,TRUE
11224,"N",0.0109594151453873,"N",FALSE,0.0109594151453873,TRUE
11238,"N",0.0996771121951876,"N",FALSE,0.0996771121951876,TRUE
11259,"N",0.0110165272448217,"N",FALSE,0.0110165272448217,TRUE
11262,"N",0.13457827940562,"N",FALSE,0.13457827940562,TRUE
11268,"N",0.118422956105999,"N",FALSE,0.118422956105999,TRUE
11299,"N",0.377191209206264,"N",FALSE,0.377191209206264,TRUE
11321,"N",0.924589320958207,"Y",TRUE,0.924589320958207,FALSE
11334,"N",0.0913593545934078,"N",FALSE,0.0913593545934078,TRUE
11355,"N",0.0546428294776956,"N",FALSE,0.0546428294776956,TRUE
11371,"N",0.00814212855897751,"N",FALSE,0.00814212855897751,TRUE
11384,"N",0.0139212926280338,"N",FALSE,0.0139212926280338,TRUE
11552,"N",0.0932131257183188,"N",FALSE,0.0932131257183188,TRUE
11612,"N",0.0791281566835283,"N",FALSE,0.0791281566835283,TRUE
11642,"N",0.067151809026175,"N",FALSE,0.067151809026175,TRUE
11794,"N",0.618252785754714,"Y",TRUE,0.618252785754714,FALSE
11798,"N",0.0579260822477029,"N",FALSE,0.0579260822477029,TRUE
11835,"N",0.0289558371192644,"N",FALSE,0.0289558371192644,TRUE
10060,"N",0.321313930894188,"N",FALSE,0.321313930894188,TRUE
10296,"N",0.954984727449923,"Y",TRUE,0.954984727449923,FALSE
10404,"N",0.11353313766818,"N",FALSE,0.11353313766818,TRUE
10473,"N",0.0768216140418873,"N",FALSE,0.0768216140418873,TRUE
10483,"N",0.291665372351087,"N",FALSE,0.291665372351087,TRUE
10491,"N",0.98762019456479,"Y",TRUE,0.98762019456479,FALSE
10495,"N",0.44203130020753,"N",FALSE,0.44203130020753,TRUE
10498,"N",0.321897617516303,"N",FALSE,0.321897617516303,TRUE
10529,"N",0.479960140037179,"N",FALSE,0.479960140037179,TRUE
10595,"N",0.957554187461521,"Y",TRUE,0.957554187461521,FALSE
10622,"N",0.024867974751516,"N",FALSE,0.024867974751516,TRUE
10705,"N",0.572975460837082,"Y",TRUE,0.572975460837082,FALSE
10707,"N",0.140907101598242,"N",FALSE,0.140907101598242,TRUE
10711,"N",0.269273558080577,"N",FALSE,0.269273558080577,TRUE
10764,"N",0.0143814676092949,"N",FALSE,0.0143814676092949,TRUE
10770,"N",0.0815127940912467,"N",FALSE,0.0815127940912467,TRUE
10818,"N",0.16949664561025,"N",FALSE,0.16949664561025,TRUE
10831,"N",0.157917395369198,"N",FALSE,0.157917395369198,TRUE
10878,"N",0.00910292678319913,"N",FALSE,0.00910292678319913,TRUE
10903,"N",0.200914585813746,"N",FALSE,0.200914585813746,TRUE
10906,"N",0.0395974083767561,"N",FALSE,0.0395974083767561,TRUE
10914,"N",0.115020964232683,"N",FALSE,0.115020964232683,TRUE
10972,"N",0.117953160850958,"N",FALSE,0.117953160850958,TRUE
11010,"N",0.0300421717048968,"N",FALSE,0.0300421717048968,TRUE
11016,"N",0.0276223739210812,"N",FALSE,0.0276223739210812,TRUE
11070,"N",0.0549182106165452,"N",FALSE,0.0549182106165452,TRUE
11087,"N",0.0426208767908458,"N",FALSE,0.0426208767908458,TRUE
11089,"N",0.220523574116155,"N",FALSE,0.220523574116155,TRUE
11147,"N",0.0558740845400852,"N",FALSE,0.0558740845400852,TRUE
11169,"N",0.475279430869036,"N",FALSE,0.475279430869036,TRUE
11174,"N",0.143962937734765,"N",FALSE,0.143962937734765,TRUE
11188,"N",0.291260499839702,"N",FALSE,0.291260499839702,TRUE
11193,"N",0.475279430869036,"N",FALSE,0.475279430869036,TRUE
11209,"N",0.0251010580114883,"N",FALSE,0.0251010580114883,TRUE
11223,"N",0.022073129312459,"N",FALSE,0.022073129312459,TRUE
11263,"N",0.199971584940804,"N",FALSE,0.199971584940804,TRUE
11267,"N",0.115730190163503,"N",FALSE,0.115730190163503,TRUE
11278,"N",0.109223422453454,"N",FALSE,0.109223422453454,TRUE
11285,"N",0.155906886229996,"N",FALSE,0.155906886229996,TRUE
11310,"N",0.119196477274064,"N",FALSE,0.119196477274064,TRUE
11312,"N",0.0345420846111483,"N",FALSE,0.0345420846111483,TRUE
11342,"N",0.0658451751425677,"N",FALSE,0.0658451751425677,TRUE
11348,"N",0.0688002779597267,"N",FALSE,0.0688002779597267,TRUE
11362,"N",0.380586681773897,"N",FALSE,0.380586681773897,TRUE
11398,"N",0.0186700246247064,"N",FALSE,0.0186700246247064,TRUE
11429,"N",0.0347458723476051,"N",FALSE,0.0347458723476051,TRUE
11438,"N",0.0108612423664779,"N",FALSE,0.0108612423664779,TRUE
11482,"N",0.10107210015297,"N",FALSE,0.10107210015297,TRUE
11496,"N",0.116854082907599,"N",FALSE,0.116854082907599,TRUE
11528,"N",0.323774487640032,"N",FALSE,0.323774487640032,TRUE
11541,"N",0.0767503472963203,"N",FALSE,0.0767503472963203,TRUE
11557,"N",0.431635775746695,"N",FALSE,0.431635775746695,TRUE
11562,"N",0.295363329177088,"N",FALSE,0.295363329177088,TRUE
11626,"N",0.109995062620992,"N",FALSE,0.109995062620992,TRUE
11668,"N",0.0529296363807798,"N",FALSE,0.0529296363807798,TRUE
11674,"N",0.984538217964004,"Y",TRUE,0.984538217964004,FALSE
11703,"N",0.1391132483773,"N",FALSE,0.1391132483773,TRUE
11704,"N",0.496691477607157,"N",FALSE,0.496691477607157,TRUE
11712,"N",0.949091881731607,"Y",TRUE,0.949091881731607,FALSE
11728,"N",0.182495075919025,"N",FALSE,0.182495075919025,TRUE
11750,"N",0.0203277617210734,"N",FALSE,0.0203277617210734,TRUE
11752,"N",0.0111571011986835,"N",FALSE,0.0111571011986835,TRUE
11779,"N",0.0161538337996595,"N",FALSE,0.0161538337996595,TRUE
11800,"N",0.0166580562497223,"N",FALSE,0.0166580562497223,TRUE
11824,"N",0.0245521729122793,"N",FALSE,0.0245521729122793,TRUE
11828,"N",0.102155658185339,"N",FALSE,0.102155658185339,TRUE
10004,"N",0.178706156074911,"N",FALSE,0.178706156074911,TRUE
10103,"N",0.955664322926691,"Y",TRUE,0.955664322926691,FALSE
10170,"N",0.211407640930253,"N",FALSE,0.211407640930253,TRUE
10172,"N",0.677478505099827,"Y",TRUE,0.677478505099827,FALSE
10207,"N",0.677478505099827,"Y",TRUE,0.677478505099827,FALSE
10229,"N",0.442934425801809,"N",FALSE,0.442934425801809,TRUE
10315,"N",0.273728247851282,"N",FALSE,0.273728247851282,TRUE
10316,"N",0.442934425801809,"N",FALSE,0.442934425801809,TRUE
10413,"N",0.984600085873557,"Y",TRUE,0.984600085873557,FALSE
10506,"N",0.236025592639039,"N",FALSE,0.236025592639039,TRUE
10614,"N",0.195641400498169,"N",FALSE,0.195641400498169,TRUE
10674,"N",0.566991105023255,"Y",TRUE,0.566991105023255,FALSE
10748,"N",0.345377811259497,"N",FALSE,0.345377811259497,TRUE
10886,"N",0.204058802511396,"N",FALSE,0.204058802511396,TRUE
10895,"N",0.184390959579188,"N",FALSE,0.184390959579188,TRUE
10925,"N",0.141050276492341,"N",FALSE,0.141050276492341,TRUE
11084,"N",0.0176055213111,"N",FALSE,0.0176055213111,TRUE
11090,"N",0.676528606239515,"Y",TRUE,0.676528606239515,FALSE
11145,"N",0.0784432439548043,"N",FALSE,0.0784432439548043,TRUE
11164,"N",0.0822302282989806,"N",FALSE,0.0822302282989806,TRUE
11171,"N",0.181827449575765,"N",FALSE,0.181827449575765,TRUE
11203,"N",0.0182126423219898,"N",FALSE,0.0182126423219898,TRUE
11484,"N",0.147042828652861,"N",FALSE,0.147042828652861,TRUE
11531,"N",0.111444219224316,"N",FALSE,0.111444219224316,TRUE
11564,"N",0.231245541392524,"N",FALSE,0.231245541392524,TRUE
11569,"N",0.719387399125739,"Y",TRUE,0.719387399125739,FALSE
11592,"N",0.410633143189973,"N",FALSE,0.410633143189973,TRUE
11793,"N",0.160620941061596,"N",FALSE,0.160620941061596,TRUE
11843,"N",0.169662834772279,"N",FALSE,0.169662834772279,TRUE
10267,"N",0.426899894357486,"N",FALSE,0.426899894357486,TRUE
10308,"N",0.376785944264017,"N",FALSE,0.376785944264017,TRUE
10660,"N",0.269377818579029,"N",FALSE,0.269377818579029,TRUE
10691,"N",0.303751170651794,"N",FALSE,0.303751170651794,TRUE
10762,"N",0.0793809523693434,"N",FALSE,0.0793809523693434,TRUE
10767,"N",0.00411822629192877,"N",FALSE,0.00411822629192877,TRUE
10924,"N",0.0133816789940619,"N",FALSE,0.0133816789940619,TRUE
10975,"N",0.114527971112521,"N",FALSE,0.114527971112521,TRUE
10989,"N",0.017421776513241,"N",FALSE,0.017421776513241,TRUE
11013,"N",0.139266887136292,"N",FALSE,0.139266887136292,TRUE
11184,"N",0.0255315768591304,"N",FALSE,0.0255315768591304,TRUE
11215,"N",0.0195434785212063,"N",FALSE,0.0195434785212063,TRUE
11216,"N",0.130461019198039,"N",FALSE,0.130461019198039,TRUE
11292,"N",0.00223615317054973,"N",FALSE,0.00223615317054973,TRUE
11297,"N",0.688835822703684,"Y",TRUE,0.688835822703684,FALSE
11460,"N",0.337065948090308,"N",FALSE,0.337065948090308,TRUE
11489,"N",0.0273375754116902,"N",FALSE,0.0273375754116902,TRUE
11491,"N",0.0250762404184957,"N",FALSE,0.0250762404184957,TRUE
11493,"N",0.0304232744119629,"N",FALSE,0.0304232744119629,TRUE
11515,"N",0.123604442510306,"N",FALSE,0.123604442510306,TRUE
11546,"N",0.28549216986325,"N",FALSE,0.28549216986325,TRUE
11556,"N",0.429987562095498,"N",FALSE,0.429987562095498,TRUE
11795,"N",0.0167275349702338,"N",FALSE,0.0167275349702338,TRUE
10130,"Y",0.952726083990203,"Y",FALSE,0.0472739160097968,TRUE
10225,"Y",0.595899335378106,"Y",FALSE,0.404100664621894,TRUE
10262,"Y",0.837112465759267,"Y",FALSE,0.162887534240733,TRUE
10341,"Y",0.861970671585387,"Y",FALSE,0.138029328414613,TRUE
10389,"Y",0.909786394296646,"Y",FALSE,0.0902136057033539,TRUE
10420,"Y",0.979292037410325,"Y",FALSE,0.0207079625896748,TRUE
10421,"Y",0.996985440339364,"Y",FALSE,0.0030145596606358,TRUE
10478,"Y",0.982900898417284,"Y",FALSE,0.0170991015827163,TRUE
10557,"Y",0.580893687691708,"Y",FALSE,0.419106312308292,TRUE
10582,"Y",0.92688872513271,"Y",FALSE,0.0731112748672895,TRUE
10759,"Y",0.949751697053287,"Y",FALSE,0.0502483029467128,TRUE
10854,"Y",0.995146675212869,"Y",FALSE,0.00485332478713085,TRUE
10869,"Y",0.828145502367867,"Y",FALSE,0.171854497632133,TRUE
10897,"Y",0.758024535971889,"Y",FALSE,0.241975464028111,TRUE
10986,"Y",0.229412068260286,"N",TRUE,0.770587931739714,FALSE
10993,"Y",0.557755767540074,"Y",FALSE,0.442244232459926,TRUE
11055,"Y",0.986412608813486,"Y",FALSE,0.0135873911865135,TRUE
11056,"Y",0.41168438049538,"N",TRUE,0.58831561950462,FALSE
11142,"Y",0.993521325929312,"Y",FALSE,0.00647867407068825,TRUE
11199,"Y",0.998138310032346,"Y",FALSE,0.00186168996765368,TRUE
11284,"Y",0.414559271823991,"N",TRUE,0.585440728176009,FALSE
11302,"Y",0.696593740778117,"Y",FALSE,0.303406259221883,TRUE
11326,"Y",0.990590490345704,"Y",FALSE,0.00940950965429588,TRUE
11361,"Y",0.885595984920665,"Y",FALSE,0.114404015079335,TRUE
11369,"Y",0.995816248031739,"Y",FALSE,0.00418375196826093,TRUE
11448,"Y",0.186709828929194,"N",TRUE,0.813290171070806,FALSE
11589,"Y",0.511817901728886,"Y",FALSE,0.488182098271114,TRUE
11623,"Y",0.996736722585017,"Y",FALSE,0.00326327741498267,TRUE
11637,"Y",0.996430720028049,"Y",FALSE,0.00356927997195089,TRUE
11663,"Y",0.509259110285885,"Y",FALSE,0.490740889714115,TRUE
11664,"Y",0.956398699661048,"Y",FALSE,0.0436013003389516,TRUE
11665,"Y",0.625685248954151,"Y",FALSE,0.374314751045849,TRUE
11695,"Y",0.566308781577281,"Y",FALSE,0.433691218422719,TRUE
11705,"Y",0.0558766789086762,"N",TRUE,0.944123321091324,FALSE
11708,"Y",0.95247836207947,"Y",FALSE,0.0475216379205302,TRUE
11714,"Y",0.860243197909524,"Y",FALSE,0.139756802090476,TRUE
11729,"Y",0.985708280194977,"Y",FALSE,0.0142917198050228,TRUE
11731,"Y",0.399063565118224,"N",TRUE,0.600936434881776,FALSE
11816,"Y",0.834741477535139,"Y",FALSE,0.165258522464861,TRUE
11817,"Y",0.0551023855285257,"N",TRUE,0.944897614471474,FALSE
11821,"Y",0.505629807574448,"Y",FALSE,0.494370192425552,TRUE
10014,"Y",0.731190971397731,"Y",FALSE,0.268809028602269,TRUE
10027,"Y",0.188572675204204,"N",TRUE,0.811427324795796,FALSE
10068,"Y",0.29285999650937,"N",TRUE,0.707140003490631,FALSE
10095,"Y",0.960724471754273,"Y",FALSE,0.0392755282457272,TRUE
10138,"Y",0.916891408882968,"Y",FALSE,0.0831085911170321,TRUE
10169,"Y",0.98863254716808,"Y",FALSE,0.0113674528319204,TRUE
10192,"Y",0.960724471754273,"Y",FALSE,0.0392755282457272,TRUE
10256,"Y",0.971539657898051,"Y",FALSE,0.0284603421019487,TRUE
10285,"Y",0.990134984873402,"Y",FALSE,0.00986501512659821,TRUE
10294,"Y",0.951897706713276,"Y",FALSE,0.0481022932867243,TRUE
10300,"Y",0.831792017375067,"Y",FALSE,0.168207982624933,TRUE
10306,"Y",0.560275014162872,"Y",FALSE,0.439724985837128,TRUE
10324,"Y",0.749791960705892,"Y",FALSE,0.250208039294108,TRUE
10328,"Y",0.520506411421269,"Y",FALSE,0.479493588578731,TRUE
10340,"Y",0.940967846840766,"Y",FALSE,0.0590321531592344,TRUE
10349,"Y",0.925349997191325,"Y",FALSE,0.0746500028086747,TRUE
10360,"Y",0.826177344925114,"Y",FALSE,0.173822655074886,TRUE
10364,"Y",0.977752509861314,"Y",FALSE,0.0222474901386862,TRUE
10387,"Y",0.902499460519267,"Y",FALSE,0.0975005394807328,TRUE
10441,"Y",0.971144861078336,"Y",FALSE,0.0288551389216645,TRUE
10448,"Y",0.99117720582795,"Y",FALSE,0.00882279417204967,TRUE
10450,"Y",0.963682266109095,"Y",FALSE,0.0363177338909045,TRUE
10458,"Y",0.0319261147848247,"N",TRUE,0.968073885215175,FALSE
10480,"Y",0.997199168082878,"Y",FALSE,0.00280083191712155,TRUE
10712,"Y",0.986048734475143,"Y",FALSE,0.0139512655248575,TRUE
10713,"Y",0.893325345050845,"Y",FALSE,0.106674654949155,TRUE
10732,"Y",0.467024975738956,"N",TRUE,0.532975024261044,FALSE
10763,"Y",0.329084150574456,"N",TRUE,0.670915849425544,FALSE
10769,"Y",0.995604270595743,"Y",FALSE,0.0043957294042567,TRUE
10853,"Y",0.946554247261085,"Y",FALSE,0.0534457527389154,TRUE
10866,"Y",0.995604270595743,"Y",FALSE,0.0043957294042567,TRUE
10876,"Y",0.727263069120143,"Y",FALSE,0.272736930879857,TRUE
10942,"Y",0.46528702473279,"N",TRUE,0.53471297526721,FALSE
11430,"Y",0.991173813140302,"Y",FALSE,0.00882618685969772,TRUE
11535,"Y",0.0862252265517031,"N",TRUE,0.913774773448297,FALSE
11617,"Y",0.890173058739185,"Y",FALSE,0.109826941260815,TRUE
11621,"Y",0.825041772226857,"Y",FALSE,0.174958227773143,TRUE
11676,"Y",0.664964856587236,"Y",FALSE,0.335035143412764,TRUE
11707,"Y",0.674755044926761,"Y",FALSE,0.325244955073239,TRUE
11721,"Y",0.522770236549455,"Y",FALSE,0.477229763450545,TRUE
11738,"Y",0.522770236549455,"Y",FALSE,0.477229763450545,TRUE
11776,"Y",0.214418298836641,"N",TRUE,0.785581701163359,FALSE
11812,"Y",0.522770236549455,"Y",FALSE,0.477229763450545,TRUE
11830,"Y",0.566538857853194,"Y",FALSE,0.433461142146806,TRUE
11860,"Y",0.162792437019278,"N",TRUE,0.837207562980722,FALSE
10021,"Y",0.593150934742156,"Y",FALSE,0.406849065257844,TRUE
10045,"Y",0.398013878399252,"N",TRUE,0.601986121600748,FALSE
10073,"Y",0.94682491548424,"Y",FALSE,0.0531750845157596,TRUE
10089,"Y",0.679453383932408,"Y",FALSE,0.320546616067592,TRUE
10131,"Y",0.621657633674648,"Y",FALSE,0.378342366325352,TRUE
10151,"Y",0.894107710963943,"Y",FALSE,0.105892289036057,TRUE
10185,"Y",0.787612114346096,"Y",FALSE,0.212387885653904,TRUE
10189,"Y",0.988888206852065,"Y",FALSE,0.011111793147935,TRUE
10223,"Y",0.994037155269332,"Y",FALSE,0.00596284473066777,TRUE
10233,"Y",0.998486803533544,"Y",FALSE,0.00151319646645642,TRUE
10255,"Y",0.998486803533544,"Y",FALSE,0.00151319646645642,TRUE
10258,"Y",0.997817650061168,"Y",FALSE,0.00218234993883226,TRUE
10265,"Y",0.960800256475786,"Y",FALSE,0.0391997435242144,TRUE
10276,"Y",0.95264533683902,"Y",FALSE,0.0473546631609797,TRUE
10323,"Y",0.947300925998142,"Y",FALSE,0.0526990740018584,TRUE
10330,"Y",0.928849953922416,"Y",FALSE,0.0711500460775841,TRUE
10336,"Y",0.990297928619788,"Y",FALSE,0.00970207138021228,TRUE
10372,"Y",0.989979223917551,"Y",FALSE,0.0100207760824488,TRUE
10391,"Y",0.986200015833243,"Y",FALSE,0.0137999841667572,TRUE
10396,"Y",0.668015811590897,"Y",FALSE,0.331984188409103,TRUE
10402,"Y",0.968976898295465,"Y",FALSE,0.0310231017045354,TRUE
10407,"Y",0.811849944721234,"Y",FALSE,0.188150055278766,TRUE
10418,"Y",0.966390297782942,"Y",FALSE,0.0336097022170576,TRUE
10444,"Y",0.980554030814553,"Y",FALSE,0.0194459691854466,TRUE
10464,"Y",0.98628600605234,"Y",FALSE,0.0137139939476602,TRUE
10479,"Y",0.982373513167091,"Y",FALSE,0.0176264868329092,TRUE
10487,"Y",0.960800256475786,"Y",FALSE,0.0391997435242144,TRUE
10493,"Y",0.974341849036982,"Y",FALSE,0.0256581509630184,TRUE
10496,"Y",0.711859913775078,"Y",FALSE,0.288140086224922,TRUE
10505,"Y",0.989979223917551,"Y",FALSE,0.0100207760824488,TRUE
10515,"Y",0.499552454057342,"N",TRUE,0.500447545942658,FALSE
10561,"Y",0.994769257884782,"Y",FALSE,0.00523074211521779,TRUE
10562,"Y",0.716408146344915,"Y",FALSE,0.283591853655085,TRUE
10588,"Y",0.73389324046012,"Y",FALSE,0.26610675953988,TRUE
10589,"Y",0.761891641371022,"Y",FALSE,0.238108358628978,TRUE
10599,"Y",0.962128417375654,"Y",FALSE,0.0378715826243459,TRUE
10620,"Y",0.989309034444483,"Y",FALSE,0.0106909655555167,TRUE
10623,"Y",0.970046191031379,"Y",FALSE,0.0299538089686207,TRUE
10627,"Y",0.613871941372997,"Y",FALSE,0.386128058627003,TRUE
10631,"Y",0.966074279042123,"Y",FALSE,0.0339257209578767,TRUE
10659,"Y",0.968976898295465,"Y",FALSE,0.0310231017045354,TRUE
10666,"Y",0.972958551820189,"Y",FALSE,0.0270414481798106,TRUE
10701,"Y",0.366576804094802,"N",TRUE,0.633423195905198,FALSE
10714,"Y",0.570436420519153,"Y",FALSE,0.429563579480847,TRUE
10758,"Y",0.998486803533544,"Y",FALSE,0.00151319646645642,TRUE
10781,"Y",0.973364328616904,"Y",FALSE,0.0266356713830955,TRUE
10802,"Y",0.998486803533544,"Y",FALSE,0.00151319646645642,TRUE
10844,"Y",0.998434984700491,"Y",FALSE,0.00156501529950948,TRUE
10863,"Y",0.934126575894408,"Y",FALSE,0.0658734241055924,TRUE
10899,"Y",0.997617482123658,"Y",FALSE,0.00238251787634247,TRUE
10902,"Y",0.348347192721595,"N",TRUE,0.651652807278405,FALSE
10918,"Y",0.896520059887054,"Y",FALSE,0.103479940112946,TRUE
10937,"Y",0.940365323945399,"Y",FALSE,0.0596346760546015,TRUE
10971,"Y",0.0870770588834479,"N",TRUE,0.912922941116552,FALSE
11025,"Y",0.533939361939486,"Y",FALSE,0.466060638060514,TRUE
11036,"Y",0.0740520671927227,"N",TRUE,0.925947932807277,FALSE
11107,"Y",0.73733671648077,"Y",FALSE,0.26266328351923,TRUE
11158,"Y",0.248076371538759,"N",TRUE,0.751923628461241,FALSE
11289,"Y",0.997965414100475,"Y",FALSE,0.00203458589952488,TRUE
11313,"Y",0.99502786780364,"Y",FALSE,0.00497213219635984,TRUE
11353,"Y",0.764693138526644,"Y",FALSE,0.235306861473356,TRUE
11400,"Y",0.461030990335018,"N",TRUE,0.538969009664982,FALSE
11476,"Y",0.491159289107022,"N",TRUE,0.508840710892978,FALSE
11607,"Y",0.852068275208394,"Y",FALSE,0.147931724791606,TRUE
11620,"Y",0.775490091453491,"Y",FALSE,0.224509908546509,TRUE
11630,"Y",0.84751097572057,"Y",FALSE,0.15248902427943,TRUE
11648,"Y",0.59957863410409,"Y",FALSE,0.40042136589591,TRUE
11650,"Y",0.955635707808247,"Y",FALSE,0.0443642921917533,TRUE
11681,"Y",0.956492299472423,"Y",FALSE,0.0435077005275774,TRUE
11725,"Y",0.323053264365357,"N",TRUE,0.676946735634643,FALSE
11737,"Y",0.793279814920551,"Y",FALSE,0.206720185079449,TRUE
11810,"Y",0.888970592456802,"Y",FALSE,0.111029407543198,TRUE
11852,"Y",0.744262099148353,"Y",FALSE,0.255737900851647,TRUE
10031,"Y",0.541256642916597,"Y",FALSE,0.458743357083403,TRUE
10037,"Y",0.300003165443808,"N",TRUE,0.699996834556192,FALSE
10098,"Y",0.963838602972669,"Y",FALSE,0.0361613970273311,TRUE
10147,"Y",0.577316813532001,"Y",FALSE,0.422683186467999,TRUE
10214,"Y",0.964442920164394,"Y",FALSE,0.0355570798356057,TRUE
10218,"Y",0.71664392692898,"Y",FALSE,0.28335607307102,TRUE
10247,"Y",0.996686186902345,"Y",FALSE,0.00331381309765488,TRUE
10268,"Y",0.959212195442259,"Y",FALSE,0.0407878045577412,TRUE
10271,"Y",0.578662171930449,"Y",FALSE,0.421337828069551,TRUE
10289,"Y",0.957427823671216,"Y",FALSE,0.0425721763287841,TRUE
10292,"Y",0.998533197242492,"Y",FALSE,0.0014668027575081,TRUE
10356,"Y",0.976280682845105,"Y",FALSE,0.0237193171548947,TRUE
10579,"Y",0.982362219640768,"Y",FALSE,0.0176377803592319,TRUE
10624,"Y",0.95529704006594,"Y",FALSE,0.0447029599340596,TRUE
10678,"Y",0.770017748599995,"Y",FALSE,0.229982251400005,TRUE
10686,"Y",0.386825943235973,"N",TRUE,0.613174056764027,FALSE
10715,"Y",0.56687923729686,"Y",FALSE,0.43312076270314,TRUE
10720,"Y",0.992789978311793,"Y",FALSE,0.00721002168820728,TRUE
10729,"Y",0.985886748411165,"Y",FALSE,0.0141132515888347,TRUE
10756,"Y",0.305479421969014,"N",TRUE,0.694520578030986,FALSE
10761,"Y",0.998533197242492,"Y",FALSE,0.0014668027575081,TRUE
10880,"Y",0.686570679342848,"Y",FALSE,0.313429320657152,TRUE
10901,"Y",0.790133336548342,"Y",FALSE,0.209866663451658,TRUE
10974,"Y",0.152312041245376,"N",TRUE,0.847687958754624,FALSE
11100,"Y",0.815258409987714,"Y",FALSE,0.184741590012286,TRUE
11125,"Y",0.073193224201774,"N",TRUE,0.926806775798226,FALSE
11627,"Y",0.821121765689358,"Y",FALSE,0.178878234310642,TRUE
11635,"Y",0.96104497118648,"Y",FALSE,0.0389550288135196,TRUE
10011,"Y",0.262846380517285,"N",TRUE,0.737153619482715,FALSE
10049,"Y",0.83784758600654,"Y",FALSE,0.16215241399346,TRUE
10125,"Y",0.854352767270531,"Y",FALSE,0.145647232729469,TRUE
10137,"Y",0.685712523829463,"Y",FALSE,0.314287476170537,TRUE
10311,"Y",0.962505799511021,"Y",FALSE,0.037494200488979,TRUE
10332,"Y",0.168625652014547,"N",TRUE,0.831374347985453,FALSE
10425,"Y",0.734064619344672,"Y",FALSE,0.265935380655328,TRUE
10445,"Y",0.979027608524039,"Y",FALSE,0.0209723914759606,TRUE
10501,"Y",0.561340548747832,"Y",FALSE,0.438659451252168,TRUE
10502,"Y",0.971699489305596,"Y",FALSE,0.0283005106944039,TRUE
10633,"Y",0.856390380988222,"Y",FALSE,0.143609619011778,TRUE
10669,"Y",0.99848328926232,"Y",FALSE,0.00151671073768,TRUE
10702,"Y",0.990189302805715,"Y",FALSE,0.00981069719428529,TRUE
10703,"Y",0.57134993356842,"Y",FALSE,0.42865006643158,TRUE
10704,"Y",0.99848328926232,"Y",FALSE,0.00151671073768,TRUE
10790,"Y",0.935300631601634,"Y",FALSE,0.0646993683983659,TRUE
10858,"Y",0.805870263065948,"Y",FALSE,0.194129736934052,TRUE
10920,"Y",0.194981734939406,"N",TRUE,0.805018265060594,FALSE
11086,"Y",0.59736827935761,"Y",FALSE,0.40263172064239,TRUE
11236,"Y",0.99851635474247,"Y",FALSE,0.00148364525753042,TRUE
11421,"Y",0.197015871734243,"N",TRUE,0.802984128265757,FALSE
11477,"Y",0.987715306209388,"Y",FALSE,0.012284693790612,TRUE
11581,"Y",0.147987627474705,"N",TRUE,0.852012372525295,FALSE
11582,"Y",0.329079710215024,"N",TRUE,0.670920289784976,FALSE
11603,"Y",0.972799603645637,"Y",FALSE,0.0272003963543631,TRUE
11638,"Y",0.971597672725311,"Y",FALSE,0.0284023272746886,TRUE
11655,"Y",0.96806405023186,"Y",FALSE,0.0319359497681404,TRUE
11744,"Y",0.909155645998521,"Y",FALSE,0.0908443540014795,TRUE
11784,"Y",0.400038548041088,"N",TRUE,0.599961451958912,FALSE
11805,"Y",0.26517857041548,"N",TRUE,0.73482142958452,FALSE
11808,"Y",0.998971266770735,"Y",FALSE,0.00102873322926511,TRUE
11831,"Y",0.998387860661674,"Y",FALSE,0.00161213933832616,TRUE
10030,"Y",0.342821137335907,"N",TRUE,0.657178862664093,FALSE
10034,"Y",0.996425301287334,"Y",FALSE,0.00357469871266602,TRUE
10050,"Y",0.721558768117689,"Y",FALSE,0.278441231882311,TRUE
10080,"Y",0.725687252811413,"Y",FALSE,0.274312747188587,TRUE
10109,"Y",0.167341174617573,"N",TRUE,0.832658825382427,FALSE
10114,"Y",0.640976503903897,"Y",FALSE,0.359023496096103,TRUE
10119,"Y",0.589849925415794,"Y",FALSE,0.410150074584206,TRUE
10183,"Y",0.257244822212455,"N",TRUE,0.742755177787545,FALSE
10205,"Y",0.149775393935,"N",TRUE,0.850224606065,FALSE
10208,"Y",0.204850856753692,"N",TRUE,0.795149143246308,FALSE
10277,"Y",0.219456885187589,"N",TRUE,0.780543114812411,FALSE
10304,"Y",0.184807033507927,"N",TRUE,0.815192966492073,FALSE
10353,"Y",0.391129298935815,"N",TRUE,0.608870701064185,FALSE
10363,"Y",0.866944485892303,"Y",FALSE,0.133055514107697,TRUE
10449,"Y",0.333378922872509,"N",TRUE,0.666621077127491,FALSE
10468,"Y",0.794475456311119,"Y",FALSE,0.205524543688881,TRUE
10486,"Y",0.99787901350106,"Y",FALSE,0.00212098649893977,TRUE
10490,"Y",0.246871729841506,"N",TRUE,0.753128270158494,FALSE
10533,"Y",0.989132080611941,"Y",FALSE,0.0108679193880585,TRUE
10571,"Y",0.828792816185537,"Y",FALSE,0.171207183814463,TRUE
10576,"Y",0.797179153018911,"Y",FALSE,0.202820846981089,TRUE
10580,"Y",0.984506086772918,"Y",FALSE,0.0154939132270816,TRUE
10584,"Y",0.855213898982447,"Y",FALSE,0.144786101017553,TRUE
10656,"Y",0.605247388332477,"Y",FALSE,0.394752611667523,TRUE
10755,"Y",0.632310824725912,"Y",FALSE,0.367689175274088,TRUE
10768,"Y",0.992837608073359,"Y",FALSE,0.00716239192664125,TRUE
10812,"Y",0.983912801080299,"Y",FALSE,0.016087198919701,TRUE
10830,"Y",0.980280083381247,"Y",FALSE,0.0197199166187529,TRUE
10912,"Y",0.942137579651487,"Y",FALSE,0.0578624203485126,TRUE
11017,"Y",0.229794712525088,"N",TRUE,0.770205287474912,FALSE
11099,"Y",0.996144569631555,"Y",FALSE,0.00385543036844482,TRUE
11231,"Y",0.998838915026851,"Y",FALSE,0.00116108497314915,TRUE
11416,"Y",0.995054356218958,"Y",FALSE,0.00494564378104223,TRUE
11422,"Y",0.99759082646928,"Y",FALSE,0.00240917353072034,TRUE
11474,"Y",0.952573416572296,"Y",FALSE,0.0474265834277042,TRUE
11605,"Y",0.0610057426401464,"N",TRUE,0.938994257359854,FALSE
11645,"Y",0.998121170853907,"Y",FALSE,0.00187882914609272,TRUE
11730,"Y",0.940025075491967,"Y",FALSE,0.0599749245080332,TRUE
10019,"Y",0.671407270355468,"Y",FALSE,0.328592729644532,TRUE
10051,"Y",0.073374869648725,"N",TRUE,0.926625130351275,FALSE
10253,"Y",0.977394278395102,"Y",FALSE,0.0226057216048985,TRUE
10297,"Y",0.94945008368564,"Y",FALSE,0.0505499163143602,TRUE
10381,"Y",0.541529907063058,"Y",FALSE,0.458470092936942,TRUE
10535,"Y",0.340636035036349,"N",TRUE,0.659363964963651,FALSE
10773,"Y",0.996726750853221,"Y",FALSE,0.00327324914677862,TRUE
10778,"Y",0.827313150740562,"Y",FALSE,0.172686849259438,TRUE
10792,"Y",0.123517326803988,"N",TRUE,0.876482673196012,FALSE
10794,"Y",0.433595019606538,"N",TRUE,0.566404980393462,FALSE
10803,"Y",0.372995103740471,"N",TRUE,0.627004896259529,FALSE
10814,"Y",0.72240343867678,"Y",FALSE,0.27759656132322,TRUE
10827,"Y",0.737573640103085,"Y",FALSE,0.262426359896915,TRUE
10926,"Y",0.890777643167707,"Y",FALSE,0.109222356832293,TRUE
10935,"Y",0.0786638254731145,"N",TRUE,0.921336174526886,FALSE
10976,"Y",0.904432680413243,"Y",FALSE,0.0955673195867567,TRUE
11053,"Y",0.975210052292985,"Y",FALSE,0.024789947707015,TRUE
11064,"Y",0.983309783843379,"Y",FALSE,0.0166902161566208,TRUE
11066,"Y",0.594491758252681,"Y",FALSE,0.405508241747319,TRUE
11115,"Y",0.996828094483723,"Y",FALSE,0.00317190551627733,TRUE
11165,"Y",0.98702155716573,"Y",FALSE,0.0129784428342699,TRUE
11225,"Y",0.228493474790242,"N",TRUE,0.771506525209758,FALSE
11249,"Y",0.996313730036549,"Y",FALSE,0.00368626996345145,TRUE
11286,"Y",0.628166097844028,"Y",FALSE,0.371833902155972,TRUE
11293,"Y",0.715586188409163,"Y",FALSE,0.284413811590837,TRUE
11295,"Y",0.625609611616831,"Y",FALSE,0.374390388383169,TRUE
11300,"Y",0.115209094203993,"N",TRUE,0.884790905796007,FALSE
11350,"Y",0.318038675852061,"N",TRUE,0.681961324147939,FALSE
11414,"Y",0.996776152311157,"Y",FALSE,0.00322384768884254,TRUE
11688,"Y",0.957515653393365,"Y",FALSE,0.0424843466066347,TRUE
11759,"Y",0.621731296556437,"Y",FALSE,0.378268703443563,TRUE
11855,"Y",0.27837603960119,"N",TRUE,0.72162396039881,FALSE
10007,"Y",0.962447109212146,"Y",FALSE,0.0375528907878538,TRUE
10075,"Y",0.918546479690815,"Y",FALSE,0.0814535203091845,TRUE
10113,"Y",0.359149966581656,"N",TRUE,0.640850033418344,FALSE
10123,"Y",0.369041582753843,"N",TRUE,0.630958417246157,FALSE
10159,"Y",0.221178576640852,"N",TRUE,0.778821423359148,FALSE
10179,"Y",0.584696474644528,"Y",FALSE,0.415303525355472,TRUE
10196,"Y",0.967682946717259,"Y",FALSE,0.0323170532827414,TRUE
10248,"Y",0.354497526653576,"N",TRUE,0.645502473346424,FALSE
10273,"Y",0.490487560735292,"N",TRUE,0.509512439264708,FALSE
10310,"Y",0.791513524979623,"Y",FALSE,0.208486475020377,TRUE
10326,"Y",0.971967342328574,"Y",FALSE,0.0280326576714257,TRUE
10354,"Y",0.976633268226724,"Y",FALSE,0.0233667317732755,TRUE
10368,"Y",0.4807778553132,"N",TRUE,0.5192221446868,FALSE
10375,"Y",0.109278247593789,"N",TRUE,0.890721752406211,FALSE
10392,"Y",0.944778953656475,"Y",FALSE,0.0552210463435251,TRUE
10460,"Y",0.997594610956668,"Y",FALSE,0.00240538904333198,TRUE
10476,"Y",0.976424344057847,"Y",FALSE,0.0235756559421527,TRUE
10481,"Y",0.995570043986487,"Y",FALSE,0.00442995601351259,TRUE
10492,"Y",0.971967342328574,"Y",FALSE,0.0280326576714257,TRUE
10558,"Y",0.997594610956668,"Y",FALSE,0.00240538904333198,TRUE
10618,"Y",0.509808434658429,"Y",FALSE,0.490191565341571,TRUE
10662,"Y",0.507249198499689,"Y",FALSE,0.492750801500311,TRUE
10689,"Y",0.0637241958795499,"N",TRUE,0.93627580412045,FALSE
10693,"Y",0.0983276366621452,"N",TRUE,0.901672363337855,FALSE
10734,"Y",0.915070299870724,"Y",FALSE,0.0849297001292763,TRUE
10799,"Y",0.425801127752707,"N",TRUE,0.574198872247293,FALSE
10832,"Y",0.302870972326756,"N",TRUE,0.697129027673244,FALSE
10870,"Y",0.176733779479608,"N",TRUE,0.823266220520392,FALSE
10872,"Y",0.274815491106767,"N",TRUE,0.725184508893233,FALSE
10905,"Y",0.908152696786632,"Y",FALSE,0.0918473032133683,TRUE
10957,"Y",0.23256428540245,"N",TRUE,0.76743571459755,FALSE
11005,"Y",0.58836734615547,"Y",FALSE,0.41163265384453,TRUE
11061,"Y",0.359457133969076,"N",TRUE,0.640542866030924,FALSE
11085,"Y",0.904902227435275,"Y",FALSE,0.0950977725647246,TRUE
11173,"Y",0.453797033922709,"N",TRUE,0.546202966077291,FALSE
11245,"Y",0.986971687008665,"Y",FALSE,0.0130283129913349,TRUE
11256,"Y",0.997143083369694,"Y",FALSE,0.00285691663030574,TRUE
11420,"Y",0.0677093496246508,"N",TRUE,0.932290650375349,FALSE
11514,"Y",0.0339908428589449,"N",TRUE,0.966009157141055,FALSE
11518,"Y",0.0679257828594474,"N",TRUE,0.932074217140553,FALSE
11520,"Y",0.064645302001512,"N",TRUE,0.935354697998488,FALSE
11521,"Y",0.259664649047585,"N",TRUE,0.740335350952415,FALSE
11530,"Y",0.345217611959731,"N",TRUE,0.654782388040269,FALSE
11601,"Y",0.577428410817806,"Y",FALSE,0.422571589182194,TRUE
11628,"Y",0.947581144664524,"Y",FALSE,0.0524188553354763,TRUE
11632,"Y",0.943497078477123,"Y",FALSE,0.0565029215228773,TRUE
11636,"Y",0.971400361410983,"Y",FALSE,0.0285996385890166,TRUE
11653,"Y",0.994523553678347,"Y",FALSE,0.00547644632165289,TRUE
11656,"Y",0.993184994523256,"Y",FALSE,0.00681500547674441,TRUE
11660,"Y",0.936101856331498,"Y",FALSE,0.0638981436685022,TRUE
11701,"Y",0.64231274578516,"Y",FALSE,0.35768725421484,TRUE
11716,"Y",0.981892745422292,"Y",FALSE,0.0181072545777079,TRUE
11723,"Y",0.850154497149621,"Y",FALSE,0.149845502850379,TRUE
11766,"Y",0.984538217964004,"Y",FALSE,0.0154617820359962,TRUE
11773,"Y",0.68063322424911,"Y",FALSE,0.31936677575089,TRUE
11820,"Y",0.649502052595194,"Y",FALSE,0.350497947404806,TRUE
11829,"Y",0.938637967762022,"Y",FALSE,0.0613620322379784,TRUE
10056,"Y",0.978690042462558,"Y",FALSE,0.0213099575374421,TRUE
10143,"Y",0.932123151475069,"Y",FALSE,0.0678768485249308,TRUE
10161,"Y",0.240392312641897,"N",TRUE,0.759607687358103,FALSE
10337,"Y",0.990836317507475,"Y",FALSE,0.00916368249252508,TRUE
10447,"Y",0.743347521134552,"Y",FALSE,0.256652478865448,TRUE
10509,"Y",0.692639325015767,"Y",FALSE,0.307360674984233,TRUE
10524,"Y",0.195759497405857,"N",TRUE,0.804240502594143,FALSE
10538,"Y",0.793203736346217,"Y",FALSE,0.206796263653783,TRUE
10634,"Y",0.769018476100592,"Y",FALSE,0.230981523899408,TRUE
10636,"Y",0.566571723055208,"Y",FALSE,0.433428276944792,TRUE
10652,"Y",0.636977080435018,"Y",FALSE,0.363022919564982,TRUE
10653,"Y",0.428966864083831,"N",TRUE,0.571033135916169,FALSE
10672,"Y",0.981716730561012,"Y",FALSE,0.0182832694389879,TRUE
10795,"Y",0.614976955184772,"Y",FALSE,0.385023044815228,TRUE
10823,"Y",0.623724938819111,"Y",FALSE,0.376275061180889,TRUE
10843,"Y",0.751475168418989,"Y",FALSE,0.248524831581011,TRUE
10860,"Y",0.954819678925683,"Y",FALSE,0.0451803210743167,TRUE
10962,"Y",0.259067965531097,"N",TRUE,0.740932034468903,FALSE
11117,"Y",0.98468082333593,"Y",FALSE,0.0153191766640705,TRUE
11167,"Y",0.719387399125739,"Y",FALSE,0.280612600874261,TRUE
11368,"Y",0.99375956531047,"Y",FALSE,0.00624043468952995,TRUE
11555,"Y",0.496260411490415,"N",TRUE,0.503739588509585,FALSE
11652,"Y",0.886866559667383,"Y",FALSE,0.113133440332617,TRUE
11736,"Y",0.990774083388705,"Y",FALSE,0.00922591661129513,TRUE
10177,"Y",0.884769139442546,"Y",FALSE,0.115230860557454,TRUE
10227,"Y",0.69352987575352,"Y",FALSE,0.30647012424648,TRUE
10280,"Y",0.66260560465953,"Y",FALSE,0.33739439534047,TRUE
10410,"Y",0.127471301318149,"N",TRUE,0.872528698681851,FALSE
10459,"Y",0.994430594696782,"Y",FALSE,0.00556940530321848,TRUE
10462,"Y",0.884122537249133,"Y",FALSE,0.115877462750867,TRUE
10635,"Y",0.948934529574686,"Y",FALSE,0.051065470425314,TRUE
10816,"Y",0.968835367952203,"Y",FALSE,0.0311646320477972,TRUE
10846,"Y",0.0566137351395783,"N",TRUE,0.943386264860422,FALSE
10898,"Y",0.97211951489207,"Y",FALSE,0.0278804851079296,TRUE
10961,"Y",0.112603662612612,"N",TRUE,0.887396337387389,FALSE
11279,"Y",0.542473130650228,"Y",FALSE,0.457526869349772,TRUE
11525,"Y",0.333649258599867,"N",TRUE,0.666350741400133,FALSE
