"UniqueID","sold.fctr","sold.fctr.predict.All.X.glmnet.prob","sold.fctr.predict.All.X.glmnet","sold.fctr.predict.All.X.glmnet.err","sold.fctr.predict.All.X.glmnet.err.abs","sold.fctr.predict.All.X.glmnet.accurate"
10066,"N",0.0223157382526042,"N",FALSE,0.0223157382526042,TRUE
10094,"N",0.518284033822932,"Y",TRUE,0.518284033822932,FALSE
10199,"N",0.986936876102148,"Y",TRUE,0.986936876102148,FALSE
10244,"N",0.121074623988575,"N",FALSE,0.121074623988575,TRUE
10386,"N",0.170510216727246,"N",FALSE,0.170510216727246,TRUE
10451,"N",0.487594160927153,"Y",TRUE,0.487594160927153,FALSE
10537,"N",0.190987313336279,"N",FALSE,0.190987313336279,TRUE
10602,"N",0.0263678843952195,"N",FALSE,0.0263678843952195,TRUE
10651,"N",0.0147580087799174,"N",FALSE,0.0147580087799174,TRUE
10676,"N",0.117441944831747,"N",FALSE,0.117441944831747,TRUE
10690,"N",0.454171767628338,"Y",TRUE,0.454171767628338,FALSE
10807,"N",0.530085121120004,"Y",TRUE,0.530085121120004,FALSE
10829,"N",0.0164645204106346,"N",FALSE,0.0164645204106346,TRUE
10921,"N",0.0117307065870652,"N",FALSE,0.0117307065870652,TRUE
11000,"N",0.0484497843690424,"N",FALSE,0.0484497843690424,TRUE
11029,"N",0.0267408851375115,"N",FALSE,0.0267408851375115,TRUE
11031,"N",0.315940570834634,"Y",TRUE,0.315940570834634,FALSE
11077,"N",0.0230477555919148,"N",FALSE,0.0230477555919148,TRUE
11159,"N",0.0783149682476676,"N",FALSE,0.0783149682476676,TRUE
11187,"N",0.0020567341131295,"N",FALSE,0.0020567341131295,TRUE
11266,"N",0.00323902611577419,"N",FALSE,0.00323902611577419,TRUE
11282,"N",0.0216393776632698,"N",FALSE,0.0216393776632698,TRUE
11294,"N",0.118989039144871,"N",FALSE,0.118989039144871,TRUE
11307,"N",0.018757944586643,"N",FALSE,0.018757944586643,TRUE
11335,"N",0.0784454827729275,"N",FALSE,0.0784454827729275,TRUE
11357,"N",0.253286642773813,"N",FALSE,0.253286642773813,TRUE
11386,"N",0.261432425497389,"N",FALSE,0.261432425497389,TRUE
11389,"N",0.40107401344541,"Y",TRUE,0.40107401344541,FALSE
11403,"N",0.14111275426142,"N",FALSE,0.14111275426142,TRUE
11404,"N",0.0874457834873311,"N",FALSE,0.0874457834873311,TRUE
11418,"N",0.00716593411945102,"N",FALSE,0.00716593411945102,TRUE
11419,"N",0.0298864739924293,"N",FALSE,0.0298864739924293,TRUE
11423,"N",0.0034021027037486,"N",FALSE,0.0034021027037486,TRUE
11437,"N",0.223872956033838,"N",FALSE,0.223872956033838,TRUE
11449,"N",0.195509578410236,"N",FALSE,0.195509578410236,TRUE
11450,"N",0.0347935178110799,"N",FALSE,0.0347935178110799,TRUE
11454,"N",0.12346069691085,"N",FALSE,0.12346069691085,TRUE
11465,"N",0.0342012387469269,"N",FALSE,0.0342012387469269,TRUE
11466,"N",0.0332672231955771,"N",FALSE,0.0332672231955771,TRUE
11478,"N",0.037863043236168,"N",FALSE,0.037863043236168,TRUE
11550,"N",0.161218722074661,"N",FALSE,0.161218722074661,TRUE
11574,"N",0.302782854307747,"Y",TRUE,0.302782854307747,FALSE
11587,"N",0.000786012366421955,"N",FALSE,0.000786012366421955,TRUE
11591,"N",0.264799573540423,"N",FALSE,0.264799573540423,TRUE
11597,"N",0.508172004787701,"Y",TRUE,0.508172004787701,FALSE
11602,"N",0.571506458738418,"Y",TRUE,0.571506458738418,FALSE
11606,"N",0.00639312582699058,"N",FALSE,0.00639312582699058,TRUE
11700,"N",0.617972143725105,"Y",TRUE,0.617972143725105,FALSE
11748,"N",0.771709661979931,"Y",TRUE,0.771709661979931,FALSE
11761,"N",0.530116579276793,"Y",TRUE,0.530116579276793,FALSE
11765,"N",0.0274334008882175,"N",FALSE,0.0274334008882175,TRUE
11767,"N",0.439126317627047,"Y",TRUE,0.439126317627047,FALSE
11796,"N",0.53682071554817,"Y",TRUE,0.53682071554817,FALSE
11811,"N",0.701000241397335,"Y",TRUE,0.701000241397335,FALSE
11836,"N",0.91519602692096,"Y",TRUE,0.91519602692096,FALSE
10012,"N",0.027015055219032,"N",FALSE,0.027015055219032,TRUE
10054,"N",0.503075177197139,"Y",TRUE,0.503075177197139,FALSE
10082,"N",0.269247107938099,"N",FALSE,0.269247107938099,TRUE
10106,"N",0.0393709079492407,"N",FALSE,0.0393709079492407,TRUE
10127,"N",0.72220248455902,"Y",TRUE,0.72220248455902,FALSE
10168,"N",0.0415489953299215,"N",FALSE,0.0415489953299215,TRUE
10283,"N",0.951577617630246,"Y",TRUE,0.951577617630246,FALSE
10317,"N",0.176669246743095,"N",FALSE,0.176669246743095,TRUE
10366,"N",0.508674435988237,"Y",TRUE,0.508674435988237,FALSE
10382,"N",0.686595730464205,"Y",TRUE,0.686595730464205,FALSE
10466,"N",0.457870510289617,"Y",TRUE,0.457870510289617,FALSE
10512,"N",0.664875608634662,"Y",TRUE,0.664875608634662,FALSE
10526,"N",0.690952117663521,"Y",TRUE,0.690952117663521,FALSE
10564,"N",0.812103710897218,"Y",TRUE,0.812103710897218,FALSE
10568,"N",0.487166561332292,"Y",TRUE,0.487166561332292,FALSE
10581,"N",0.899666943596523,"Y",TRUE,0.899666943596523,FALSE
10603,"N",0.593876666078006,"Y",TRUE,0.593876666078006,FALSE
10645,"N",0.427585964355669,"Y",TRUE,0.427585964355669,FALSE
10687,"N",0.836064103257715,"Y",TRUE,0.836064103257715,FALSE
10735,"N",0.619414063609554,"Y",TRUE,0.619414063609554,FALSE
10743,"N",0.952883093104072,"Y",TRUE,0.952883093104072,FALSE
10801,"N",0.103898476103621,"N",FALSE,0.103898476103621,TRUE
10841,"N",0.523447262259144,"Y",TRUE,0.523447262259144,FALSE
10955,"N",0.702923006882178,"Y",TRUE,0.702923006882178,FALSE
10959,"N",0.203516462948307,"N",FALSE,0.203516462948307,TRUE
10996,"N",0.00332270172371166,"N",FALSE,0.00332270172371166,TRUE
11009,"N",0.390459273115856,"Y",TRUE,0.390459273115856,FALSE
11050,"N",0.501381739739465,"Y",TRUE,0.501381739739465,FALSE
11076,"N",0.52441081960277,"Y",TRUE,0.52441081960277,FALSE
11080,"N",0.485272409652486,"Y",TRUE,0.485272409652486,FALSE
11082,"N",0.387984208954436,"Y",TRUE,0.387984208954436,FALSE
11114,"N",0.197462861489083,"N",FALSE,0.197462861489083,TRUE
11116,"N",0.122847977206016,"N",FALSE,0.122847977206016,TRUE
11152,"N",0.00162033992305446,"N",FALSE,0.00162033992305446,TRUE
11163,"N",0.635767152893011,"Y",TRUE,0.635767152893011,FALSE
11202,"N",0.0401074730809911,"N",FALSE,0.0401074730809911,TRUE
11240,"N",0.0489834873083072,"N",FALSE,0.0489834873083072,TRUE
11280,"N",0.43807874563874,"Y",TRUE,0.43807874563874,FALSE
11305,"N",0.000423960577943109,"N",FALSE,0.000423960577943109,TRUE
11309,"N",0.129984075060242,"N",FALSE,0.129984075060242,TRUE
11316,"N",0.281887531630884,"N",FALSE,0.281887531630884,TRUE
11439,"N",0.115139816168242,"N",FALSE,0.115139816168242,TRUE
11447,"N",0.00839816079257869,"N",FALSE,0.00839816079257869,TRUE
11575,"N",0.0489913799261332,"N",FALSE,0.0489913799261332,TRUE
11622,"N",0.770578250345264,"Y",TRUE,0.770578250345264,FALSE
11696,"N",0.451372803211762,"Y",TRUE,0.451372803211762,FALSE
11724,"N",0.00128258345599896,"N",FALSE,0.00128258345599896,TRUE
11775,"N",0.333481116399974,"Y",TRUE,0.333481116399974,FALSE
11806,"N",0.164040606116896,"N",FALSE,0.164040606116896,TRUE
11848,"N",0.0300149974179543,"N",FALSE,0.0300149974179543,TRUE
10023,"N",0.309214364579844,"Y",TRUE,0.309214364579844,FALSE
10088,"N",0.0754859258329458,"N",FALSE,0.0754859258329458,TRUE
10129,"N",0.455074876804721,"Y",TRUE,0.455074876804721,FALSE
10132,"N",0.412054242356167,"Y",TRUE,0.412054242356167,FALSE
10149,"N",0.448401264405443,"Y",TRUE,0.448401264405443,FALSE
10191,"N",0.106411933688395,"N",FALSE,0.106411933688395,TRUE
10235,"N",0.327881797647708,"Y",TRUE,0.327881797647708,FALSE
10252,"N",0.303288794347074,"Y",TRUE,0.303288794347074,FALSE
10274,"N",0.341723183240099,"Y",TRUE,0.341723183240099,FALSE
10282,"N",0.218494608720724,"N",FALSE,0.218494608720724,TRUE
10409,"N",0.452500589071369,"Y",TRUE,0.452500589071369,FALSE
10432,"N",0.084654822454372,"N",FALSE,0.084654822454372,TRUE
10503,"N",0.351728330634935,"Y",TRUE,0.351728330634935,FALSE
10518,"N",0.370619629194357,"Y",TRUE,0.370619629194357,FALSE
10522,"N",0.289969857503797,"N",FALSE,0.289969857503797,TRUE
10539,"N",0.409795139778887,"Y",TRUE,0.409795139778887,FALSE
10560,"N",0.0357882738622857,"N",FALSE,0.0357882738622857,TRUE
10567,"N",0.885380851245643,"Y",TRUE,0.885380851245643,FALSE
10591,"N",0.343069965220715,"Y",TRUE,0.343069965220715,FALSE
10596,"N",0.463928266203279,"Y",TRUE,0.463928266203279,FALSE
10649,"N",0.0228351364635839,"N",FALSE,0.0228351364635839,TRUE
10665,"N",0.140822168236034,"N",FALSE,0.140822168236034,TRUE
10673,"N",0.0485590179722295,"N",FALSE,0.0485590179722295,TRUE
10681,"N",0.382691092438263,"Y",TRUE,0.382691092438263,FALSE
10709,"N",0.0648598359174587,"N",FALSE,0.0648598359174587,TRUE
10751,"N",0.0696639687395769,"N",FALSE,0.0696639687395769,TRUE
10785,"N",0.593371480609768,"Y",TRUE,0.593371480609768,FALSE
10836,"N",0.342857718544997,"Y",TRUE,0.342857718544997,FALSE
10893,"N",0.657008678527276,"Y",TRUE,0.657008678527276,FALSE
10916,"N",0.453116916906067,"Y",TRUE,0.453116916906067,FALSE
10928,"N",0.382864298436977,"Y",TRUE,0.382864298436977,FALSE
10978,"N",0.0968245969201988,"N",FALSE,0.0968245969201988,TRUE
11022,"N",0.0510985113875829,"N",FALSE,0.0510985113875829,TRUE
11024,"N",0.0323854382479795,"N",FALSE,0.0323854382479795,TRUE
11032,"N",0.0348993526883323,"N",FALSE,0.0348993526883323,TRUE
11044,"N",0.327335458460415,"Y",TRUE,0.327335458460415,FALSE
11048,"N",0.463941006690512,"Y",TRUE,0.463941006690512,FALSE
11081,"N",0.390811043851668,"Y",TRUE,0.390811043851668,FALSE
11091,"N",0.261111821166543,"N",FALSE,0.261111821166543,TRUE
11103,"N",0.0782765007376035,"N",FALSE,0.0782765007376035,TRUE
11157,"N",0.50522852437926,"Y",TRUE,0.50522852437926,FALSE
11161,"N",0.0701630999106692,"N",FALSE,0.0701630999106692,TRUE
11198,"N",0.00330233638898616,"N",FALSE,0.00330233638898616,TRUE
11232,"N",0.469774936930062,"Y",TRUE,0.469774936930062,FALSE
11261,"N",0.380789250432838,"Y",TRUE,0.380789250432838,FALSE
11275,"N",0.339730772571146,"Y",TRUE,0.339730772571146,FALSE
11322,"N",0.381554258918803,"Y",TRUE,0.381554258918803,FALSE
11327,"N",0.450375746294671,"Y",TRUE,0.450375746294671,FALSE
11349,"N",0.51354562273133,"Y",TRUE,0.51354562273133,FALSE
11365,"N",0.25014407093618,"N",FALSE,0.25014407093618,TRUE
11380,"N",0.525628418700125,"Y",TRUE,0.525628418700125,FALSE
11390,"N",0.0322089174459607,"N",FALSE,0.0322089174459607,TRUE
11415,"N",0.01320164470122,"N",FALSE,0.01320164470122,TRUE
11468,"N",0.0578915601533502,"N",FALSE,0.0578915601533502,TRUE
11471,"N",0.990354817708294,"Y",TRUE,0.990354817708294,FALSE
11502,"N",0.0857425656163834,"N",FALSE,0.0857425656163834,TRUE
11551,"N",0.00484817250095741,"N",FALSE,0.00484817250095741,TRUE
11559,"N",0.00167763602248405,"N",FALSE,0.00167763602248405,TRUE
11610,"N",0.0333650004763035,"N",FALSE,0.0333650004763035,TRUE
11644,"N",0.664792658114463,"Y",TRUE,0.664792658114463,FALSE
11673,"N",0.0473251170791366,"N",FALSE,0.0473251170791366,TRUE
11675,"N",0.0377057419976991,"N",FALSE,0.0377057419976991,TRUE
11684,"N",0.0716039466538483,"N",FALSE,0.0716039466538483,TRUE
11685,"N",0.0836526818127477,"N",FALSE,0.0836526818127477,TRUE
11698,"N",0.0708915566297565,"N",FALSE,0.0708915566297565,TRUE
11747,"N",0.0700960383444502,"N",FALSE,0.0700960383444502,TRUE
11751,"N",0.539194216652638,"Y",TRUE,0.539194216652638,FALSE
11780,"N",0.00221528385194203,"N",FALSE,0.00221528385194203,TRUE
11841,"N",0.381554460837997,"Y",TRUE,0.381554460837997,FALSE
10133,"N",0.127293778777781,"N",FALSE,0.127293778777781,TRUE
10193,"N",0.0541178872133999,"N",FALSE,0.0541178872133999,TRUE
10299,"N",0.601262510640439,"Y",TRUE,0.601262510640439,FALSE
10369,"N",0.031037409449354,"N",FALSE,0.031037409449354,TRUE
10416,"N",0.701776388672627,"Y",TRUE,0.701776388672627,FALSE
10433,"N",0.0201303876151659,"N",FALSE,0.0201303876151659,TRUE
10455,"N",0.767944715951596,"Y",TRUE,0.767944715951596,FALSE
10469,"N",0.773470543307797,"Y",TRUE,0.773470543307797,FALSE
10485,"N",0.0162382452436284,"N",FALSE,0.0162382452436284,TRUE
10583,"N",0.172041653161894,"N",FALSE,0.172041653161894,TRUE
10629,"N",0.056300498914251,"N",FALSE,0.056300498914251,TRUE
10733,"N",0.558925525317947,"Y",TRUE,0.558925525317947,FALSE
10765,"N",0.0854714751651301,"N",FALSE,0.0854714751651301,TRUE
10791,"N",0.0654664398933476,"N",FALSE,0.0654664398933476,TRUE
10809,"N",0.204160881919327,"N",FALSE,0.204160881919327,TRUE
10900,"N",0.0683971486901606,"N",FALSE,0.0683971486901606,TRUE
10940,"N",0.00570330331908031,"N",FALSE,0.00570330331908031,TRUE
10990,"N",0.0613108836747832,"N",FALSE,0.0613108836747832,TRUE
11137,"N",0.452301080111047,"Y",TRUE,0.452301080111047,FALSE
11153,"N",0.378485401441515,"Y",TRUE,0.378485401441515,FALSE
11178,"N",0.1533572180991,"N",FALSE,0.1533572180991,TRUE
11191,"N",0.00281214779260268,"N",FALSE,0.00281214779260268,TRUE
11230,"N",0.132373604770718,"N",FALSE,0.132373604770718,TRUE
11301,"N",0.0290588162791542,"N",FALSE,0.0290588162791542,TRUE
11304,"N",0.236474772362806,"N",FALSE,0.236474772362806,TRUE
11318,"N",0.320031615915034,"Y",TRUE,0.320031615915034,FALSE
11360,"N",0.814690365141157,"Y",TRUE,0.814690365141157,FALSE
11572,"N",0.0809029711179085,"N",FALSE,0.0809029711179085,TRUE
11580,"N",0.00658834900599853,"N",FALSE,0.00658834900599853,TRUE
11631,"N",0.1581262814036,"N",FALSE,0.1581262814036,TRUE
11658,"N",0.0868859786577297,"N",FALSE,0.0868859786577297,TRUE
11774,"N",0.448682884575689,"Y",TRUE,0.448682884575689,FALSE
11842,"N",0.381840984983242,"Y",TRUE,0.381840984983242,FALSE
10059,"N",0.000117134854453927,"N",FALSE,0.000117134854453927,TRUE
10063,"N",0.000553034226702117,"N",FALSE,0.000553034226702117,TRUE
10126,"N",9.16945328828423e-05,"N",FALSE,9.16945328828423e-05,TRUE
10188,"N",0.00563290167673157,"N",FALSE,0.00563290167673157,TRUE
10222,"N",3.55721153794812e-05,"N",FALSE,3.55721153794812e-05,TRUE
10302,"N",0.188008270867917,"N",FALSE,0.188008270867917,TRUE
10414,"N",0.208912329583691,"N",FALSE,0.208912329583691,TRUE
10424,"N",0.012144675056803,"N",FALSE,0.012144675056803,TRUE
10426,"N",0.00425233740157202,"N",FALSE,0.00425233740157202,TRUE
10489,"N",0.0533165010910283,"N",FALSE,0.0533165010910283,TRUE
10508,"N",0.556747071524981,"Y",TRUE,0.556747071524981,FALSE
10559,"N",0.00553279386499689,"N",FALSE,0.00553279386499689,TRUE
10700,"N",0.254167996355973,"N",FALSE,0.254167996355973,TRUE
10722,"N",0.13815557041338,"N",FALSE,0.13815557041338,TRUE
10747,"N",0.776921436855108,"Y",TRUE,0.776921436855108,FALSE
10771,"N",0.0455465846920912,"N",FALSE,0.0455465846920912,TRUE
10850,"N",0.173301740535654,"N",FALSE,0.173301740535654,TRUE
10862,"N",0.267736409935049,"N",FALSE,0.267736409935049,TRUE
10890,"N",0.00547289182484544,"N",FALSE,0.00547289182484544,TRUE
10981,"N",0.0743273561053276,"N",FALSE,0.0743273561053276,TRUE
11006,"N",0.217778700474185,"N",FALSE,0.217778700474185,TRUE
11018,"N",0.169543790330444,"N",FALSE,0.169543790330444,TRUE
11020,"N",0.00234283557157067,"N",FALSE,0.00234283557157067,TRUE
11113,"N",0.00315456026767948,"N",FALSE,0.00315456026767948,TRUE
11126,"N",0.222248248547041,"N",FALSE,0.222248248547041,TRUE
11149,"N",0.304329201561805,"Y",TRUE,0.304329201561805,FALSE
11208,"N",0.000133111627084548,"N",FALSE,0.000133111627084548,TRUE
11287,"N",0.00331260370922327,"N",FALSE,0.00331260370922327,TRUE
11308,"N",5.4409611834329e-05,"N",FALSE,5.4409611834329e-05,TRUE
11358,"N",0.0373389434723993,"N",FALSE,0.0373389434723993,TRUE
11385,"N",0.449739862123463,"Y",TRUE,0.449739862123463,FALSE
11391,"N",0.996395782055697,"Y",TRUE,0.996395782055697,FALSE
11395,"N",0.071048974701107,"N",FALSE,0.071048974701107,TRUE
11577,"N",0.0600865219531956,"N",FALSE,0.0600865219531956,TRUE
11599,"N",0.35636112128883,"Y",TRUE,0.35636112128883,FALSE
11683,"N",0.0567944945197131,"N",FALSE,0.0567944945197131,TRUE
11693,"N",0.221933414974423,"N",FALSE,0.221933414974423,TRUE
11699,"N",0.969326930380249,"Y",TRUE,0.969326930380249,FALSE
11781,"N",0.0109624580638339,"N",FALSE,0.0109624580638339,TRUE
11790,"N",0.0176768542594464,"N",FALSE,0.0176768542594464,TRUE
11825,"N",0.0643049119751673,"N",FALSE,0.0643049119751673,TRUE
10016,"N",0.105584701416447,"N",FALSE,0.105584701416447,TRUE
10025,"N",0.155762799002542,"N",FALSE,0.155762799002542,TRUE
10055,"N",0.00899700047216186,"N",FALSE,0.00899700047216186,TRUE
10067,"N",0.109283843223664,"N",FALSE,0.109283843223664,TRUE
10072,"N",0.291389817318118,"N",FALSE,0.291389817318118,TRUE
10136,"N",0.0186616788576628,"N",FALSE,0.0186616788576628,TRUE
10163,"N",0.111885887726513,"N",FALSE,0.111885887726513,TRUE
10197,"N",0.0455711571446443,"N",FALSE,0.0455711571446443,TRUE
10215,"N",0.112374911099142,"N",FALSE,0.112374911099142,TRUE
10239,"N",0.00904982768402756,"N",FALSE,0.00904982768402756,TRUE
10320,"N",0.167021385505248,"N",FALSE,0.167021385505248,TRUE
10613,"N",0.195739156818406,"N",FALSE,0.195739156818406,TRUE
10647,"N",0.00952746000283603,"N",FALSE,0.00952746000283603,TRUE
10682,"N",0.0163927596834501,"N",FALSE,0.0163927596834501,TRUE
10865,"N",0.00712333536315173,"N",FALSE,0.00712333536315173,TRUE
10883,"N",0.0252791345181539,"N",FALSE,0.0252791345181539,TRUE
10894,"N",0.000710937083490051,"N",FALSE,0.000710937083490051,TRUE
10956,"N",0.105115069077854,"N",FALSE,0.105115069077854,TRUE
10980,"N",0.133199423369401,"N",FALSE,0.133199423369401,TRUE
10987,"N",0.011500952511201,"N",FALSE,0.011500952511201,TRUE
11034,"N",0.0120471772937962,"N",FALSE,0.0120471772937962,TRUE
11040,"N",0.111368372398849,"N",FALSE,0.111368372398849,TRUE
11058,"N",0.019083877443573,"N",FALSE,0.019083877443573,TRUE
11083,"N",0.147856208216455,"N",FALSE,0.147856208216455,TRUE
11118,"N",0.0144677187622458,"N",FALSE,0.0144677187622458,TRUE
11123,"N",0.0195717778958184,"N",FALSE,0.0195717778958184,TRUE
11168,"N",0.00194906807503439,"N",FALSE,0.00194906807503439,TRUE
11252,"N",0.111662805801706,"N",FALSE,0.111662805801706,TRUE
11255,"N",0.00784695459457946,"N",FALSE,0.00784695459457946,TRUE
11331,"N",0.0110813739180794,"N",FALSE,0.0110813739180794,TRUE
11338,"N",0.108848046751753,"N",FALSE,0.108848046751753,TRUE
11408,"N",0.00793597765124938,"N",FALSE,0.00793597765124938,TRUE
11409,"N",0.143925005509791,"N",FALSE,0.143925005509791,TRUE
11431,"N",0.0538765692326513,"N",FALSE,0.0538765692326513,TRUE
11506,"N",0.867710654461937,"Y",TRUE,0.867710654461937,FALSE
11519,"N",0.0130060090068343,"N",FALSE,0.0130060090068343,TRUE
11576,"N",0.210966082922699,"N",FALSE,0.210966082922699,TRUE
11586,"N",0.0257639400493524,"N",FALSE,0.0257639400493524,TRUE
11651,"N",0.347482081186277,"Y",TRUE,0.347482081186277,FALSE
11772,"N",0.0150250699672995,"N",FALSE,0.0150250699672995,TRUE
11782,"N",0.0838003280213575,"N",FALSE,0.0838003280213575,TRUE
11792,"N",0.0215976461216369,"N",FALSE,0.0215976461216369,TRUE
11799,"N",0.682943352222281,"Y",TRUE,0.682943352222281,FALSE
11822,"N",0.126973138098255,"N",FALSE,0.126973138098255,TRUE
10035,"N",0.169075495656099,"N",FALSE,0.169075495656099,TRUE
10044,"N",0.0329165686781795,"N",FALSE,0.0329165686781795,TRUE
10087,"N",0.217386487486004,"N",FALSE,0.217386487486004,TRUE
10153,"N",0.0330914746830206,"N",FALSE,0.0330914746830206,TRUE
10221,"N",0.0115396712723322,"N",FALSE,0.0115396712723322,TRUE
10266,"N",0.0528187701550216,"N",FALSE,0.0528187701550216,TRUE
10523,"N",0.527601593185575,"Y",TRUE,0.527601593185575,FALSE
10590,"N",0.67564520845492,"Y",TRUE,0.67564520845492,FALSE
10637,"N",0.256639336034869,"N",FALSE,0.256639336034869,TRUE
10738,"N",0.956251663253459,"Y",TRUE,0.956251663253459,FALSE
10793,"N",0.093777579533264,"N",FALSE,0.093777579533264,TRUE
10951,"N",0.00454348220673467,"N",FALSE,0.00454348220673467,TRUE
11035,"N",0.246543017623971,"N",FALSE,0.246543017623971,TRUE
11065,"N",0.170172259712436,"N",FALSE,0.170172259712436,TRUE
11094,"N",0.213118112602531,"N",FALSE,0.213118112602531,TRUE
11095,"N",0.250268238928386,"N",FALSE,0.250268238928386,TRUE
11151,"N",0.170304126206684,"N",FALSE,0.170304126206684,TRUE
11192,"N",0.210618230622817,"N",FALSE,0.210618230622817,TRUE
11205,"N",0.160632162681754,"N",FALSE,0.160632162681754,TRUE
11220,"N",0.0351411873421667,"N",FALSE,0.0351411873421667,TRUE
11224,"N",0.0107591080515477,"N",FALSE,0.0107591080515477,TRUE
11238,"N",0.185793853863042,"N",FALSE,0.185793853863042,TRUE
11259,"N",0.0198875442548072,"N",FALSE,0.0198875442548072,TRUE
11262,"N",0.243062402345822,"N",FALSE,0.243062402345822,TRUE
11268,"N",0.136713932687205,"N",FALSE,0.136713932687205,TRUE
11299,"N",0.682010174374584,"Y",TRUE,0.682010174374584,FALSE
11321,"N",0.867492936603563,"Y",TRUE,0.867492936603563,FALSE
11334,"N",0.258020656317176,"N",FALSE,0.258020656317176,TRUE
11355,"N",0.0266948241925473,"N",FALSE,0.0266948241925473,TRUE
11371,"N",0.00761291152622981,"N",FALSE,0.00761291152622981,TRUE
11384,"N",0.0109432665231641,"N",FALSE,0.0109432665231641,TRUE
11552,"N",0.102751094200063,"N",FALSE,0.102751094200063,TRUE
11612,"N",0.0158239392510472,"N",FALSE,0.0158239392510472,TRUE
11642,"N",0.00947183781730129,"N",FALSE,0.00947183781730129,TRUE
11794,"N",0.521301546478348,"Y",TRUE,0.521301546478348,FALSE
11798,"N",0.0218792764568241,"N",FALSE,0.0218792764568241,TRUE
11835,"N",0.110273637804866,"N",FALSE,0.110273637804866,TRUE
10060,"N",0.374664606608914,"Y",TRUE,0.374664606608914,FALSE
10296,"N",0.91944806490211,"Y",TRUE,0.91944806490211,FALSE
10404,"N",0.109936718454928,"N",FALSE,0.109936718454928,TRUE
10473,"N",0.0426201736641518,"N",FALSE,0.0426201736641518,TRUE
10483,"N",0.378115789634348,"Y",TRUE,0.378115789634348,FALSE
10491,"N",0.992427595032502,"Y",TRUE,0.992427595032502,FALSE
10495,"N",0.519952654137442,"Y",TRUE,0.519952654137442,FALSE
10498,"N",0.357518748533792,"Y",TRUE,0.357518748533792,FALSE
10529,"N",0.658076666133442,"Y",TRUE,0.658076666133442,FALSE
10595,"N",0.922015979465787,"Y",TRUE,0.922015979465787,FALSE
10622,"N",0.193637761617193,"N",FALSE,0.193637761617193,TRUE
10705,"N",0.481563012540149,"Y",TRUE,0.481563012540149,FALSE
10707,"N",0.00609588498561592,"N",FALSE,0.00609588498561592,TRUE
10711,"N",0.228662761549675,"N",FALSE,0.228662761549675,TRUE
10764,"N",0.00370220840538935,"N",FALSE,0.00370220840538935,TRUE
10770,"N",0.0268683371840372,"N",FALSE,0.0268683371840372,TRUE
10818,"N",0.0945438017845049,"N",FALSE,0.0945438017845049,TRUE
10831,"N",0.0439442580686176,"N",FALSE,0.0439442580686176,TRUE
10878,"N",0.00404079645489975,"N",FALSE,0.00404079645489975,TRUE
10903,"N",0.111272538297526,"N",FALSE,0.111272538297526,TRUE
10906,"N",0.0671899079864923,"N",FALSE,0.0671899079864923,TRUE
10914,"N",0.127410419098887,"N",FALSE,0.127410419098887,TRUE
10972,"N",0.0902617996173689,"N",FALSE,0.0902617996173689,TRUE
11010,"N",0.00464165836942454,"N",FALSE,0.00464165836942454,TRUE
11016,"N",0.0548008437809528,"N",FALSE,0.0548008437809528,TRUE
11070,"N",0.014748380843851,"N",FALSE,0.014748380843851,TRUE
11087,"N",0.0287858382493639,"N",FALSE,0.0287858382493639,TRUE
11089,"N",0.0778073459670793,"N",FALSE,0.0778073459670793,TRUE
11147,"N",0.00633301540027054,"N",FALSE,0.00633301540027054,TRUE
11169,"N",0.547491604917784,"Y",TRUE,0.547491604917784,FALSE
11174,"N",0.0450043927604524,"N",FALSE,0.0450043927604524,TRUE
11188,"N",0.114499004279314,"N",FALSE,0.114499004279314,TRUE
11193,"N",0.548429196131113,"Y",TRUE,0.548429196131113,FALSE
11209,"N",0.00433887780656583,"N",FALSE,0.00433887780656583,TRUE
11223,"N",0.0760989543961534,"N",FALSE,0.0760989543961534,TRUE
11263,"N",0.0835004799708174,"N",FALSE,0.0835004799708174,TRUE
11267,"N",0.0194102125862593,"N",FALSE,0.0194102125862593,TRUE
11278,"N",0.056271813859945,"N",FALSE,0.056271813859945,TRUE
11285,"N",0.0873762209419177,"N",FALSE,0.0873762209419177,TRUE
11310,"N",0.0484700250424508,"N",FALSE,0.0484700250424508,TRUE
11312,"N",0.0637394881275733,"N",FALSE,0.0637394881275733,TRUE
11342,"N",0.126553736876356,"N",FALSE,0.126553736876356,TRUE
11348,"N",0.0403827952325167,"N",FALSE,0.0403827952325167,TRUE
11362,"N",0.224646725338243,"N",FALSE,0.224646725338243,TRUE
11398,"N",0.00636638952767376,"N",FALSE,0.00636638952767376,TRUE
11429,"N",0.0556674831714263,"N",FALSE,0.0556674831714263,TRUE
11438,"N",0.0235060779266771,"N",FALSE,0.0235060779266771,TRUE
11482,"N",0.0542125178115121,"N",FALSE,0.0542125178115121,TRUE
11496,"N",0.00584613441509434,"N",FALSE,0.00584613441509434,TRUE
11528,"N",0.184548779159048,"N",FALSE,0.184548779159048,TRUE
11541,"N",0.0750494332956662,"N",FALSE,0.0750494332956662,TRUE
11557,"N",0.581400053362735,"Y",TRUE,0.581400053362735,FALSE
11562,"N",0.253425545706459,"N",FALSE,0.253425545706459,TRUE
11626,"N",0.0645327618537475,"N",FALSE,0.0645327618537475,TRUE
11668,"N",0.0558818405354444,"N",FALSE,0.0558818405354444,TRUE
11674,"N",0.958855763556176,"Y",TRUE,0.958855763556176,FALSE
11703,"N",0.100363800286183,"N",FALSE,0.100363800286183,TRUE
11704,"N",0.379748983244757,"Y",TRUE,0.379748983244757,FALSE
11712,"N",0.929174606944181,"Y",TRUE,0.929174606944181,FALSE
11728,"N",0.116992296346673,"N",FALSE,0.116992296346673,TRUE
11750,"N",0.00889219078918596,"N",FALSE,0.00889219078918596,TRUE
11752,"N",0.00953700084433375,"N",FALSE,0.00953700084433375,TRUE
11779,"N",0.00265447897789007,"N",FALSE,0.00265447897789007,TRUE
11800,"N",0.0175228052229512,"N",FALSE,0.0175228052229512,TRUE
11824,"N",0.0231782036146726,"N",FALSE,0.0231782036146726,TRUE
11828,"N",0.00688243526954954,"N",FALSE,0.00688243526954954,TRUE
10004,"N",0.520885523996438,"Y",TRUE,0.520885523996438,FALSE
10103,"N",0.981436454746605,"Y",TRUE,0.981436454746605,FALSE
10170,"N",0.197615098155299,"N",FALSE,0.197615098155299,TRUE
10172,"N",0.81040623388595,"Y",TRUE,0.81040623388595,FALSE
10207,"N",0.798839583666169,"Y",TRUE,0.798839583666169,FALSE
10229,"N",0.524027323906475,"Y",TRUE,0.524027323906475,FALSE
10315,"N",0.238081958471165,"N",FALSE,0.238081958471165,TRUE
10316,"N",0.538555861887748,"Y",TRUE,0.538555861887748,FALSE
10413,"N",0.974356767656366,"Y",TRUE,0.974356767656366,FALSE
10506,"N",0.386271991153704,"Y",TRUE,0.386271991153704,FALSE
10614,"N",0.110082270983859,"N",FALSE,0.110082270983859,TRUE
10674,"N",0.706864861517081,"Y",TRUE,0.706864861517081,FALSE
10748,"N",0.567703979009258,"Y",TRUE,0.567703979009258,FALSE
10886,"N",0.255786210952291,"N",FALSE,0.255786210952291,TRUE
10895,"N",0.0679752007305989,"N",FALSE,0.0679752007305989,TRUE
10925,"N",0.103301328428713,"N",FALSE,0.103301328428713,TRUE
11084,"N",0.0124229791497556,"N",FALSE,0.0124229791497556,TRUE
11090,"N",0.407583736301431,"Y",TRUE,0.407583736301431,FALSE
11145,"N",0.010080659568163,"N",FALSE,0.010080659568163,TRUE
11164,"N",0.0287403555879176,"N",FALSE,0.0287403555879176,TRUE
11171,"N",0.182617295016326,"N",FALSE,0.182617295016326,TRUE
11203,"N",0.00536079492934159,"N",FALSE,0.00536079492934159,TRUE
11484,"N",0.0187682595809226,"N",FALSE,0.0187682595809226,TRUE
11531,"N",0.223988800302408,"N",FALSE,0.223988800302408,TRUE
11564,"N",0.275878730212278,"N",FALSE,0.275878730212278,TRUE
11569,"N",0.555287893468469,"Y",TRUE,0.555287893468469,FALSE
11592,"N",0.121785108849041,"N",FALSE,0.121785108849041,TRUE
11793,"N",0.11096476581413,"N",FALSE,0.11096476581413,TRUE
11843,"N",0.160957658159222,"N",FALSE,0.160957658159222,TRUE
10267,"N",0.459207763046412,"Y",TRUE,0.459207763046412,FALSE
10308,"N",0.342789808708093,"Y",TRUE,0.342789808708093,FALSE
10660,"N",0.226004260272551,"N",FALSE,0.226004260272551,TRUE
10691,"N",0.0276627452643,"N",FALSE,0.0276627452643,TRUE
10762,"N",0.0987690924837442,"N",FALSE,0.0987690924837442,TRUE
10767,"N",0.00325461516050284,"N",FALSE,0.00325461516050284,TRUE
10924,"N",0.00819240300607694,"N",FALSE,0.00819240300607694,TRUE
10975,"N",0.0867353409125469,"N",FALSE,0.0867353409125469,TRUE
10989,"N",0.0394332087613205,"N",FALSE,0.0394332087613205,TRUE
11013,"N",0.263887296005444,"N",FALSE,0.263887296005444,TRUE
11184,"N",0.064676453074997,"N",FALSE,0.064676453074997,TRUE
11215,"N",0.019306907670275,"N",FALSE,0.019306907670275,TRUE
11216,"N",0.165495671803114,"N",FALSE,0.165495671803114,TRUE
11292,"N",0.00124476020166159,"N",FALSE,0.00124476020166159,TRUE
11297,"N",0.721743822037478,"Y",TRUE,0.721743822037478,FALSE
11460,"N",0.279611559565082,"N",FALSE,0.279611559565082,TRUE
11489,"N",0.0534059007372284,"N",FALSE,0.0534059007372284,TRUE
11491,"N",0.0376516447974308,"N",FALSE,0.0376516447974308,TRUE
11493,"N",0.0194790254922106,"N",FALSE,0.0194790254922106,TRUE
11515,"N",0.1644422891965,"N",FALSE,0.1644422891965,TRUE
11546,"N",0.259895895247406,"N",FALSE,0.259895895247406,TRUE
11556,"N",0.399258673488711,"Y",TRUE,0.399258673488711,FALSE
11795,"N",0.00811726640749644,"N",FALSE,0.00811726640749644,TRUE
10130,"Y",0.980466614934095,"Y",FALSE,0.0195333850659054,TRUE
10225,"Y",0.799547807598723,"Y",FALSE,0.200452192401277,TRUE
10262,"Y",0.74793743847194,"Y",FALSE,0.25206256152806,TRUE
10341,"Y",0.874557984249938,"Y",FALSE,0.125442015750062,TRUE
10389,"Y",0.981349253754948,"Y",FALSE,0.0186507462450519,TRUE
10420,"Y",0.997497432268446,"Y",FALSE,0.00250256773155388,TRUE
10421,"Y",0.995222877558239,"Y",FALSE,0.00477712244176121,TRUE
10478,"Y",0.941018533023633,"Y",FALSE,0.0589814669763671,TRUE
10557,"Y",0.566381141142823,"Y",FALSE,0.433618858857177,TRUE
10582,"Y",0.590479491008068,"Y",FALSE,0.409520508991932,TRUE
10759,"Y",0.987746718573749,"Y",FALSE,0.0122532814262507,TRUE
10854,"Y",0.997050039845673,"Y",FALSE,0.00294996015432658,TRUE
10869,"Y",0.869815419715876,"Y",FALSE,0.130184580284124,TRUE
10897,"Y",0.793966480707727,"Y",FALSE,0.206033519292273,TRUE
10986,"Y",0.157888027222906,"N",TRUE,0.842111972777094,FALSE
10993,"Y",0.325355055626584,"Y",FALSE,0.674644944373416,TRUE
11055,"Y",0.984166942949793,"Y",FALSE,0.0158330570502073,TRUE
11056,"Y",0.126235940216778,"N",TRUE,0.873764059783222,FALSE
11142,"Y",0.997697137150688,"Y",FALSE,0.00230286284931225,TRUE
11199,"Y",0.998245656503376,"Y",FALSE,0.00175434349662396,TRUE
11284,"Y",0.0601710761885443,"N",TRUE,0.939828923811456,FALSE
11302,"Y",0.859146822157853,"Y",FALSE,0.140853177842147,TRUE
11326,"Y",0.997744592869371,"Y",FALSE,0.00225540713062933,TRUE
11361,"Y",0.995860918759343,"Y",FALSE,0.00413908124065665,TRUE
11369,"Y",0.989965171805726,"Y",FALSE,0.0100348281942743,TRUE
11448,"Y",0.33387486618755,"Y",FALSE,0.66612513381245,TRUE
11589,"Y",0.527540237550447,"Y",FALSE,0.472459762449553,TRUE
11623,"Y",0.994184499158832,"Y",FALSE,0.00581550084116766,TRUE
11637,"Y",0.996323745229256,"Y",FALSE,0.00367625477074363,TRUE
11663,"Y",0.208640462252158,"N",TRUE,0.791359537747842,FALSE
11664,"Y",0.952492478943185,"Y",FALSE,0.0475075210568147,TRUE
11665,"Y",0.368793867681795,"Y",FALSE,0.631206132318205,TRUE
11695,"Y",0.224246626261776,"N",TRUE,0.775753373738224,FALSE
11705,"Y",0.00358062049619966,"N",TRUE,0.9964193795038,FALSE
11708,"Y",0.998198465905342,"Y",FALSE,0.00180153409465755,TRUE
11714,"Y",0.943512643522602,"Y",FALSE,0.0564873564773977,TRUE
11729,"Y",0.996324579960414,"Y",FALSE,0.00367542003958576,TRUE
11731,"Y",0.111259483248051,"N",TRUE,0.888740516751949,FALSE
11816,"Y",0.170299565600298,"N",TRUE,0.829700434399702,FALSE
11817,"Y",0.00868044827849604,"N",TRUE,0.991319551721504,FALSE
11821,"Y",0.628425823249646,"Y",FALSE,0.371574176750354,TRUE
10014,"Y",0.800383658923556,"Y",FALSE,0.199616341076444,TRUE
10027,"Y",0.168619908001316,"N",TRUE,0.831380091998684,FALSE
10068,"Y",0.210472799538444,"N",TRUE,0.789527200461556,FALSE
10095,"Y",0.961581021526474,"Y",FALSE,0.0384189784735256,TRUE
10138,"Y",0.975800143970168,"Y",FALSE,0.0241998560298323,TRUE
10169,"Y",0.957166196485416,"Y",FALSE,0.0428338035145843,TRUE
10192,"Y",0.961773138088432,"Y",FALSE,0.0382268619115679,TRUE
10256,"Y",0.945936328811445,"Y",FALSE,0.0540636711885549,TRUE
10285,"Y",0.999373441259434,"Y",FALSE,0.000626558740566274,TRUE
10294,"Y",0.945089471282914,"Y",FALSE,0.0549105287170857,TRUE
10300,"Y",0.936483669006863,"Y",FALSE,0.0635163309931366,TRUE
10306,"Y",0.533878853665537,"Y",FALSE,0.466121146334463,TRUE
10324,"Y",0.720499182271877,"Y",FALSE,0.279500817728123,TRUE
10328,"Y",0.479841354247161,"Y",FALSE,0.520158645752839,TRUE
10340,"Y",0.974354223392103,"Y",FALSE,0.025645776607897,TRUE
10349,"Y",0.97805089583054,"Y",FALSE,0.0219491041694602,TRUE
10360,"Y",0.954082055958426,"Y",FALSE,0.045917944041574,TRUE
10364,"Y",0.947722817266451,"Y",FALSE,0.0522771827335486,TRUE
10387,"Y",0.828504459644215,"Y",FALSE,0.171495540355785,TRUE
10441,"Y",0.974775207466122,"Y",FALSE,0.025224792533878,TRUE
10448,"Y",0.976813231626283,"Y",FALSE,0.0231867683737171,TRUE
10450,"Y",0.982550108936828,"Y",FALSE,0.0174498910631719,TRUE
10458,"Y",0.0319642563107513,"N",TRUE,0.968035743689249,FALSE
10480,"Y",0.997213478247566,"Y",FALSE,0.00278652175243432,TRUE
10712,"Y",0.99604341881959,"Y",FALSE,0.00395658118040954,TRUE
10713,"Y",0.938005483350534,"Y",FALSE,0.0619945166494664,TRUE
10732,"Y",0.55008984107694,"Y",FALSE,0.44991015892306,TRUE
10763,"Y",0.346639544054163,"Y",FALSE,0.653360455945837,TRUE
10769,"Y",0.994578323377739,"Y",FALSE,0.00542167662226101,TRUE
10853,"Y",0.923966526145864,"Y",FALSE,0.0760334738541356,TRUE
10866,"Y",0.994828373011462,"Y",FALSE,0.00517162698853801,TRUE
10876,"Y",0.981636823754116,"Y",FALSE,0.0183631762458837,TRUE
10942,"Y",0.49534228778243,"Y",FALSE,0.504657712217569,TRUE
11430,"Y",0.992683385022566,"Y",FALSE,0.00731661497743352,TRUE
11535,"Y",0.154203630519948,"N",TRUE,0.845796369480052,FALSE
11617,"Y",0.910639510408396,"Y",FALSE,0.089360489591604,TRUE
11621,"Y",0.981699715640962,"Y",FALSE,0.0183002843590384,TRUE
11676,"Y",0.296593739430025,"N",TRUE,0.703406260569975,FALSE
11707,"Y",0.342809799830102,"Y",FALSE,0.657190200169898,TRUE
11721,"Y",0.359095258913444,"Y",FALSE,0.640904741086556,TRUE
11738,"Y",0.367156137463606,"Y",FALSE,0.632843862536394,TRUE
11776,"Y",0.0756613842470246,"N",TRUE,0.924338615752975,FALSE
11812,"Y",0.374703374846692,"Y",FALSE,0.625296625153308,TRUE
11830,"Y",0.68780782526937,"Y",FALSE,0.31219217473063,TRUE
11860,"Y",0.270106844051285,"N",TRUE,0.729893155948715,FALSE
10021,"Y",0.634210886339577,"Y",FALSE,0.365789113660423,TRUE
10045,"Y",0.264312076914104,"N",TRUE,0.735687923085896,FALSE
10073,"Y",0.773494625239297,"Y",FALSE,0.226505374760703,TRUE
10089,"Y",0.148017193506797,"N",TRUE,0.851982806493203,FALSE
10131,"Y",0.548198783375043,"Y",FALSE,0.451801216624957,TRUE
10151,"Y",0.913978647903879,"Y",FALSE,0.0860213520961213,TRUE
10185,"Y",0.796550100641406,"Y",FALSE,0.203449899358594,TRUE
10189,"Y",0.997384616263078,"Y",FALSE,0.00261538373692227,TRUE
10223,"Y",0.996293346124092,"Y",FALSE,0.00370665387590829,TRUE
10233,"Y",0.996748583462182,"Y",FALSE,0.0032514165378178,TRUE
10255,"Y",0.996815668034918,"Y",FALSE,0.00318433196508194,TRUE
10258,"Y",0.99445443732658,"Y",FALSE,0.0055455626734201,TRUE
10265,"Y",0.945626075084516,"Y",FALSE,0.0543739249154842,TRUE
10276,"Y",0.93123813730402,"Y",FALSE,0.0687618626959803,TRUE
10323,"Y",0.887159848561827,"Y",FALSE,0.112840151438173,TRUE
10330,"Y",0.974774543508678,"Y",FALSE,0.0252254564913225,TRUE
10336,"Y",0.96134469241616,"Y",FALSE,0.0386553075838398,TRUE
10372,"Y",0.984187093487417,"Y",FALSE,0.0158129065125829,TRUE
10391,"Y",0.968817615093105,"Y",FALSE,0.0311823849068952,TRUE
10396,"Y",0.543066136835682,"Y",FALSE,0.456933863164318,TRUE
10402,"Y",0.999300825232905,"Y",FALSE,0.000699174767095245,TRUE
10407,"Y",0.882462744558481,"Y",FALSE,0.117537255441519,TRUE
10418,"Y",0.889571272783278,"Y",FALSE,0.110428727216722,TRUE
10444,"Y",0.995625433454265,"Y",FALSE,0.00437456654573465,TRUE
10464,"Y",0.944308704521511,"Y",FALSE,0.0556912954784889,TRUE
10479,"Y",0.947016020163725,"Y",FALSE,0.0529839798362746,TRUE
10487,"Y",0.94641199582767,"Y",FALSE,0.0535880041723302,TRUE
10493,"Y",0.936713883709384,"Y",FALSE,0.0632861162906161,TRUE
10496,"Y",0.572733578124259,"Y",FALSE,0.427266421875741,TRUE
10505,"Y",0.984232684928499,"Y",FALSE,0.015767315071501,TRUE
10515,"Y",0.453132747891267,"Y",FALSE,0.546867252108733,TRUE
10561,"Y",0.999453190152615,"Y",FALSE,0.000546809847385088,TRUE
10562,"Y",0.493562462519715,"Y",FALSE,0.506437537480285,TRUE
10588,"Y",0.692433110136709,"Y",FALSE,0.307566889863291,TRUE
10589,"Y",0.699686167697902,"Y",FALSE,0.300313832302098,TRUE
10599,"Y",0.936449136987982,"Y",FALSE,0.0635508630120183,TRUE
10620,"Y",0.992534916004181,"Y",FALSE,0.0074650839958188,TRUE
10623,"Y",0.943559804660484,"Y",FALSE,0.0564401953395162,TRUE
10627,"Y",0.749738280042933,"Y",FALSE,0.250261719957067,TRUE
10631,"Y",0.999132937421096,"Y",FALSE,0.000867062578903677,TRUE
10659,"Y",0.999269680942452,"Y",FALSE,0.000730319057548057,TRUE
10666,"Y",0.999647492479684,"Y",FALSE,0.000352507520316125,TRUE
10701,"Y",0.363253342883991,"Y",FALSE,0.636746657116009,TRUE
10714,"Y",0.799777201215898,"Y",FALSE,0.200222798784102,TRUE
10758,"Y",0.99694298662497,"Y",FALSE,0.00305701337502995,TRUE
10781,"Y",0.999384753446692,"Y",FALSE,0.000615246553308468,TRUE
10802,"Y",0.996656950221536,"Y",FALSE,0.00334304977846356,TRUE
10844,"Y",0.997097258485924,"Y",FALSE,0.00290274151407632,TRUE
10863,"Y",0.994767682639693,"Y",FALSE,0.00523231736030749,TRUE
10899,"Y",0.99519670869243,"Y",FALSE,0.00480329130756962,TRUE
10902,"Y",0.261676545491734,"N",TRUE,0.738323454508266,FALSE
10918,"Y",0.400072621067118,"Y",FALSE,0.599927378932882,TRUE
10937,"Y",0.902130936254374,"Y",FALSE,0.0978690637456263,TRUE
10971,"Y",0.108682818805861,"N",TRUE,0.891317181194139,FALSE
11025,"Y",0.456914287758197,"Y",FALSE,0.543085712241802,TRUE
11036,"Y",0.0711408488074681,"N",TRUE,0.928859151192532,FALSE
11107,"Y",0.535131411629479,"Y",FALSE,0.464868588370521,TRUE
11158,"Y",0.0688512620912468,"N",TRUE,0.931148737908753,FALSE
11289,"Y",0.994983478239867,"Y",FALSE,0.00501652176013334,TRUE
11313,"Y",0.993971831793066,"Y",FALSE,0.0060281682069343,TRUE
11353,"Y",0.985952699762659,"Y",FALSE,0.0140473002373409,TRUE
11400,"Y",0.345734738571837,"Y",FALSE,0.654265261428163,TRUE
11476,"Y",0.308214622261786,"Y",FALSE,0.691785377738214,TRUE
11607,"Y",0.605633164085684,"Y",FALSE,0.394366835914316,TRUE
11620,"Y",0.985327542126361,"Y",FALSE,0.0146724578736394,TRUE
11630,"Y",0.780530416958852,"Y",FALSE,0.219469583041148,TRUE
11648,"Y",0.319886317839894,"Y",FALSE,0.680113682160106,TRUE
11650,"Y",0.963980520603503,"Y",FALSE,0.0360194793964971,TRUE
11681,"Y",0.992028194579791,"Y",FALSE,0.00797180542020892,TRUE
11725,"Y",0.425428901310772,"Y",FALSE,0.574571098689228,TRUE
11737,"Y",0.953113863316798,"Y",FALSE,0.0468861366832016,TRUE
11810,"Y",0.907410612937333,"Y",FALSE,0.0925893870626672,TRUE
11852,"Y",0.692180933350692,"Y",FALSE,0.307819066649308,TRUE
10031,"Y",0.687183228764357,"Y",FALSE,0.312816771235643,TRUE
10037,"Y",0.268337013518053,"N",TRUE,0.731662986481947,FALSE
10098,"Y",0.991505106856712,"Y",FALSE,0.00849489314328766,TRUE
10147,"Y",0.376266571586485,"Y",FALSE,0.623733428413515,TRUE
10214,"Y",0.971471894693839,"Y",FALSE,0.0285281053061615,TRUE
10218,"Y",0.824319096499685,"Y",FALSE,0.175680903500315,TRUE
10247,"Y",0.996232248699083,"Y",FALSE,0.00376775130091678,TRUE
10268,"Y",0.896422154344485,"Y",FALSE,0.103577845655515,TRUE
10271,"Y",0.810250837809499,"Y",FALSE,0.189749162190501,TRUE
10289,"Y",0.910253869761126,"Y",FALSE,0.0897461302388738,TRUE
10292,"Y",0.99858309675548,"Y",FALSE,0.00141690324452004,TRUE
10356,"Y",0.920269384015383,"Y",FALSE,0.0797306159846169,TRUE
10579,"Y",0.994007799727445,"Y",FALSE,0.00599220027255509,TRUE
10624,"Y",0.999503510264359,"Y",FALSE,0.000496489735641203,TRUE
10678,"Y",0.790987442753408,"Y",FALSE,0.209012557246592,TRUE
10686,"Y",0.416761736470721,"Y",FALSE,0.583238263529279,TRUE
10715,"Y",0.994485280211854,"Y",FALSE,0.00551471978814633,TRUE
10720,"Y",0.99205761493126,"Y",FALSE,0.0079423850687399,TRUE
10729,"Y",0.997614919247431,"Y",FALSE,0.00238508075256905,TRUE
10756,"Y",0.321700004258229,"Y",FALSE,0.678299995741771,TRUE
10761,"Y",0.998514062623635,"Y",FALSE,0.00148593737636538,TRUE
10880,"Y",0.556818022145333,"Y",FALSE,0.443181977854667,TRUE
10901,"Y",0.834012223835359,"Y",FALSE,0.165987776164641,TRUE
10974,"Y",0.146211209381478,"N",TRUE,0.853788790618522,FALSE
11100,"Y",0.998534013496643,"Y",FALSE,0.00146598650335727,TRUE
11125,"Y",0.0388092569773315,"N",TRUE,0.961190743022668,FALSE
11627,"Y",0.634122233085889,"Y",FALSE,0.365877766914111,TRUE
11635,"Y",0.998473748969041,"Y",FALSE,0.0015262510309586,TRUE
10011,"Y",0.759301365529376,"Y",FALSE,0.240698634470624,TRUE
10049,"Y",0.989825593750168,"Y",FALSE,0.0101744062498319,TRUE
10125,"Y",0.777801312753209,"Y",FALSE,0.222198687246791,TRUE
10137,"Y",0.859521883966991,"Y",FALSE,0.140478116033009,TRUE
10311,"Y",0.914784255555047,"Y",FALSE,0.0852157444449533,TRUE
10332,"Y",0.0371723797083999,"N",TRUE,0.9628276202916,FALSE
10425,"Y",0.861352252797371,"Y",FALSE,0.138647747202629,TRUE
10445,"Y",0.97612476178142,"Y",FALSE,0.0238752382185803,TRUE
10501,"Y",0.769647628755717,"Y",FALSE,0.230352371244283,TRUE
10502,"Y",0.96197074859343,"Y",FALSE,0.0380292514065702,TRUE
10633,"Y",0.980678087847839,"Y",FALSE,0.0193219121521608,TRUE
10669,"Y",0.999132640096077,"Y",FALSE,0.000867359903922837,TRUE
10702,"Y",0.985338774257194,"Y",FALSE,0.014661225742806,TRUE
10703,"Y",0.834821947789742,"Y",FALSE,0.165178052210258,TRUE
10704,"Y",0.999152728867914,"Y",FALSE,0.000847271132085825,TRUE
10790,"Y",0.99448481107438,"Y",FALSE,0.00551518892561964,TRUE
10858,"Y",0.837990396404615,"Y",FALSE,0.162009603595385,TRUE
10920,"Y",0.374418125301055,"Y",FALSE,0.625581874698945,TRUE
11086,"Y",0.864587045443444,"Y",FALSE,0.135412954556556,TRUE
11236,"Y",0.999298654817275,"Y",FALSE,0.000701345182725466,TRUE
11421,"Y",0.297448603306541,"N",TRUE,0.702551396693459,FALSE
11477,"Y",0.982907074330766,"Y",FALSE,0.0170929256692343,TRUE
11581,"Y",0.740225659043391,"Y",FALSE,0.259774340956609,TRUE
11582,"Y",0.39847338333539,"Y",FALSE,0.60152661666461,TRUE
11603,"Y",0.998953852972433,"Y",FALSE,0.00104614702756689,TRUE
11638,"Y",0.986434560036996,"Y",FALSE,0.0135654399630037,TRUE
11655,"Y",0.987046736294754,"Y",FALSE,0.0129532637052463,TRUE
11744,"Y",0.995855587175607,"Y",FALSE,0.0041444128243926,TRUE
11784,"Y",0.0511651794267888,"N",TRUE,0.948834820573211,FALSE
11805,"Y",0.621995556278916,"Y",FALSE,0.378004443721084,TRUE
11808,"Y",0.999497811035847,"Y",FALSE,0.000502188964152994,TRUE
11831,"Y",0.990876521824665,"Y",FALSE,0.00912347817533499,TRUE
10030,"Y",0.119522550730557,"N",TRUE,0.880477449269443,FALSE
10034,"Y",0.996080853730127,"Y",FALSE,0.00391914626987278,TRUE
10050,"Y",0.838960844860808,"Y",FALSE,0.161039155139192,TRUE
10080,"Y",0.445994172663297,"Y",FALSE,0.554005827336703,TRUE
10109,"Y",0.104898284562472,"N",TRUE,0.895101715437528,FALSE
10114,"Y",0.766480890847907,"Y",FALSE,0.233519109152093,TRUE
10119,"Y",0.982019435902166,"Y",FALSE,0.0179805640978339,TRUE
10183,"Y",0.378302148872859,"Y",FALSE,0.621697851127141,TRUE
10205,"Y",0.232026747927601,"N",TRUE,0.767973252072399,FALSE
10208,"Y",0.14295924021615,"N",TRUE,0.85704075978385,FALSE
10277,"Y",0.194030246596509,"N",TRUE,0.805969753403491,FALSE
10304,"Y",0.350765101042769,"Y",FALSE,0.649234898957231,TRUE
10353,"Y",0.594085958717991,"Y",FALSE,0.405914041282009,TRUE
10363,"Y",0.964120998334657,"Y",FALSE,0.0358790016653431,TRUE
10449,"Y",0.894186165292933,"Y",FALSE,0.105813834707067,TRUE
10468,"Y",0.824544442479628,"Y",FALSE,0.175455557520372,TRUE
10486,"Y",0.999467257960061,"Y",FALSE,0.000532742039938805,TRUE
10490,"Y",0.124165864333192,"N",TRUE,0.875834135666808,FALSE
10533,"Y",0.987061305070469,"Y",FALSE,0.012938694929531,TRUE
10571,"Y",0.902926284021049,"Y",FALSE,0.0970737159789511,TRUE
10576,"Y",0.920523025590549,"Y",FALSE,0.079476974409451,TRUE
10580,"Y",0.990639389266635,"Y",FALSE,0.00936061073336492,TRUE
10584,"Y",0.808917469268399,"Y",FALSE,0.191082530731601,TRUE
10656,"Y",0.853655517654962,"Y",FALSE,0.146344482345038,TRUE
10755,"Y",0.95730583775717,"Y",FALSE,0.0426941622428301,TRUE
10768,"Y",0.999337477523537,"Y",FALSE,0.000662522476462923,TRUE
10812,"Y",0.923138256100374,"Y",FALSE,0.0768617438996264,TRUE
10830,"Y",0.93975460090309,"Y",FALSE,0.0602453990969104,TRUE
10912,"Y",0.998983257468614,"Y",FALSE,0.00101674253138628,TRUE
11017,"Y",0.28091136900307,"N",TRUE,0.71908863099693,FALSE
11099,"Y",0.999560316774054,"Y",FALSE,0.000439683225946341,TRUE
11231,"Y",0.999693895796864,"Y",FALSE,0.000306104203135593,TRUE
11416,"Y",0.997848339279496,"Y",FALSE,0.00215166072050432,TRUE
11422,"Y",0.998048057204516,"Y",FALSE,0.00195194279548361,TRUE
11474,"Y",0.998264193547971,"Y",FALSE,0.0017358064520292,TRUE
11605,"Y",0.0529882173880755,"N",TRUE,0.947011782611925,FALSE
11645,"Y",0.999259888382645,"Y",FALSE,0.000740111617354655,TRUE
11730,"Y",0.996161187956648,"Y",FALSE,0.00383881204335224,TRUE
10019,"Y",0.53286111927104,"Y",FALSE,0.46713888072896,TRUE
10051,"Y",0.116457933598543,"N",TRUE,0.883542066401457,FALSE
10253,"Y",0.986545043727843,"Y",FALSE,0.0134549562721565,TRUE
10297,"Y",0.965877284137365,"Y",FALSE,0.0341227158626348,TRUE
10381,"Y",0.361854068130605,"Y",FALSE,0.638145931869395,TRUE
10535,"Y",0.250572928194819,"N",TRUE,0.749427071805181,FALSE
10773,"Y",0.995970316944473,"Y",FALSE,0.0040296830555272,TRUE
10778,"Y",0.998834993559311,"Y",FALSE,0.00116500644068929,TRUE
10792,"Y",0.207546018491655,"N",TRUE,0.792453981508345,FALSE
10794,"Y",0.65989803730027,"Y",FALSE,0.34010196269973,TRUE
10803,"Y",0.387743131323569,"Y",FALSE,0.612256868676431,TRUE
10814,"Y",0.992952079937323,"Y",FALSE,0.00704792006267707,TRUE
10827,"Y",0.936413758794834,"Y",FALSE,0.0635862412051663,TRUE
10926,"Y",0.854817436151479,"Y",FALSE,0.145182563848521,TRUE
10935,"Y",0.102600426847593,"N",TRUE,0.897399573152407,FALSE
10976,"Y",0.620908721643052,"Y",FALSE,0.379091278356948,TRUE
11053,"Y",0.958969458904683,"Y",FALSE,0.0410305410953175,TRUE
11064,"Y",0.981363621317783,"Y",FALSE,0.0186363786822173,TRUE
11066,"Y",0.990309613920537,"Y",FALSE,0.0096903860794626,TRUE
11115,"Y",0.999923798364112,"Y",FALSE,7.62016358880624e-05,TRUE
11165,"Y",0.945178252241596,"Y",FALSE,0.0548217477584038,TRUE
11225,"Y",0.204578971766725,"N",TRUE,0.795421028233275,FALSE
11249,"Y",0.998997764297806,"Y",FALSE,0.00100223570219371,TRUE
11286,"Y",0.645485131089282,"Y",FALSE,0.354514868910718,TRUE
11293,"Y",0.86948848276247,"Y",FALSE,0.13051151723753,TRUE
11295,"Y",0.644992288358457,"Y",FALSE,0.355007711641543,TRUE
11300,"Y",0.138760543754429,"N",TRUE,0.861239456245571,FALSE
11350,"Y",0.516602951065342,"Y",FALSE,0.483397048934658,TRUE
11414,"Y",0.99849549233517,"Y",FALSE,0.00150450766483046,TRUE
11688,"Y",0.999422683189153,"Y",FALSE,0.000577316810846717,TRUE
11759,"Y",0.937904609367456,"Y",FALSE,0.0620953906325444,TRUE
11855,"Y",0.131248806121599,"N",TRUE,0.868751193878401,FALSE
10007,"Y",0.88533284721226,"Y",FALSE,0.11466715278774,TRUE
10075,"Y",0.937054447971967,"Y",FALSE,0.0629455520280329,TRUE
10113,"Y",0.608219438107003,"Y",FALSE,0.391780561892997,TRUE
10123,"Y",0.387253490070346,"Y",FALSE,0.612746509929654,TRUE
10159,"Y",0.397868879640279,"Y",FALSE,0.602131120359721,TRUE
10179,"Y",0.7086062289795,"Y",FALSE,0.2913937710205,TRUE
10196,"Y",0.868811907276969,"Y",FALSE,0.131188092723031,TRUE
10248,"Y",0.317050067400647,"Y",FALSE,0.682949932599353,TRUE
10273,"Y",0.499353020294864,"Y",FALSE,0.500646979705136,TRUE
10310,"Y",0.860628517666726,"Y",FALSE,0.139371482333274,TRUE
10326,"Y",0.954900810827464,"Y",FALSE,0.0450991891725356,TRUE
10354,"Y",0.950127416774378,"Y",FALSE,0.049872583225622,TRUE
10368,"Y",0.543896087591748,"Y",FALSE,0.456103912408252,TRUE
10375,"Y",0.0386604803398436,"N",TRUE,0.961339519660156,FALSE
10392,"Y",0.840298177799722,"Y",FALSE,0.159701822200278,TRUE
10460,"Y",0.996789706790812,"Y",FALSE,0.00321029320918809,TRUE
10476,"Y",0.959981132372285,"Y",FALSE,0.0400188676277148,TRUE
10481,"Y",0.979935214599206,"Y",FALSE,0.0200647854007939,TRUE
10492,"Y",0.948677065179504,"Y",FALSE,0.0513229348204962,TRUE
10558,"Y",0.996728592484167,"Y",FALSE,0.00327140751583332,TRUE
10618,"Y",0.879332354229309,"Y",FALSE,0.120667645770691,TRUE
10662,"Y",0.764899400360904,"Y",FALSE,0.235100599639096,TRUE
10689,"Y",0.188993337161432,"N",TRUE,0.811006662838568,FALSE
10693,"Y",0.181318092372619,"N",TRUE,0.818681907627381,FALSE
10734,"Y",0.88875351856894,"Y",FALSE,0.11124648143106,TRUE
10799,"Y",0.154824942384696,"N",TRUE,0.845175057615304,FALSE
10832,"Y",0.613014981193815,"Y",FALSE,0.386985018806185,TRUE
10870,"Y",0.0998608953673999,"N",TRUE,0.9001391046326,FALSE
10872,"Y",0.156097022547875,"N",TRUE,0.843902977452125,FALSE
10905,"Y",0.932557447914597,"Y",FALSE,0.0674425520854027,TRUE
10957,"Y",0.184706283207927,"N",TRUE,0.815293716792073,FALSE
11005,"Y",0.696384365171688,"Y",FALSE,0.303615634828312,TRUE
11061,"Y",0.325274274264145,"Y",FALSE,0.674725725735855,TRUE
11085,"Y",0.991850317870964,"Y",FALSE,0.00814968212903644,TRUE
11173,"Y",0.557238435876365,"Y",FALSE,0.442761564123635,TRUE
11245,"Y",0.983520773246231,"Y",FALSE,0.0164792267537693,TRUE
11256,"Y",0.996672016468881,"Y",FALSE,0.00332798353111863,TRUE
11420,"Y",0.07385288830403,"N",TRUE,0.92614711169597,FALSE
11514,"Y",0.0223553315726697,"N",TRUE,0.97764466842733,FALSE
11518,"Y",0.0523486130231008,"N",TRUE,0.947651386976899,FALSE
11520,"Y",0.110171025725079,"N",TRUE,0.889828974274921,FALSE
11521,"Y",0.401158930285375,"Y",FALSE,0.598841069714625,TRUE
11530,"Y",0.634430669043218,"Y",FALSE,0.365569330956782,TRUE
11601,"Y",0.503239323429656,"Y",FALSE,0.496760676570344,TRUE
11628,"Y",0.983694187721303,"Y",FALSE,0.0163058122786972,TRUE
11632,"Y",0.922134670389821,"Y",FALSE,0.0778653296101786,TRUE
11636,"Y",0.94214669206542,"Y",FALSE,0.0578533079345795,TRUE
11653,"Y",0.993387656205239,"Y",FALSE,0.0066123437947615,TRUE
11656,"Y",0.990827409079756,"Y",FALSE,0.00917259092024358,TRUE
11660,"Y",0.989113444844357,"Y",FALSE,0.0108865551556432,TRUE
11701,"Y",0.614639374629308,"Y",FALSE,0.385360625370692,TRUE
11716,"Y",0.9916007304386,"Y",FALSE,0.00839926956140014,TRUE
11723,"Y",0.978620556262569,"Y",FALSE,0.0213794437374308,TRUE
11766,"Y",0.95941551098549,"Y",FALSE,0.0405844890145103,TRUE
11773,"Y",0.648384312744428,"Y",FALSE,0.351615687255572,TRUE
11820,"Y",0.225359089044202,"N",TRUE,0.774640910955798,FALSE
11829,"Y",0.924594264596118,"Y",FALSE,0.0754057354038823,TRUE
10056,"Y",0.987949492151634,"Y",FALSE,0.0120505078483664,TRUE
10143,"Y",0.977200179489177,"Y",FALSE,0.022799820510823,TRUE
10161,"Y",0.579564497962296,"Y",FALSE,0.420435502037704,TRUE
10337,"Y",0.989696096171205,"Y",FALSE,0.0103039038287953,TRUE
10447,"Y",0.872892319975174,"Y",FALSE,0.127107680024826,TRUE
10509,"Y",0.797189227290025,"Y",FALSE,0.202810772709975,TRUE
10524,"Y",0.373075894532173,"Y",FALSE,0.626924105467827,TRUE
10538,"Y",0.887261786218197,"Y",FALSE,0.112738213781803,TRUE
10634,"Y",0.740760970544526,"Y",FALSE,0.259239029455474,TRUE
10636,"Y",0.789232753136479,"Y",FALSE,0.210767246863521,TRUE
10652,"Y",0.591807252908361,"Y",FALSE,0.408192747091639,TRUE
10653,"Y",0.454557171953862,"Y",FALSE,0.545442828046138,TRUE
10672,"Y",0.971231279499802,"Y",FALSE,0.0287687205001975,TRUE
10795,"Y",0.731645043408632,"Y",FALSE,0.268354956591368,TRUE
10823,"Y",0.941625808886446,"Y",FALSE,0.0583741911135544,TRUE
10843,"Y",0.861159987267381,"Y",FALSE,0.138840012732619,TRUE
10860,"Y",0.915293398329493,"Y",FALSE,0.0847066016705067,TRUE
10962,"Y",0.463200267271448,"Y",FALSE,0.536799732728552,TRUE
11117,"Y",0.990861508061368,"Y",FALSE,0.00913849193863159,TRUE
11167,"Y",0.557970026620341,"Y",FALSE,0.442029973379659,TRUE
11368,"Y",0.997744251867472,"Y",FALSE,0.00225574813252805,TRUE
11555,"Y",0.278889004887588,"N",TRUE,0.721110995112412,FALSE
11652,"Y",0.996436807111513,"Y",FALSE,0.00356319288848739,TRUE
11736,"Y",0.999639989720276,"Y",FALSE,0.000360010279724099,TRUE
10177,"Y",0.962501028263082,"Y",FALSE,0.0374989717369181,TRUE
10227,"Y",0.744871836651517,"Y",FALSE,0.255128163348483,TRUE
10280,"Y",0.215552532332489,"N",TRUE,0.784447467667511,FALSE
10410,"Y",0.131278143282919,"N",TRUE,0.868721856717081,FALSE
10459,"Y",0.999239391563393,"Y",FALSE,0.000760608436606525,TRUE
10462,"Y",0.947432138432746,"Y",FALSE,0.0525678615672537,TRUE
10635,"Y",0.958619508961055,"Y",FALSE,0.041380491038945,TRUE
10816,"Y",0.996290606060305,"Y",FALSE,0.00370939393969516,TRUE
10846,"Y",0.044553285285385,"N",TRUE,0.955446714714615,FALSE
10898,"Y",0.975512186513613,"Y",FALSE,0.0244878134863874,TRUE
10961,"Y",0.023805316042454,"N",TRUE,0.976194683957546,FALSE
11279,"Y",0.789141245940162,"Y",FALSE,0.210858754059838,TRUE
11525,"Y",0.39541128629857,"Y",FALSE,0.60458871370143,TRUE
